Name,Category,Latitude,Longitude,Address,Phone,Website,Email,OSM_ID
Unnamed Location,school,12.8772119,77.6025994,,,,,247966855
Angel Heart Montessori Play School,school,12.9187503,77.6518327,,,,,263472508
Swamy Vivekananda Primary and High School,school,13.0483112,77.6342169,,,,,391929291
Golden Chariot Public School,school,13.0989262,77.6350463,,,,,410861199
Manasa Public School,school,13.0557708,77.6327504,,,,,412681648
United Public School,school,13.0384174,77.6387738,,,,,417894271
Sinclairs High School,school,13.0317498,77.6437784,,,,,443615521
Sacred Hearts Girls School,school,12.9694218,77.6033897,,,,,459811954
Gopalan International Schoool,school,12.9853135,77.7183757,"Basava Nagar Main Road, Hoodi, Mahadevapura, Bangalore, 560048",,,,514307734
Hoodi High School,school,12.9934221,77.7167666,Hoodi Main Road,,,,518624061
Carmel High School,school,12.9885908,77.5442935,,,,,529780984
Stella Maris School,school,13.0064539,77.5780313,Sankey Tank Road,,,,573333532
Madrasa-e Arabiya,school,12.9430867,77.5994637,,,,,579371985
B. P. Indian,school,13.0011737,77.5683395,,,,,598212615
Father Mathews School,school,13.0457661,77.5416305,,,,,598947938
Vani Vilas,school,13.0092653,77.5621798,,,,,608492745
St. Sara's School,school,12.946945,77.6175314,,,,,662761071
Deccan school,school,12.9921674,77.5683888,,,,,663604695
Anganavadi,school,12.991587,77.5684205,,,,,663604698
Government School,school,12.9496275,77.6139658,,,,,663604709
Methodist church school,school,12.9497624,77.6143357,,,,,663604710
Adithya public school,school,12.9499206,77.6151518,,,,,663604714
Nagasena Vidyalaya,school,13.0140892,77.5760778,CV Raman Avenue,,,,663920339
Advanced Animation Academy,school,13.0089647,77.580665,,,,,664332022
Vasavi Education Trust School,school,12.9081457,77.5929709,,,,,665727324
Naasih Montessori Public School,school,13.0016772,77.6138117,,,,,859809191
"St Josephs Eng Pri Sch, B T M Layout W No 65",school,12.9141469,77.6116922,,,,,949313546
Auden Public School,school,12.9381024,77.543378,,,,,953435253
Auden School,school,12.9323436,77.5437984,,,,,953685844
Drishya,school,13.1048022,77.5810644,,,,,959252342
SM English School,school,12.9846765,77.7183953,"Basava Nagar Main Road, Hoodi, Mahadevapura, Bangalore, 560048",,,,962904402
Mother Montessori House of Children Pre-school,school,12.985118,77.679021,,,,,986732874
LR International School,school,12.977267,77.679729,,,,,986744080
Holy Saint English School,school,12.9217736,77.5925109,,,,,1015924248
Saraswati Vidya Mandir,school,12.9340338,77.5874849,,,,,1015924266
Good Shepherd School,school,12.9229013,77.5816474,,,,,1015924294
Nehru Smaraka Vidya Kendra,school,12.9271452,77.5778773,,,,,1015924308
Community English High School,school,12.9387689,77.5841184,,,,,1015924313
The Dunmore House Preschool,school,12.9633529,77.7314283,,,,,1066041424
Neev School,school,12.9625721,77.7476906,,,,,1078316967
Bangalore International Public School,school,12.9095131,77.5502862,Uttarahalli Main Road,,,,1085786963
Jetking Computer Hardware and Networking,school,12.9781581,77.7250546,,,,,1093355147
Green Country Public School,school,13.0592352,77.5939566,Bellary Road,,,,1097927623
Gandhi Nagar High School,school,12.9910826,77.5789046,,,,,1101617173
The New Cambridge High School,school,12.9655564,77.5417627,,,,,1108003748
Unnamed Location,school,12.979677,77.748098,Holy Cross School & College,,,,1126186796
Ubhaya Vedanta Pravarthana Sabha,school,13.0008128,77.5701799,,,,,1176722324
BGS Public School,school,12.9022641,77.4974982,,,,,1228960967
Nirmala Rani High School,school,13.0092904,77.5614979,,,,,1290107608
Prarthana School,school,12.9119447,77.5581363,,,,,1331946766
Gubbalala School,school,12.8886669,77.5411424,,,,,1331959282
Insight Academy,school,12.8929689,77.5596739,,,,,1334443053
Unnamed Location,school,13.0365701,77.6064886,,,,,1370783363
Global Chess Academy India,school,12.962267,77.530001,,+919845872499,,,1445333653
HMT Kinder Garden School,school,13.0474055,77.5445463,,,,,1462246347
Mallige School Of Nursing,school,13.0478654,77.5442244,,,,,1462246349
St. Claret PU College,school,13.0441027,77.5439669,,,,,1462247631
Saint Claret School,school,13.043392,77.5451578,,,,,1462248328
Mount Senora School,school,13.0055371,77.5254587,,,,,1463492236
Bangalore Blaze Girls High School,school,12.9582352,77.517911,,,,,1463510108
Vice Chancellor's Lodge,school,12.9377048,77.50855,,,,,1463525671
Swargarani,school,12.9125086,77.5271968,,,,,1463584104
Quality Nursing Institute,school,12.9081687,77.5373087,,,,,1463586819
Government School,school,12.9056118,77.5434456,,,,,1463591334
Poorna Prajna Education Center,school,13.0990532,77.5812916,,,,,1463617663
Unnamed Location,school,12.9170955,77.5905046,,,,,1463771564
Air Force School,school,13.0721308,77.5492982,,,,,1463790590
Bethany High School Koramangala,school,12.9404971,77.6207624,,,,,1464792933
SSM Public School,school,12.9328395,77.5638317,560085,,,,1465007911
Kamala Nehru Patashala (Emmanual English School),school,12.9339482,77.5664867,,,,,1467778589
Chaitnya nursing School,school,13.0995417,77.5861639,,,,,1467969799
Fathima's Girls High School,school,12.9968818,77.6109656,,,,,1469190367
Santosh Institute of Nursing & Research,school,12.9916626,77.6024335,,,,,1469249201
St. Francis Xavier's High School,school,12.9933042,77.6131994,,,,,1469266907
St. Joseph's Convent Girls High School,school,12.992426,77.6135802,,,,,1469266908
Holy Angel's High School,school,12.9938162,77.6144766,,,,,1469267174
RTC Girls High School,school,12.9926871,77.6141548,,,,,1469267177
Kripanidhi Cambridge Public School,school,12.9246365,77.6384508,,,,,1469643995
St Francis ICSE school,school,12.8889212,77.6252612,,,,,1469644048
Sri Kumaran Children's Home,school,12.9333166,77.5726226,,,,,1470553312
SSM Primary School,school,12.9356689,77.5699296,,,,,1470553332
Kumaran Children's High School,school,12.9329402,77.5717482,,,,,1470553357
Sharada School,school,13.0583621,77.5982875,,,,,1472121766
Little Lilly's English School,school,13.0092391,77.5478152,,,,,1472808787
Sri Vani Education Society,school,13.0037708,77.5547591,,,,,1472858834
Government Primary School Yelenahalli,school,12.867378,77.6162668,,,,,1472934583
Holy Child Convent School,school,12.9373897,77.56002,,,,,1472981138
Niveditha school,school,12.9453673,77.5672085,,,,,1473896401
SSVM GP Branch,school,12.9444263,77.5651593,,,,,1473897177
BASE,school,12.9455787,77.5679644,,,,,1473921785
Unnamed Location,school,13.0004716,77.5346306,,,,,1473930474
Gautham College of Nursing,school,13.001119,77.5411129,,,,,1474058074
Anupama English School,school,13.0000789,77.5409358,,,,,1474058087
Vasavi Polytechnic College,school,12.9737683,77.5442442,,,,,1474827899
RNS Vidyaniketan School,school,12.9619713,77.5327333,,,,,1474854776
KVV High School,school,12.9646688,77.5330893,,,,,1474854792
Indo-German School,school,13.0042548,77.6580406,,,,,1474872713
Ankur Nursery School,school,12.9719967,77.6278036,"Ankur Nursery School, Udani Layout, Cambridge Road, 560008",,,,1543969345
St. Johns High School,school,12.9655182,77.541311,,,,,1568765286
Bharat Seva Dal,school,12.9873383,77.5805314,,,,,1614268180
Shiksha Sagar High School,school,13.0323102,77.5807282,,,,,1619884915
JSS Composite PU College,school,12.9220691,77.5755122,Kanakapura Road,,,,1620352034
Bangalore Educational Society,school,12.9269543,77.5885571,,,,,1657121854
Bangalore High School(BHS),school,12.9282849,77.5868566,,,,,1657124482
Sree Rama Vidyalaya,school,12.938312,77.5843066,"9th Main, 560011",,,,1719371357
Narayana PU College,school,13.0128343,77.6673677,,,,,1724997151
Patel Public School,school,13.0143184,77.6423518,,,,,1742670069
Government Model Middle School,school,12.9818777,77.7683812,,,,,1759857708
Jain Animation School,school,12.9179899,77.5920869,,,,,1761876546
Kuvempu Smaraka Vidya Kendra School,school,12.9678471,77.7543636,,,,,1769130814
Unnamed Location,school,12.9598806,77.5640252,,,,,1789727639
BBUL Jain Vidyalaya,school,12.9540088,77.5724909,,,,,1791576981
Gnanabodhini English Pre-Primary School,school,12.9263122,77.4945152,,,,,1794110629
Unnamed Location,school,13.0034513,77.5042307,,,,,1794166354
Sahakari Vidya Kendra,school,12.9184077,77.5591112,,,,,1814593842
Government School Munekolala,school,12.9519912,77.706771,,,,,1848054126
Jnanadeepika School,school,13.0828092,77.5880986,,,,,1868767189
Capitol Public School,school,12.8880679,77.5810131,,,,,1877209119
Hennur Government School,school,13.0347257,77.6344642,,,,,1884945635
Indus Early Learning Centre,school,12.9746587,77.74526,,,,,1990864085
St Aloysius Pre Unniversity College,school,12.994291,77.6196026,,,,,2003935536
Cambridge School Kothanur,school,12.886025,77.5856544,,,,,2012546405
East West Institue of Technology,school,12.9759458,77.4832366,,,,,2026103149
St. Joseph's Indian Composite PU College,school,12.9689388,77.5950441,,,,,2079415303
Prarthana School,school,12.9146638,77.559228,,,,,2123565317
Bangalore Scottish School,school,12.8803576,77.5796579,"7th Main Road, 560078",9513731352,https://www.orchidsinternationalschool.com/bangalore-branches/jp-nagar/,communications.oisjp@orchids.edu.in,2173392419
Srinidhi Public School,school,12.8828036,77.5704042,,,,,2181320618
Jnana Deepthi English Primary and High School,school,12.9438068,77.542,"Near BDA PArk, 6th Main Road, Bangalore, 560085",,,,2234361363
BSVP School,school,12.9731634,77.5410962,,,,,2245734445
St Ann's School,school,12.9800113,77.5566101,,,,,2249055949
St Mira's School,school,12.9776695,77.5553656,,,,,2249058820
New Baldwins School,school,13.0141643,77.6575124,,,,,2272446785
Vinayaka Vidya Samsthe,school,12.9369041,77.5577545,"Vinayaka Vidya Samsthe, 1st Main Road, Srinivasa Nagar, Bangalore, 560050",,,,2332679567
Little Lilly's chool,school,13.0763182,77.5569872,,,,,2335452268
Government School,school,12.9812737,77.7333977,,,,,2411618321
Mother Mary English School,school,13.0054674,77.6482717,,,,,2473242531
Unnamed Location,school,13.0053531,77.7550286,,,,,2474969412
Pinewood High School,school,12.9751013,77.5311252,"Next to Shobha Hospital, Vijayanagar, Nagarabhavi Road, Bangalore, 560040",,,,2480884735
Cordial High School,school,12.9754931,77.5324927,"Vijayanagar, 11th Cross, Bangalore, 560040",,,,2480884762
New Baldwin School,school,12.9322822,77.5981308,"Bengaluru, 560041",,,,2523956870
Government School,school,12.9669946,77.591066,,,,,2577218151
Soundarya Institute of Management,school,13.0706671,77.4939828,,,,,2641946757
UAS School,school,13.0292523,77.5829489,,,,,2665993754
Ekya School,school,12.9076665,77.596728,,,,,2677285854
Sri Ram Driving School,school,12.9003488,77.6271298,,,,,2720498307
Aradhana Academy,school,12.8847019,77.5917498,,,,,2855634916
New Arvind Memorial School,school,12.8947594,77.6150069,,,,,2892761118
St Teresa Hps Begur,school,12.8730251,77.6260135,Begur,,,,2907073150
St Teresa Hs,school,12.8737507,77.6259345,,,,,2907073152
Udaya School,school,12.9700741,77.5361839,,,,,2975331590
Carmel School Ground,school,12.9242219,77.518945,,,,,2996236148
St. Marks School,school,12.9145163,77.5987874,,,,,3016090370
Rajarajeshwari School,school,13.0610953,77.5540677,,,,,3017485739
KKN coaching classes,school,12.9387638,77.5511668,,,,,3057166709
Unnamed Location,school,12.9596512,77.7026729,,,,,3205834304
Good To Excellence,school,12.9167733,77.6110998,,,,,3264822806
IBS business school,school,12.8982,77.4640772,,,,,3280224386
Casa de Bambeino Montessori,school,12.9780057,77.6431739,,,,,3370094147
DQ Labs,school,12.9737451,77.6415863,,,,,3370167135
CNK Reddy College of Business Management.,school,12.9770253,77.6362533,Indiranagar Double Road (Paramahansa Yogananda road),,,,3370279041
The Oxford Secondary School,school,12.9098297,77.5811845,,,,,3377391054
The Oxford English School,school,12.9095133,77.5812489,,,,,3393457972
The Oxford Senior Secondary School,school,12.9098297,77.5812542,,,,,3393457974
The Oxford Primary School,school,12.9100822,77.5815125,,,,,3393478954
Kannada Government School,school,12.9949932,77.6635028,,,,,3451676381
Bangalore Montessori High School,school,12.9561948,77.6376138,,,,,3453556782
K.R.L.S. Patel Rama Reddy English High School,school,12.9552332,77.6374003,,,,,3453556790
Eye Level Learning Center,school,12.9419581,77.6227858,,,,,3463769188
Nammura Government Model Primary School,school,13.0353468,77.5263173,,,,,3541202424
BET Convent,school,12.9209531,77.5213014,,,,,3546831488
Info Era - Software training institute,school,12.9801741,77.6372856,,,,,3556214255
Srs English Nursery School,school,12.9482223,77.5990903,,,,,4062014291
Rose of Sharon Nursery School,school,12.9790633,77.6439187,,,,,4101616565
Rakum school for blind,school,12.9792948,77.6433912,,,,,4101957726
Government School,school,12.9615699,77.5804526,,,,,4130960995
Government Primary School,school,12.9814182,77.6659562,,,,,4171468392
Godwin English School,school,12.9665259,77.5670902,,,,,4194065600
Little Aryans,school,12.8819897,77.5825547,"2nd Main Road, 560078",,,,4279512889
Reliance,school,12.9581905,77.6169398,,,,,4292885994
M S Ramaiah University of Applied Sciences,school,13.0184747,77.5091024,"3rd main road, 560058",+918045366666,https://www.msruas.ac.in/,uas@msruas.ac.in,4307201089
GHPS Yellukunte,school,12.9056484,77.6414765,,,,,4377743080
Marian Kids,school,13.026938,77.6041637,,,,,4386500114
"Mona Nursery, Primary and High School",school,13.0276254,77.6043712,,,,,4386500119
Vagdevi Vilas super school,school,12.9458064,77.710759,,,,,4417326240
Government Higher Primary School Devarabisanahalli,school,12.9236532,77.6914948,"Panathur, Chandana, Devarabisanahalli, Bellandur,, Bengaluru, 560103",,,,4443782275
Greenvalley high school,school,12.8920481,77.5719005,"Jakkana Kuppe Village, bengaluru, 571438",,,,4444314218
Hani Foundation Montessori,school,12.8867987,77.5675026,"Konanakunte-Uttarahalli Road, 560062",,,,4445144989
Sri Chaitanya Techno School,school,12.913853,77.5426932,"Banashankari 3rd Stage, Ramanjaneyanagar, Chikka Kalsandra, Arehalli, Uttarahalli Hobli, BANGALORE, 560061",,,,4445177902
Narayana e-Techno School,school,12.8963221,77.5784799,"Near R N S Motors, GB Palya, Hosur Road, Near Bommanahalli Signal, Bommasandra Industrial Area, BANGALORE, 560068",+9170222 93935,narayanaetechnoschools.com,,4445183051
Chrysalis Kids,school,12.9640704,77.7495412,"Sita Lakshmi ITPL Rd, AECS Layout - A Block, AECS Layout, Brookefield, bangalore, 560037",+9189515 11406,https://chrysaliskids.com/,,4445697807
East West Academy,school,12.9834865,77.5515572,"Near Bhashyam Circle Beauty Spot Park, 63rd & 64th Cross, 5th Block, Rajajinagar, Bangalore, 560010",+91080 2315 7577,eastwestacademy.in,,4445860418
High School,school,12.9215701,77.6633011,"Agara Post, Sarjapur Main Rd, Iblur Village, Bellandur, Bengaluru, 560102",,,,4447006477
Government Higher Primary School,school,12.9369877,77.6875894,"Panathur, Chandana, Bengaluru karnataka",,,,4447105943
Traffic Police Station Kamakshipalya,school,12.9879713,77.5402233,"4th Main Rd, KHB Colony, Basaveshwar Nagar,, Banglore, 560079",,,,4447535055
"CMS Business School, Jain University",school,12.9030471,77.5851583,"17th Cross Road, 560 078",+91 80 4343 0400,http://www.bschool.cms.ac.in,bschool@cms.ac.in,4456223691
RMS International School,school,12.8922387,77.5655484,,,,,4456280292
NIIT,school,12.8915698,77.5652629,Kanakapura Road,,,,4456338990
Bright Way School,school,12.9053331,77.5533196,"12th main road , BHCS layout, 560061",,,,4463206796
Sri Ravishankar Vidya Mandir,school,12.9703809,77.6522753,,,,,4472371591
Government Primary School,school,12.9459897,77.6719357,,,,,4474702395
Prasad Vidya Mandir,school,12.9474274,77.6808752,,,,,4474824189
Prasad Vidya Mandir,school,12.9480263,77.6817564,,,,,4474836390
Indian High School,school,12.9938105,77.5458656,,,,,4477057221
Dr Ambedkar Nursery Primary & High School,school,12.9624108,77.6481803,,,,,4512052990
Mother Mary English School,school,12.9761276,77.652898,,,,,4512115990
St. Thomas Public School,school,12.9759235,77.6526652,,,,,4512140989
Prajawal Nursing school,school,12.9853579,77.4791733,"Magadi Road, 560091",,,,4516825791
Government school,school,12.984899,77.4812378,,,,,4541383689
Government Primary School,school,12.9741482,77.6513232,Rama Temple Road,,,,4602997690
Kumon Education Center,school,13.0042862,77.5488857,,,,,4607641672
Kingston school,school,13.0264736,77.599251,,,,,4697854891
ಶ್ರೀ ಕೃಷ್ಣ ಪಿ ಯು ಕಾಲೇಜು,school,12.9314007,77.5577461,560085,,,,4701113489
Government School,school,12.8763018,77.6030612,,,,,4702606094
Government School,school,12.8782079,77.6026104,,,,,4714399093
Lords School,school,12.8771444,77.6021148,,,,,4714437394
Cambridge School,school,12.9588237,77.5936181,,,,,4843100425
BKS,school,12.983464,77.6135965,,,,,4844863355
Purvankara academy of excellence,school,12.9749455,77.6197537,,,,,4846789824
Driving school for all types of cars,school,12.9479719,77.5937414,,,,,4849094830
Govt. Urdu English Medium High School,school,12.9447229,77.5945885,,,,,4849575711
St George High School,school,13.0311434,77.6691847,,,,,4851692297
Sunshine Childrens Home and School,school,13.0309806,77.6682208,,,,,4851692299
Unnamed Location,school,12.9290086,77.5894098,,,,,4859555724
Unnamed Location,school,13.006508,77.6452745,,,,,5080786067
Unnamed Location,school,13.0085915,77.64736,,,,,5080801905
Rays Academy For Learning,school,12.8938836,77.556381,,,,,5103929761
Footprints Preschool and Daycare,school,12.9795928,77.7506994,"Whitefield Main Road, 560066",9654999677,https://www.footprintseducation.in/,,5165419321
Kinder Castle,school,12.9771755,77.646499,,,,,5193916611
Dhurii,school,12.9690381,77.6483419,"Jeevan Bhima Nagar 10th Main Road, 560075",,,,5248946022
Kinto School,school,12.9629891,77.551268,,,,,5259390022
Kinto High School,school,12.9610936,77.5468666,,,,,5259390023
Jawahar School,school,12.9634851,77.5529474,,,,,5259394922
MediBase,school,12.9366134,77.5483683,,,,,5304601862
KKN coaching classes,school,12.9369584,77.5486218,,,,,5304601865
Raghav's Coaching Centre,school,12.9523571,77.5773644,,,,,5306751760
Janana Deepthi School,school,12.940807,77.5416769,,,,,5348591335
Holy Shepherd English High School,school,12.9790489,77.6390579,,,,,5738230321
Unnamed Location,school,12.9269166,77.5850456,"32 Cross Road, 560011",9945988820,http://www.etestzone.com,support@etestzone.com,5925868185
Tiny Angels English Primary School,school,12.8999597,77.5856543,,,,,6081211670
GHPS Anjanapura,school,12.8620102,77.5641166,,,,,6276405887
GHPS Agara,school,12.9237787,77.6501646,,,,,6346914856
GHPS Aralakunate,school,12.8982752,77.6515095,,,,,6346934417
GHPS Arakere,school,12.8841602,77.6017702,,,,,6346979892
Budda HPS BTM layout,school,12.9191035,77.6147674,,,,,6347011498
GHPS NS Palya,school,12.9087935,77.6045543,,,,,6347037472
Vidya Jyothi KHPS BTM Layout,school,12.9141446,77.6160973,,,,,6347042239
BET Mahadeshwar Nagar,school,12.9066742,77.6109339,,,,,6347046521
GKHPS Vivekangara,school,12.9552253,77.6210383,,,,,6347074655
GTELPS Vivekanagara,school,12.9551126,77.6210785,,,,,6347080518
GHPS Beratena Agrahara,school,12.8673681,77.6559799,,,,,6347228492
St Peter Ntm School Doresanipalya,school,12.8982373,77.5980542,,,,,6347237722
Gnanaprakasham KHPS Bilekalli,school,12.8992326,77.6033285,,,,,6347270755
GHPS Bilekalli,school,12.8998165,77.6083074,,,,,6347274963
GKHPS Bommanahalli,school,12.9064542,77.629646,,,,,6347299242
GUHPS Bommanahalli,school,12.9057047,77.6271138,,,,,6347309061
GHPS Venugopal Nagar,school,12.8722269,77.5995362,,,,,6348719364
GUHPS Subhash Nagar,school,12.8733,77.6392183,,,,,6348722007
GHPS Chunchaghatta,school,12.885891,77.5738805,,,,,6348741188
GUPHS Arblen,school,12.96555,77.6061116,,,,,6348761817
GHPS Doopanahalli,school,12.9673592,77.639208,,,,,6348764653
GHPS Devarachikkana Halli,school,12.8887812,77.6158231,,,,,6348775331
GHPS Gottigere,school,12.8590074,77.5890223,,,,,6348786153
GHPS Kembathhalli,school,12.8572549,77.576942,,,,,6348790816
GMPS Hongassandra,school,12.896159,77.6243027,,,,,6348821760
Svs HPS Hongasandra,school,12.8910839,77.627282,,,,,6348823186
GHPS (K) Jogupalya,school,12.9723069,77.6302852,,,,,6348823859
GUHPS Jogupalya,school,12.9706487,77.6311063,,,,,6348827978
Sri Ramakrishna HPS Ulsoor,school,12.9760932,77.6293447,,,,,6348833682
GMPS Marp Adugodi,school,12.9411408,77.6120178,,,,,6348845055
GUHPS Rajendranagar,school,12.9475264,77.6171647,,,,,6348847356
Koramangala K&T HPS,school,12.94766,77.6182798,,,,,6348868701
Long Memorial HPS,school,12.942581,77.6089966,,,,,6348871070
GMPS Koramangala,school,12.9436634,77.6189383,,,,,6348880655
Shivaganga HPS Koramangala,school,12.94917,77.6188547,,,,,6348899089
GHPS Kothanur,school,12.8764315,77.5786186,,,,,6348900704
GHPS Dairy Colony,school,12.9386863,77.6072286,,,,,6348906937
GHPS Lakkasandra,school,12.9438378,77.6000871,,,,,6348945618
GHPS Suddagunte Palya,school,12.9305952,77.6083105,,,,,6348945619
GMPS Munichinnappa Adugodi,school,12.9442879,77.6069753,,,,,6348958422
GUHPS Lakkasandra,school,12.9431126,77.5995158,,,,,6348971753
Chikanna Madevi HPS Venkatapur,school,12.9217806,77.6363478,,,,,6348976690
Government Model Public School Venkatapura,school,12.9207382,77.6338341,,,,,6348981034
GHPS Ksrp Koramangala,school,12.9243486,77.6325688,,,,,6348984684
Sri Sathyanarayana HPS Madival,school,12.9244734,77.6185744,,,,,6348996832
GUHPS  New Tavarekere,school,12.9199038,77.6087264,,,,,6348998895
GHPS Tavarekere,school,12.9218216,77.61023,,,,,6349000293
GHPS Eegipura,school,12.9447434,77.6296536,,,,,6349003902
GUHPS Madivala,school,12.9221808,77.619154,,,,,6349007390
Mahanagara Palike HPS Neelasandra,school,12.9547967,77.6116127,Neelasandra,,,,6349011311
GUHPS Neelasandra,school,12.9174015,77.6036834,Neelasandra,,,,6349012849
GHPS Parappana Agrahara Centra,school,12.8814541,77.6674463,,,,,6349022511
GHPS Ksrtc Shanthinagar,school,12.9539725,77.6004211,,,,,6349031908
Shanthi KHPS Vinayakanagar,school,12.9533162,77.6005694,,,,,6349040951
GKHPS Yalagondana Palya,school,12.9639537,77.6161707,,,,,6349045454
GKMPS Wilson Garden,school,12.9482206,77.5968593,,,,,6349052554
Government Urdu Higher Primary School,school,12.9296754,77.5965327,,,,,6349067615
St Michael LPS Shanthinagar,school,12.9555605,77.5978653,,,,,6349074612
Sadhguru Sai Baba HPS Roopena Bommanahalli,school,12.9103875,77.6249479,,,,,6349078203
GKHPS Yadiyuru,school,12.9308215,77.5756443,,,,,6349080102
NSVK Kannada School Jayanagar,school,12.9275465,77.5757852,,,,,6349082322
Vijaya HPS Jayanagar,school,12.9357317,77.57751,,,,,6349089553
Panchavati Vidyamandira Jayanagar,school,12.9274871,77.5888165,,,,,6349168143
GHPS Konanakunte,school,12.8873821,77.5688673,,,,,6349173947
GHPS Jambusavari Dinne,school,12.8655347,77.5815146,,,,,6349178484
Jnanajyothi HPS Nekarara Colony,school,12.8474735,77.5840074,,,,,6349188814
GMPS Nekarara Colony,school,12.8435532,77.5850056,,,,,6349192885
GHPS Kodichikkana Halli,school,12.9006028,77.6201862,,,,,6349202586
Maruthi KHPS Willson Garden,school,12.9492633,77.5974085,,,,,6349206826
Sahakari Vidyakendra AHPS Jayanagar,school,12.9180064,77.5978472,,,,,6349215701
GHPS Gurappana Palya,school,12.9188794,77.605562,,,,,6349222321
GHPS Puttayyana Palya,school,12.9197208,77.5940053,,,,,6349228135
GUHPS New Gurappana Palya,school,12.9242342,77.6041393,,,,,6349232637
GUMHPS Old Gurappana Palya,school,12.9224842,77.6058977,,,,,6349248890
Saint Anthony Higher Primary School,school,12.9264405,77.6000111,,,,,6349268338
Ganapathi Vidyamandir V V Puram,school,12.9523143,77.5817969,,,,,6349285856
GHPS Tilak Nagar,school,12.9314978,77.5995415,,,,,6349293094
Kumarans HPS Jayanagar,school,12.9179833,77.5903119,,,,,6349326162
GHPS Ibaloor,school,12.921317,77.6634399,,,,,6349331870
GHPS Byrasandra,school,12.933863,77.5910009,,,,,6349346578
GHPS(U) Byrasandra,school,12.9329465,77.5918045,,,,,6349356487
Tejaswini KHPS Yadiyur,school,12.9308366,77.5882379,,,,,6349390139
Adarsh KHPS,school,12.9306021,77.589132,,,,,6349412964
Shree Sangameshwara KHPS Byrasandra,school,12.9339884,77.5906546,,,,,6349430485
GUHPS V V Puram,school,12.9544133,77.5821593,,,,,6349451119
GHPS Lalbhag Siddapur,school,12.9458038,77.5884207,,,,,6349491619
GMPS Puttenhalli,school,12.8975384,77.582022,,,,,6349500173
Sangameshwara HPS Byrasandra,school,12.9116316,77.6023166,,,,,6349534102
Padmavathi HS Suddagunte Palya,school,12.9475906,77.6117497,,,,,6349544678
GUHPS Mangammana Palya,school,12.9042134,77.6350512,,,,,6349546960
St Miras HPS Ulsoor,school,12.9685408,77.6288761,,,,,6349556765
Kairaliketan HPS Jogupalya,school,12.9766881,77.6282174,,,,,6349564529
GHPS Appareddypalya,school,12.9741197,77.6374384,,,,,6349565035
St. Mary's Euphrasia School,school,12.9675192,77.603794,,,,,6349571364
GUMPS Tank Garden Arekempanahalli,school,12.9446007,77.594691,,,,,6349577893
GKHPS Hari Nagar,school,12.8772854,77.5701703,,,,,6349580757
GULPS Hari Nagar,school,12.8779168,77.5704224,,,,,6349585531
GMPS Hulimavu,school,12.8763234,77.6028969,,,,,6349589920
Francescon S G Palya,school,12.93132,77.6088007,,,,,6349591431
Sacred Heart Boys Primary School,school,12.9664376,77.6101244,,,,,6349597045
"Brilliant HPS HSR Layout, BBMP Agara",school,12.9177887,77.648656,,,,,6400226653
"GULPS Parangipalya, BBMP Agara",school,12.9097245,77.650152,,,,,6400279714
"Mount Carmel EHPS HSR Layout, BBMP Agara",school,12.9137798,77.6484692,,,,,6400298824
"Florence Public School 4th Blk, Anjanapura",school,12.8586411,77.5626375,,,,,6400386412
"Mvs HPS, Anjanapura",school,12.8598087,77.5677765,,,,,6400392576
Aradhana KHPS Arakere,school,12.8851154,77.5917402,,,,,6400468408
Dayana Memorial HPS Arakere,school,12.8888039,77.6057027,,,,,6400494675
"Marry Immaculate School, Arakere",school,12.8869151,77.6028827,,,,,6405531177
"Divya Jyothi HS, Arakere",school,12.8847701,77.6080296,,,,,6405552609
"J P Vidyakendra School, Arakere",school,12.884049,77.6042452,,,,,6405566811
"Shine Eng School, Arakere",school,12.884934,77.5906518,,,,,6406118217
Shri Sharada Vidyanikethana Arkere,school,12.8863886,77.6095157,,,,,6406173608
"Aradhana EHPS Arakere, Arakere",school,12.8846325,77.5920843,,,,,6406180475
"Hillside Public LPS Ns Palya, B T M Layout W No 65",school,12.9071902,77.6067335,,,,,6406473545
"Sri Balamuri Vidya Samste LPS, B T M Layout W No 65",school,12.9087576,77.6025747,,,,,6406473546
"Vidya Jyothi EHPS ,B T M Layout W No 65",school,12.9138593,77.6153672,,,,,6408147708
"GLPS(U) Madina Nagar, B T M Layout W No 65",school,12.9063746,77.6097578,,,,,6408161122
"Green Paschers KHPS Ns Palya, B T M Layout W No 65",school,12.9105841,77.6008291,,,,,6408164827
"M E S HPS Kuvempunagar, B T M Layout W No 65",school,12.9090967,77.6121578,,,,,6408863490
"Jnanadegula HPS, B T M Layout W No 65",school,12.9190975,77.6148608,,,,,6408920610
"Our Lady Fathima HPS, B T M Layout W No 65",school,12.9219732,77.6156311,,,,,6408950782
"Star Ablaze Trust Sch, B T M Layout W No 65",school,12.9061539,77.6112382,,,,,6408962857
"Babymirror HPS Vivekanagar, Austin Town W No 71",school,12.9572323,77.6179802,,,,,6408981408
"Bala Aesu Vidyalaya HPS Viveka, Austin Town W No 71",school,12.9541946,77.6185446,,,,,6408995812
"Infant Indian HPS Neelasandra, Austin Town W No 71",school,12.9566503,77.6154402,,,,,6409085052
"Karnataka Vidya Shala (KVS)HPS, Austin Town W No 71",school,12.9575753,77.6140476,,,,,6410768087
"Shanthinikethan HPS Vivekanag, Austin Town W No 71",school,12.9531262,77.6204588,,,,,6420770985
"Elight HS, Austin Town W No 71",school,12.9517387,77.6130259,,,,,6420920996
"Reliance School, Austin Town W No 71",school,12.9568361,77.6137517,,,,,6422297356
GLPS Basavanapura,school,12.8450701,77.5941913,,,,,6422302288
"Act Secondary HPS , Beratena Agrahara",school,12.8661456,77.6585897,,,,,6422320802
"St Joseph Eng Sch Hosur Road, Beratena Agrahara",school,12.8685514,77.6557291,,,,,6422335745
"Oxford School, Beratena Agrahara",school,12.8757154,77.6568415,,,,,6422425448
Silicon City HPS Bommana Halli,school,12.8984964,77.6203713,,,,,6422436022
Royal Convent HPS Bommana Hall,school,12.902802,77.6049954,,,,,6422472320
St Joseph HPS Bommana Halli,school,12.9061288,77.6243998,,,,,6422479067
Dileep HPS Bilekalli,school,12.8966211,77.6075885,,,,,6422515985
Mgs Infant LPS Bilekalli,school,12.8986518,77.6073698,,,,,6422523984
"Blue Star Education Trust, Bilekalli",school,12.8953975,77.6108776,,,,,6422527365
"Shantinketan Trust Sch, Bilekalli",school,12.9008131,77.6088442,,,,,6422529781
Teresa Pub Sch Bilekahalli,school,12.8952857,77.6082654,,,,,6422536123
Ankith HPS Bilekalli,school,12.900731,77.6047963,,,,,6422554513
"Orchid English School, Bilekalli",school,12.8909372,77.6091428,,,,,6422573848
Al Rahi Edu Sch Bommanahalli,school,12.9050686,77.6351798,,,,,6422577408
"Chinmaya Vidya Mandira, Bommana Halli",school,12.8996038,77.6515434,,,,,6422582704
"New Cambridge Convent &HS, Bommana Halli",school,12.9080891,77.6242973,,,,,6422587417
"EHPS New Francis, Bommana Halli",school,12.9043475,77.6205177,,,,,6422593981
English Higher Primary School,school,12.9065455,77.6214942,,,,,6422598568
"New Bharat International Kudlu Gate, Bommana Halli",school,12.8901178,77.6409735,,,,,6422614289
"Lorven Pub Sch, Bommanahalli",school,12.9037178,77.6257972,,,,,6430430717
The Selony LPS Begur,school,12.8826959,77.6265059,,,,,6430475977
"St Pauls School, Begur",school,12.8780562,77.6167931,,,,,6430493134
"Priyadarshini School, Begur",school,12.8755953,77.6388735,,,,,6430517785
"Cresent Eng School, Begur",school,12.8714779,77.6355626,,,,,6430532645
"Little Angel Eng School, Begur",school,12.8706196,77.638,,,,,6437573479
"GLPS Subhash Nagar, Begur",school,12.8707092,77.6384891,,,,,6437580355
"Jnanajyothi Eng School, Begur",school,12.8808502,77.6370167,,,,,6437760193
"Tilak English School, Bommana Halli Cmc",school,12.9013007,77.6363305,,,,,6437780198
"Janak Vidyalaya, Bommana Halli Cmc",school,12.8838456,77.5952932,,,,,6437807460
"New Nobal School Arkere, Bommana Halli Cmc",school,12.8903452,77.5906449,,,,,6437860735
"GLPS Basapura, Basapura",school,12.8655289,77.6471089,,,,,6438094032
"The Paradise Residential Sch, Basapura",school,12.8657376,77.645392,,,,,6438097400
"Carmel Jyothi LPS, Chunchanagatta",school,12.8898311,77.5728954,,,,,6438101117
GLPS Chikkabegur,school,12.8801561,77.6341829,,,,,6438105185
"Begur Channarayappa Ramiya, Chikkabegur",school,12.8818317,77.6358456,,,,,6438107328
GLPS Chikkatoru,school,12.8575245,77.6534136,,,,,6438110969
"Pragathi School, Chikkatoru",school,12.8628345,77.6508047,,,,,6438128850
Vidyanikethan Ehp Dommalur,school,12.9562148,77.6373162,,,,,6438148285
Bangalore Montessori Eng School,school,12.9554582,77.6374537,,,,,6442682034
GHS Dommalur,school,12.9594084,77.6402102,,,,,6469091066
New Shanthiniketan Eng Convent,school,12.8775539,77.6700895,,,,,6494392041
Newton Public School,school,12.9066837,77.6354232,,,,,6494534450
Sujana Convent,school,12.872912,77.6581646,,,,,6494555050
Bloosom Sch,school,12.8946717,77.6234961,,,,,6494578596
Blue Bel Public School,school,12.8719195,77.6590904,,,,,6494585382
New Pecidencny Public School Icse,school,12.9057779,77.6221591,,,,,6494672785
New Madar Teresa,school,12.9000115,77.6452749,,,,,6494721727
EHPS Baldwin School,school,12.9102228,77.6357046,,,,,6494851124
St Philomina English School,school,12.8892307,77.6184252,,,,,6496775856
Nightingale English School,school,12.8933125,77.6134451,,,,,6496795658
Silicon Vally LPS Gottigere,school,12.8569301,77.5854776,,,,,6496798356
"Sri Ramakrishna C E Kendra,Gottigere",school,12.8656934,77.5860168,,,,,6496810726
GHS Gottigere,school,12.8525231,77.5877651,,,,,6496814726
"Little Angels, Gottigere",school,12.8546645,77.5879146,,,,,6496824065
"Sudarshan Public School (cbse), Gottigere",school,12.859947,77.590048,,,,,6496835649
"Bright Future LPS Garvebhavi Palya,",school,12.8946113,77.633992,,,,,6496853668
Mekale HPS,school,12.8935005,77.6442533,,,,,6510096877
Mathas Education Society,school,12.891396,77.6340809,,,,,6510130946
"Rajrajeshwari HS, Garvebhavi Palya",school,12.8911632,77.6359252,,,,,6528157314
"Ves HS, Garvebhavi Palya",school,12.8959096,77.6352778,,,,,6528174729
"Adarsha Edu Centre HPS , Hongasandra 1",school,12.8915456,77.6250974,,,,,6528187028
"Sahyadri EHPS, Garvebhavi Palya",school,12.8866375,77.6344577,,,,,6528190736
"Mother Theresa HS, Hongasandra 1",school,12.8934705,77.6307067,,,,,6528196662
"Gnanabharathi HPS , Hongasandra 1",school,12.8974858,77.6302097,,,,,6528204204
"Oxford HPS, Hongasandra 2",school,12.8956428,77.6265101,,,,,6528208622
"Anikethan Pub Sch , Hongasandra 1",school,12.8999361,77.6264784,,,,,6528217093
GTLPS jogupalya,school,12.9723602,77.6304912,,,,,6531687424
"GULPS Jogupalya,",school,12.9740521,77.6273143,,,,,6531788004
"GLPS Gowthamapura, jogupalya",school,12.9696041,77.6243903,,,,,6531889492
"Thrishool School J P Nagar, Jaragana Halli 1",school,12.9032482,77.5787159,,,,,6531907477
"Holy Mother HPS J P Nagara, Jaragana Halli 1",school,12.8959609,77.5886375,,,,,6531910522
"Jyothi Kendriya Vidyalaya HPS, Jaragana Halli 1",school,12.8951036,77.5703915,,,,,6531919903
"Sri Vidyanikethan HPS Jaragana, Jaragana Halli 1",school,12.9020965,77.57588,,,,,6531943351
"Vivekananda HPS, Jaragana Halli 1",school,12.8991056,77.5763195,,,,,6531954352
"Shreyas School Jaraganahalli, Jaragana Halli 1",school,12.9040441,77.574382,,,,,6531963628
"Gk&TLPS L R Nagara, Koramangala",school,12.9505983,77.6153935,,,,,6536283049
Sincere Vidyalaya Jaraganahalli 1,school,12.8996164,77.5756288,,,,,6536295717
"GLPS Rajendranagar, Koramangala",school,12.9448595,77.6170535,,,,,6536296262
"Image School J P Nagar, Jaraganahalli 2",school,12.9004587,77.5851709,,,,,6536296413
Holy Saint Eng Sch Koramangala,school,12.9356984,77.6166336,,,,,6536296450
Neena HPS Kormangala,school,12.935468,77.6172102,,,,,6536303016
Babymona EHPS Koramangala,school,12.9349547,77.6217464,,,,,6536304794
Lawrence High School Koramangala,school,12.9399342,77.6157295,,,,,6536306636
"Mes HS, Koramangala",school,12.9412382,77.6187265,,,,,6536310217
"Sunshine HPS Lr Nagar, Koramangala",school,12.9515543,77.6190638,,,,,6536319890
"Cephas Memorial Sch Rajendranagra, Koramangala",school,12.9447944,77.6172545,,,,,6536327169
Dba Reddy Janasangha Koramangala,school,12.9289663,77.6240375,,,,,6536328458
"The Little Angels School, Kothanur",school,12.8773193,77.5834526,,,,,6536353060
"Chinmaya Vidyalaya, Koramangala",school,12.9350185,77.6276797,,,,,6536356188
Sri Maruthi Edu Trust School Kothanur,school,12.881709,77.5759556,,,,,6536359408
"Sri Sarathy English School, Kothanur",school,12.8732088,77.5744133,,,,,6536363498
"Ennar School Aadithya Nagar, Kothanur",school,12.8767474,77.5725941,,,,,6536364433
"A E T School Sree Annapoornesh, Kothanur",school,12.8755011,77.5806222,,,,,6536381254
"Glissy Public School, Kothanur",school,12.8825158,77.5758676,,,,,6536384146
"Lady Wellington School, Kothanur",school,12.8833878,77.5837275,,,,,6536386707
"Jnanavikas HPS, Kothanur",school,12.8787866,77.5777581,,,,,6536406541
"Vidyakirana Public School, Kothanur",school,12.8686079,77.5841946,,,,,6536421096
"Clever Land Kottanuru Dinne, Kothanur",school,12.8779934,77.5846361,,,,,6536612869
"GLPS (U) Adugodi, Lakkasandra",school,12.9393229,77.6076781,,,,,6536678805
"LPS Girls S R Nagar, Lakkasandra",school,12.9392239,77.6018416,,,,,6536715418
"Genises Public School, Lakkasandra",school,12.9299028,77.6071901,,,,,6536731028
Kaveri Convent HPS Madivala,school,12.9207827,77.6197807,,,,,6536815092
"New Oxford HPS Jaibhimanagar, Madiwala",school,12.9196074,77.6149457,,,,,6536892723
Khalsa Public LPS Madivala,school,12.9233791,77.618714,,,,,6536936978
Padmavathi HPS Madivala,school,12.9246386,77.6149532,,,,,6536937302
New Christ Convent HPS Madival,school,12.9203588,77.6173047,,,,,6536947501
St. Sara Eng School Madiwala,school,12.9462573,77.6173121,,,,,6536955399
"A V S Convent, Madiwala",school,12.9237085,77.6116936,,,,,6536965027
Unnamed Location,school,12.9176584,77.6368501,,,,,6536971001
"Goldwyn Memorial Pub Sch Jakka, Madiwala",school,12.923222,77.6364709,,,,,6544146352
Government High School,school,13.0175291,77.5589477,,,,,6578360278
"Kamala Neharu Gandhi Tavarekere,Primary school Madiwala",school,12.9205575,77.6088459,,,,,6690648242
"St Flourence HS, Madiwala",school,12.9215986,77.6084916,,,,,6690688559
"Aditya Venkatapura, Madiwala",school,12.9173053,77.6330233,,,,,6690688892
"Indira Convent HS, Madiwala",school,12.9228196,77.6095716,,,,,6690692245
Krupanidhi HS,school,12.9210876,77.6188414,,,,,6702462302
Carmel Garden Public School,school,12.9172814,77.6319494,,,,,6702684880
RS Madivala School,school,12.9245862,77.6150716,,,,,6702757188
GLPS Mestri Palya,school,12.9331051,77.62526,,,,,6702830215
GLPS Sheenivagilu,school,12.9371426,77.6329739,,,,,6702845728
Holy Christ HPS Eegipura,school,12.9568937,77.6178658,,,,,6702845916
Modern HPS Eegipura,school,12.9417163,77.6309641,,,,,6702879198
Patriyot Vidyanikethan LPS,school,12.9372466,77.6330696,,,,,6734440133
Seema HPS Eegipura W No 68,school,12.9261765,77.6361788,,,,,6734440134
St Frances Icse School Koramangala,school,12.9248675,77.6292823,,,,,6734448697
GHS Ejipura,school,12.9447783,77.6288038,,,,,6734571279
Sathya Bama Gopal Eng HS,school,12.9500615,77.624214,,,,,6734902089
Chinmaya Vidya Kendra HPS,school,12.9401321,77.6306411,,,,,6734919588
Bright English HPS,school,12.950636,77.613165,,,,,6734977227
Methadist HPS Anepalya,school,12.9505064,77.6082572,,,,,6745250346
Christal LPS Neelasandra,school,12.9503639,77.6112572,Neelasandra,,,,6745252099
Shanthinikethan HPS,school,12.9499617,77.6182698,,,,,6745269432
Modern HPS Anepalya,school,12.9515358,77.6102985,,,,,6745306475
BES Naganathapura,school,12.8717726,77.6714141,,,,,6745433500
Sahana Vidya Mandira,school,12.8717058,77.6687097,,,,,6745434171
Credence Public school,school,12.9538525,77.613761,,,,,6745434947
GLPS Pillagana Halli,school,12.8493518,77.5819746,,,,,6745463978
Shree Vidyanikethan,school,12.8821255,77.6559921,,,,,6745841071
GLPS Parappana Agrahara,school,12.8817347,77.6597705,,,,,6745848093
"LPS Vinayakanagar,Shanthinagar",school,12.9515296,77.6017794,,,,,6745867506
Morning Glory LPS,school,12.9592835,77.5945482,,,,,6745868123
ITI Central School,school,13.0080624,77.6848145,,,,,6991350543
Sri Kumaran's English School,school,13.0090628,77.6720657,"9th Cross, Bhavani Street",,,,6991352800
Jubilee School,school,13.0053129,77.6749344,Chandrashekar Layout,,,,6991363292
Manu Kannada School,school,13.0076876,77.6683121,"3rd Cross, Subramani Layout",,,,6991371023
Sri Vani Girls High School,school,13.004793,77.553319,,,,,7104329285
Government Model Primary School,school,12.9577457,77.5338261,,,,,7156536829
B M Valley School,school,12.9417677,77.5258988,,,,,7176651698
New Oxford High School,school,12.9847669,77.5531782,,,,,7236205652
Bethesda Academy,school,12.998522,77.6157112,,,,,7255929444
Drishti School of Photography,school,13.0489609,77.6038874,"3rd Main Road, Hebbal Kempapura, Bengaluru, 560024",,,,7299151125
Nathaniel School of Music,school,13.0489518,77.6039886,"3rd Main Road, Hebbal Kempapura, Bengaluru, 560024",,https://www.nathanielschool.com/,music@nathanielschool.com,7299151126
Nathaniel School of Music,school,13.0626929,77.5898165,"10th Cross F/G Block Rd, Byatarayanapura, Bengaluru, 560092",,https://www.nathanielschool.com/,music@nathanielschool.com,7299151127
Nathaniel School of Music,school,12.9695407,77.6065569,"Al Azeez Mansion, Brigade Road, Bengaluru, 560025",,https://www.nathanielschool.com/,music@nathanielschool.com,7299151144
Kiara Music Academy,school,12.9684861,77.6483457,,,,,7299776434
"Orchids The International School, Jalahalli",school,13.047544,77.544573,"Behind PF quarters, Near HMT Theatre, HMT Colony, Sector 2, Jalahalli Village, 560013",+919513922803,https://www.orchidsinternationalschool.com/bangalore-branches/jalahalli/,communications.oisj@orchids.edu.in,7920313085
"Orchids The International School, Mysore Road",school,12.9254097,77.4986469,"#76, 6, Mysore Rd, opp. R.V.Engineering College, Harsha Layout, New Tharagupet, Bengaluru, Karnataka, 570026",9513731352,https://www.orchidsinternationalschool.com/bangalore-branches/mysore-road/,communications.oism@orchids.edu.in,7927404485
"Orchids The International School, Nagarbhavi",school,12.9771352,77.5075287,"11th Cross Road 2nd Stage, RHCS Layout, Annapoorneshwari Nagar, Naagarabhaavi, 560091",+919513922803,https://www.orchidsinternationalschool.com/bangalore-branches/nagarbhavi/,communications.oisng@orchids.edu.in,7927569085
"Orchids The International School, VijayaNagar",school,12.970057,77.5358963,"Metro Station, Near, Ramanashree Udaya Education society, 14, 18th Main Rd, Marenahalli, MC Layout,, 560040",+919513923233,https://www.orchidsinternationalschool.com/bangalore-branches/vijayanagar/,communications.oisvn@orchids.edu.in,7927589085
Orchids The International School - Mahalakshmi Layout,school,13.0116909,77.5468543,"4th Cross Rd, Mahalakshmipuram Layout, Mahalakshmi Layout, 560086",9513731352,https://www.orchidsinternationalschool.com/bangalore-branches/mahalakshmi-layout/,communications.oisml@orchids.edu.in,7927991185
St. Jhons high school,school,12.9699359,77.5077552,,+918023210044,,,7976322073
Vyasa International School,school,13.0543023,77.5685759,,,,,8012739648
Sukrupa School,school,13.0327874,77.5965496,,,,,8288337665
L.C.R. English School,school,13.0278362,77.5562995,,,,,8518513243
Lilly Rose English High School,school,12.9263406,77.6037971,"F cross, Bismillah Nagar , Bannerghatta Road, Bangalore, 560030",,,,8559578719
Unnamed Location,school,12.9588096,77.6177216,,,,,9140200220
Sambhavam - Centre for Autism,school,12.9134224,77.6048622,7th Cross Road,,,,9174433688
Government School,school,12.9141593,77.4816613,,,,,9192980649
FAME India,school,12.9236698,77.5783575,,,,,9611168916
VSS International Public School,school,12.9431662,77.4946216,,,,,9654252399
"Flourish, School Of Baking & Cake Decor",school,12.9668493,77.6068628,,,,,9741003979
Sri Sharada Nursery and Public School,school,12.9428948,77.5859861,,,,,9909079217
Bala Vidya Mandir School,school,12.986139,77.5508943,,,,,9936631185
Daffodils English School,school,13.0348455,77.5789482,"4th Main Road, 560094",,https://www.daffodils.school/,,10252983809
Anjanadri High School,school,12.9107638,77.6982487,,,,,10564871673
S.G.K. Modern Public School,school,12.899218,77.4681595,,,,,10617504196
Don Bosco High School,school,13.0655474,77.6442835,,,,,10731130855
Gnanabodhini Kannada Higher Primary School,school,12.9266736,77.4943694,,,,,10752508654
Gnanabodhini English Higher Primary School,school,12.9264043,77.4942917,,,,,10752508655
Tom & Jerry Creche,school,12.9617336,77.7133527,"Tom & Jerry Creche, 60 Ft Road, AECS Layout",,,,10760842111
Chethana Public School,school,12.8708103,77.5426386,"Kumarans School Holiday Village Road, Bangalore, 560062",,,,10801985095
Athena Public School,school,12.9569921,77.5644924,,,,,11178079817
Cohesion Montessori,school,12.8606762,77.5427075,"Vaibhava Sumukha Enclave Phase -1, Holiday Village Resort Road, Off Kanakapura Road, Mallasandra, Bengaluru",,,,11178768417
Unnamed Location,school,12.9106208,77.4835688,,,,,11248318179
The Alternative Learning Community,school,12.9736914,77.70845,,,https://www.thealternativelearningcommunity.com,,11274969773
Sri Vidya Mandir Education Society,school,13.0020724,77.5666429,,,,,11281288551
Sharada Shri Public School,school,12.929597,77.5343709,,,,,11306481636
BBMP High School,school,12.9569478,77.6015303,,,,,11602938154
St. Anne Public School,school,12.9881515,77.5905722,,,,,11676514112
Samskruthi Public School,school,12.9054582,77.5597765,,,,,11801895911
New Era Primary & High School,school,12.9043117,77.568727,,,,,11813225340
St. Thomas International School,school,12.9036411,77.5680175,,,,,11813225524
चिरंतना इंग्लिश स्कूल,school,13.0311563,77.5778161,,,,,11850255969
SJM Public School,school,13.0418385,77.6246847,,,,,11878470078
Unnamed Location,school,13.0599066,77.5586214,,,,,11932321842
RBANMs Govindammal Senior Primary School,school,12.9755065,77.6253762,,,,,12014724392
Unnamed Location,school,13.0349336,77.5278295,,,,,12016136806
Oxford English High School,school,12.9758932,77.6520407,"Church Main Road, HAL 3rd Stage, Bhoomi Reddy Colony, New Tippasandra, Bengaluru, Karnataka 560075, Bangalore, 560075",,,,12099096295
EuroKids Shantinagar,school,12.9594748,77.5947203,,,,,12109773379
St. Frazer High School,school,13.0313563,77.6209401,,,,,12265558564
Government Lower Primary School,school,12.9651511,77.7023679,,,,,12270718858
Kidzee Pre School,school,12.9003661,77.6397981,,07619438532,,,12281105101
DBM & RJS School,school,12.9291476,77.6240789,,,,,12369374732
Shubhodhini English Medium High School,school,12.9009812,77.6400573,,,,,12475405097
Kallavar Public School,school,13.1055509,77.5678968,,,,,12584979235
Divine English School,school,13.0217397,77.5562156,,,,,12676265243
Mount Blue High School,school,12.9412113,77.7469761,,,,,12872219774
BCR Public school,school,12.8814976,77.6352146,Begur Lake Road,,,,12878810901
Community Learning Center,school,12.910312,77.5939578,,,,,12941883830
Orchids The International School,school,12.8803607,77.5796688,560076,,,,12941891201
SG International Public School,school,13.0110387,77.5394468,"11th Main Road, 560096",,,,12985592701
New Learning Ladders International School,school,13.0111617,77.6613705,,,,,12988895224
Sri Vidya Mandir,school,13.0051433,77.5665532,,,,,12994477675
Sri Channakeshava English School,school,12.8703911,77.6534148,,,,,13039719355
Global/Art,school,12.9651695,77.7132267,,,,,13049395284
School Of Athens,school,12.9652449,77.7134399,,,,,13049395285
Meraki School Of Art,school,12.9669964,77.7158509,5th Main Road,,,,13049405747
Kidzee,school,12.9185982,77.6104487,16th Main Road,,,,13061852701
Gopalpur Primary School,school,13.0020286,77.7395417,,,,,13070773910
The Earth School,school,13.0072959,77.6241589,Hutchins Main Road,,,,13088666601
Little Angels Public School,school,13.0362236,77.6090759,"7th Cross Road, bangalore, 560032",,,,13103627555
Bellandur Government School,school,12.9306649,77.6760591,,,,,13460414201
Knowledgeum Academy,school,12.9232168,77.5763801,,,,,13485444597
AMB Public English High School,school,13.0359136,77.6048845,,,,,13762928997
Maple Bear Canadian Pre-School,school,12.861704,77.6011643,,,,,13775381197
Baldwin Girls' High School,school,12.9642555,77.6003306,,,,,23030047
Kidzee Play School,school,12.9118811,77.6644062,,,,,24355353
CKN English Medium School,school,12.8710715,77.6536342,,,,,24530992
Gnan Shrishti School of Excellence,school,12.9123563,77.6453097,,,,,28262977
"Government PU College,Domlur",school,12.9595095,77.6402541,,,,,31231510
Bethany High School,school,12.9406352,77.6209531,,,,,32291138
Bangalore International School,school,13.0472901,77.6467673,"Hennur Bagalur Road, Kothanur Post, Bangalore, 560 077",+91-80-28465060; +91-80-28445852,https://www.bangaloreinternationalschool.com/,info@bisedu.co.in,35185823
Carmel School,school,13.0465414,77.6427242,,,,,35909196
Kendriya Vidyalaya Hebbal,school,13.0159059,77.5756278,"KV Hebbal, Dr. CV Raman Road, Bengaluru, 560 080",,,,37107603
"Kendriya Vidhyalaya, MEG Centre",school,12.9876751,77.6147713,,,,,37136671
Delhi Public School,school,12.8933364,77.5637095,,,,,37351657
Alpine Public School,school,12.8938182,77.5627707,,,,,37351658
Kendriya Vidyalaya - ASC,school,12.9674658,77.6127266,,,,,37763936
Royale Concorde International School,school,13.0253636,77.6425209,"6th B Main (HRBR Layout), Kalyan Nagar, Bangalore, 560043",+91 80 2543 5455,https://www.rcis.in/,info@rcis.in,37827925
Royale Concorde High School,school,13.0278651,77.6406464,,,,,37828583
L.M. English School,school,13.0266727,77.6326104,,,,,38416322
Saint Charles High School,school,13.0179378,77.6369821,,,,,38421704
Fort High School,school,12.9582979,77.5734987,,,,,38752413
National College and School,school,12.9488247,77.5729782,,,,,38752414
Mitralaya Girls College,school,12.9646803,77.5889089,"Sampangi Rama Nagar, Bangalore, 560002",,,,38758707
Cathedral High School & College,school,12.9656394,77.6087878,,,,,38772821
Unnamed Location,school,12.9688369,77.6045355,,,,,38772823
Bishop Cotton Boys School,school,12.9684197,77.5992361,,+91 80 4052 7888,https://bishopcottonboysschool.edu.in/,bcbhsblr@gmail.com,38773283
St. Joseph's Indian High School,school,12.9701532,77.5951294,,,,,38773287
Kendriya Vidyalaya Malleswaram,school,13.0092841,77.568501,"18th Cross, Bangalore, 560055",,,,38832006
Poorna Pragna School,school,13.0066816,77.580846,15th Cross Road,,,,38858223
National Public School Sadashivanagar,school,13.0135247,77.5753732,"13th Main Road, Bengaluru, 560080",08029906571,https://npssadashivanagar.com/,,38858241
Sophia High School,school,12.9865923,77.586909,"Palace Road, Bengaluru, 560001",,,,38870603
Mahila Seva Samaja School,school,12.9525682,77.5728546,,,,,40629057
Karnataka Public School,school,12.943131,77.5743868,,,,,40629064
Rani Sarla Devi School,school,12.9387001,77.5859,"Jayanagar 1st Block, 560011",,,,40629075
Seshadripuram High School,school,13.1009023,77.5838617,,,,,41206235
Mallya Aditi International School,school,13.1024411,77.5835391,,,,,41206237
Kendriya Vidyalaya,school,13.0555739,77.5365404,,,,,41210246
Spastics Society of Karnataka,school,12.9808636,77.642648,"100 Feet Road, Indira Nagar, Bangalore",,,,41499025
HMT School,school,13.0441165,77.5380409,,,,,42013556
Daffodils English School,school,13.034726,77.579118,,,https://daffodils.school/,,42397792
BEL High School,school,13.0490487,77.555062,,,,,42407830
Vagdevi Vilas School,school,12.9443777,77.7100884,"Munnekolalu, Marathahalli, 560037",+91-80-6560 5850;+91-80-2849 5850;+91-80-2849 5851,https://vvi.edu.in/,info@vvi.edu.in,44883673
Government Girls High School,school,12.9921413,77.5743798,,,,,45375850
Unnamed Location,school,13.0184494,77.595658,,,,,45739922
Cluny Convent,school,13.0551707,77.540543,,,,,46243830
Unnamed Location,school,13.0300022,77.5587277,,,,,46918812
Stella Maris Convent,school,13.0066409,77.5777065,Sankey Tank Road,,,,46950393
Mariam Nilaya High School,school,13.0115276,77.6504879,,,,,46953029
Frank Anthony Public School,school,12.9713385,77.6286336,,,,,49712539
Unnamed Location,school,13.0273088,77.6527331,,,,,51130921
St Vincent Palloti School,school,13.0330707,77.651466,,,,,51132139
VES School,school,13.0068759,77.5742642,,,,,51140711
MES KK Public School,school,13.0731055,77.5530927,,,,,52025453
St. Joseph's School,school,12.962848,77.5698924,,,,,53849356
Kendriya Vidyalaya,school,12.9810875,77.5676523,,,,,53859310
Unnamed Location,school,12.9723666,77.54339,,,,,54147274
Government School,school,12.9697226,77.5441412,,,,,54147278
Unnamed Location,school,12.9655212,77.5416734,,,,,54147983
Unnamed Location,school,12.9645623,77.5417803,,,,,54148030
Prameelabhai BBMP High School,school,12.9735608,77.5482975,,,,,54148039
Cluny Convent,school,13.0046155,77.5618682,,,,,55135907
Vivekananda School,school,12.9288196,77.5876667,,,,,55675141
Government Kannada Higher Primary School,school,12.9797301,77.6285752,,,,,59358843
Kendriya Vidyalaya - RWF,school,13.1027468,77.5801742,,,,,82432642
Poornaprajna High School,school,13.0963852,77.5911416,,,,,82494614
MEC School,school,13.0965348,77.5897477,,,,,82494619
Government Model Primary and High School,school,13.0960498,77.5794323,,,,,82508419
Vibgyor High School,school,12.9486572,77.718715,"Vibgyor High School Road, 560066",+91 80 4277 7000,https://www.vibgyorhigh.com/,helpdesk.bangalore40@vibgyorhigh.com,90292782
Diya Academy of Learning,school,13.003633,77.7184473,"Kodigehalli Main Road, Ayyappanagar, Bangalore, 560036",+91-80-32953468;+919901451041,https://diyaschool.com/,brijesh.kumavat@diyaschool.com,102937348
MES Kishore Kendra,school,13.0047541,77.5641887,"Brahmi, 10th Main, 560055",,,,114786334
Canadian International School,school,13.119396,77.5942252,"Yelahanka, Bangalore, 560 064",+91-80-42494444;+91-80-64514001;+91-80-28564951,https://www.canadianinternationalschool.com/,k-12principal@cisb.org.in,117313803
Gurukul School,school,12.8682046,77.5673977,,,,,120108572
Ryan International School,school,12.9646598,77.7242705,560037,,,,122270534
Gopalan National School,school,12.9863803,77.7068884,"Graphite India Road, Mahadevapura, Bangalore",,,,122403363
The Deen's Academy,school,12.9765783,77.742023,"Opp. E.C.C, Whitefield,, Bangalore, 560066",+91-080-28454691 /4693 / 4464,https://deensacademy.com/,,122668468
Government School,school,12.9565549,77.7379526,,,,,124013167
National Public School Indiranagar,school,12.9692909,77.6466371,"Indiranagar, Bangalore",+91 80 2528 0611,https://www.npsinr.com/,info@npsinr.com,128510776
St. Thomas School,school,12.9706721,77.7475625,"Inner Circle, 560066",,,,129843837
Varthur Government High School,school,12.9427216,77.7465926,,,,,130630294
KK English High School,school,12.9327253,77.7417234,,,,,130630621
PTA School,school,12.944254,77.5865828,,,,,130989412
Sri Aurobindo Memorial School,school,12.9257824,77.5679732,"Sri Aurobindo Memorial School, 560070",,,,132910904
BEL CBSE Vidyalaya,school,13.0444977,77.5545298,,,,,133020179
ತಾಯಿ ತೆರೇಸಾ ಶಾಲೆ,school,13.0434541,77.5510744,,,,,133020314
Vasavi Vidya Nikethan School,school,12.9486891,77.5756679,,,,,133115272
Jnanodaya School,school,12.9545796,77.5679194,,,,,133116295
Soundarya School,school,13.0491979,77.5054344,,,,,133117196
Kendriya Vidyalaya CRPF,school,13.1184672,77.575678,Doddaballapur Road,,,,133125287
"Kendriya Vidyalaya, Yelahanka AFS",school,13.129696,77.6168769,,,,,133125919
Silicon City Public School,school,12.8810703,77.568899,,,,,133243116
St. John's High School,school,12.9918617,77.6130161,"St. John's Church Road, 560005",,,,133257538
Sandeepani English High School,school,13.03191,77.5759882,,,,,133297837
Shanthiniketan School,school,13.0486001,77.5755015,,,,,133467007
St. Germain's High School,school,12.9931976,77.6105474,,,,,133486238
East West Public School,school,13.0079159,77.5452028,"East West Public School, 13th Cross, Mahalakshmi Layout, 560086",,,,133596134
Fusco's School,school,12.9858359,77.6475563,,,,,135266054
Cottolengo Special School,school,12.9737412,77.7482483,,,,,136477081
Abhayadhama Human Development Center,school,12.9778778,77.7481154,,,,,136507312
Baldwin Boys High School,school,12.9625149,77.6060564,,,,,138223945
Sisa Indo-Swiss Academy,school,12.9704809,77.7504531,,,,,141454555
St. Joseph's Boys High School,school,12.9717168,77.6036369,"Museum Road, Bengaluru, 560025",,https://sjbhs.edu.in/,,141500473
Little Flower School,school,12.9317713,77.5414635,"Hosakerehalli, 560085",,,,141816745
Lourde's Boys High School,school,12.9704702,77.6290171,,,,,142374812
The Brigade School,school,13.0120876,77.557745,,,,,149418909
Siddapura Government Primary School,school,12.9558194,77.7315639,,,,,155973105
Navaprajna Public School,school,12.9566419,77.7114601,Varthur Road,,,,157204432
Lady Vailankanni School,school,12.9352698,77.7459526,,,https://www.vailankanni.org/,,158239960
St. Joseph's Convent High School,school,12.9766724,77.7495518,Whitefield Main Road,080-28457985,,sjcems2011@gmail.com,159031330
St. Peter's School,school,12.9998691,77.6843024,,,,,159852775
Government Public School,school,12.9082913,77.5783957,,,,,161298656
Kairalee Nikethan Education Trust - Indiranagar Campus,school,12.9796028,77.6390181,,,https://knetrustinstitutions.com/indira-hs.html,,165326625
Unnamed Location,school,12.9746944,77.5621754,,,,,166612475
Unnamed Location,school,12.9846189,77.5559879,,,,,166612476
Holy Cross School & College,school,12.9790583,77.7480207,560066,,http://hcscwhitefield.com/,,168345821
CMR National Public School,school,13.0228301,77.633095,,,,,169722382
Government High School and PU College,school,12.9550848,77.5323257,,,,,169806840
Outreach School,school,12.9537421,77.5938108,,,,,172899266
Unnamed Location,school,12.953617,77.5948769,,,,,172899341
Sajjan Rao School,school,12.9521538,77.5748728,,,,,172937189
GHS Adugodi,school,12.9445122,77.6067982,,,,,172947365
Clarence High School,school,13.0028911,77.6158013,"Pottery Road, Bangalore, 560005",+91 80 25470868,http://www.clarencehighschool.net/,,172952766
St. Xavier's Boys School,school,12.9869416,77.6007518,,,,,173006692
Unnamed Location,school,13.0063203,77.6148812,,,,,173039120
Sarvodaya School,school,12.9740798,77.5310831,,,,,173579771
Unnamed Location,school,12.9518935,77.7067568,,,,,174046849
Unnamed Location,school,13.0097626,77.6402272,,,,,175063893
Jyothi High School,school,13.0158191,77.6310454,"Hennur Main Rd, Saint Thomas Town, Kacharakana Halli, 540045",,,,175068138
Nightingales English High School,school,12.8932733,77.613473,"3rd cross road, bangalore, 560076",,https://www.nightingalesschool.com/,,179092126
St. Mary's High School,school,12.9887991,77.5908396,,,,,182826338
ITI Vidya Mandir School,school,13.0076062,77.6846733,,,,,188334989
Jnana Sweekar Public School,school,12.8664621,77.5339062,,,,,188431720
SJR School,school,12.9813859,77.5593257,,,,,191035698
Venkat International School,school,12.9805003,77.55978,,,,,191035701
Lady Wellington High School,school,12.8835032,77.5838983,,,,,191101727
KLE School,school,12.9787726,77.5111802,,,,,192051391
Sri Maruthi Primary & High School,school,12.8817151,77.5758856,,,,,198161707
New Kumarans School,school,12.9088231,77.5402569,,,,,202062391
Bangalore Higher Secondary School (BHSS),school,12.9411323,77.5808612,,,,,202799608
Unnamed Location,school,12.8975086,77.5820337,,,,,206841897
Maruthi School,school,13.0288063,77.6530754,MARUTHI SCHOOL,,,,207854064
Bishop Cotton Girls School,school,12.9698651,77.601741,,+91 80 4052 7888,https://www.bishopcottongirls.com/,bcbhsblr@gmail.com,208698152
Vivekananda centre,school,13.0269684,77.6004156,,,,,211067633
St Anthony's Public School,school,13.0221621,77.7005991,,,,,213366824
Janak Vidhyalaya,school,12.8838433,77.5952314,,,,,216574077
St. Aloysius High School,school,12.9938563,77.6194601,,,,,217558963
Maria Niketana School,school,13.002421,77.6268484,,,,,217558973
Sri Sarvagna School,school,12.9761734,77.5393379,,,,,219381382
Unnamed Location,school,12.9947189,77.6953987,,,,,219618426
Hamsalekha Music school,school,12.9999825,77.5421478,,,,,220553492
Max Muller School,school,12.9940136,77.5319539,,,,,222278954
Unnamed Location,school,12.9881938,77.6044806,,,,,224632095
Sri Sri Ravishankar Vidya Mandir,school,13.0814687,77.5580647,,,,,225194405
Vidyaspoorthi School,school,13.065876,77.5700774,,,,,225265458
The Regency Public School,school,13.0857283,77.5576518,,,,,225648955
Deva Matha Central School,school,13.0839628,77.55714,,,,,225648957
St. Peter's School,school,12.9147515,77.6789706,,,,,230206695
Carmel Garden Public School,school,12.9170964,77.6320097,,,,,232237163
"AECS Magnolia Maruthi Public School, Arakere",school,12.8847076,77.597022,,,,,236678607
Silicon City High School,school,12.8984865,77.6203664,,,,,237087599
Sri Chaithanya PU college Banasawadi,school,13.0074593,77.6552191,"Channasandra Main Road, Gurijiya Gutta, Bennigana Halli",,,,239548076
Sunshine School,school,13.0313671,77.6685691,"Kalkere Main Road;Horamavu Main Road, KALKERE",,,,239716193
Kalkere Government High School,school,13.0329737,77.6735738,,,,,239716960
National Public School HSR,school,12.9165286,77.6430359,,+91 80 2572 9406,https://npshsr.com,info@npshsr.com,240662779
Vagdevi Vilas School,school,12.9310799,77.7598897,,,https://www.vvsv.edu.in/,,240823217
National Public School Yeshwantpur,school,13.0303122,77.5444258,"Raghavendra Rao Road, Yeshwantpura, Bengaluru",,,,245016872
Government School,school,13.0203304,77.5543142,,,,,249906110
Chrysalis High,school,12.929682,77.7417985,,,,,251505644
Gunjuru Government School,school,12.9228787,77.7361928,,,,,251505661
Government School,school,12.9640394,77.7587532,,,,,251666165
Government School Sorahunase,school,12.9451039,77.7533333,,,,,251666166
Chaitanya School,school,13.0062625,77.704755,,,,,252086267
Amar Jyothi Public School & Pre-University College,school,13.0101494,77.7016436,,,,,252087018
Cambridge School,school,13.0110681,77.7048023,"K R Puram, Bangalore",,,,252087030
Christ the King School,school,13.0163705,77.6809787,,,,,257750531
Kowdenahalli Government School,school,13.019098,77.6815011,,,,,257750537
Sarah Montessori,school,12.9533244,77.7149448,,,,,259894700
Government Kannada High School,school,12.9903679,77.5648606,,,,,271785644
Vidyashilp School,school,13.0670066,77.5938837,,,,,275613842
The Brigade School,school,12.9989638,77.7030905,"4th Cross Road, 560048",+918041158829;+919108551684;+919108424914,https://www.brigadeschools.edu.in/the-brigade-school-mahadevapura/,tbswcommunication@brigadeschools.edu.in,283808758
Lawerence School,school,12.913746,77.6349835,,,,,286440340
BGS National Public School,school,12.877533,77.5997011,,,,,290364531
Jindal Government School,school,13.0704311,77.5289365,,,,,306519532
Iyer High School,school,13.0351357,77.5570461,"MS Ramaiah Road, Mathikere, 560054",,,,307146077
Ekya,school,12.8846993,77.5513878,,,,,307414834
JSS School,school,12.9030917,77.5103778,,,,,307414835
JSS EHPS School,school,12.9150033,77.6374858,"14th Main Road, Bengaluru",,https://jsspshsr.com/,,313827394
Basaweshwara School,school,12.9943157,77.5532784,,,,,314079480
NCFE School,school,12.9790506,77.6739877,,,,,314210261
NPS Sarjapur,school,12.9073227,77.716133,,,,,318030809
Shishya BEML Public School,school,12.9730342,77.6690277,,,,,323037303
"Cambridge Public School, BBMP Agara",school,12.9185158,77.6473852,,,,,323089966
Freedom International School,school,12.9164577,77.6421147,,,,,323089967
Seventh Day Adventist School,school,12.959065,77.6500108,,,,,323120232
Sheila Kothavala Institute for the Deaf,school,12.9574386,77.6485324,,+91 080 2526 2274,https://deafaidsociety.in/,secretary.deafaidsociety@gmail.com,323120612
Sophia School,school,12.9556062,77.6534682,,,,,323217256
Hombegowda Boys School,school,12.9479026,77.5965298,,,,,323458337
Mary Immaculate School,school,12.94484,77.6003444,"12th Main, 15th Cross, Wilson Garden, Bangalore, 560030",,https://www.maryimmaculateschool.in/index.php,,323458338
Government High School Agara,school,12.9232302,77.6501392,,,,,325139577
Unnamed Location,school,13.0100331,77.6569506,,,,,329411701
Sri Cauvery School,school,12.9762531,77.6366565,,,,,330031500
Ashraya's Children's Home,school,12.9805411,77.6375174,,,,,330038220
Vidyanikethan Public School,school,12.9515827,77.4876548,,,,,330321125
Rhythms Institute of Fine Arts,school,12.9800897,77.6403029,,,,,331330194
Government School,school,12.9680106,77.6552467,,,,,331367431
Resurrection School,school,12.9819678,77.6445368,,,,,331683238
Government High School,school,12.8828291,77.6241711,,,,,334653046
BBMP Vidya Mandir School,school,13.0031598,77.5725489,,,,,335169247
Gandhi Nagar High School,school,12.9908973,77.5788013,,,,,335172719
Government Kannada Primary School,school,12.9902358,77.6635792,,,,,338104350
Parikrama,school,12.9424073,77.5855394,"Ashoka Pilla Circle, Bangalore",,https://www.parikrmafoundation.org/,,338317081
Kendriya Vidyalaya NAL,school,12.9656802,77.655443,,,,,340255765
Poorna Prajna Education Centre,school,12.9725835,77.6566236,,,,,340255766
Government High School,school,12.9447386,77.6288254,"Sri Rama Temple Road, Ejipura, Ejipura, 560047",,,,345917371
Lourdes High School,school,12.9661906,77.5851087,,,,,346508060
St Charles High School,school,12.9965792,77.5423679,"Basaveshwara Nagar, Bangalore",,,,346545251
SSB International School,school,12.9736552,77.6400322,,,,,346554916
Eurokids,school,12.9683562,77.7446522,,,,,346736766
Nirmala Rani High School,school,13.0092188,77.5616681,,,,,346876264
Shri Shri Ravishankar Vidya Mandir,school,12.9740919,77.6840408,,,,,347017336
Sarkari Hiriya Prarthmik Shale,school,12.981617,77.6431347,,,,,347117994
Vatican High School,school,13.0267744,77.5987021,,,,,347120887
Loyola Primary School,school,12.8706161,77.5927787,,,,,347137534
Government Lower Primary School,school,12.8816137,77.6236081,Begur,,,,347147615
Government Girls High School,school,13.0028028,77.567164,,,,,347485414
Magadi Karanikara Vaidika Dharma Pathashala Trust,school,12.9479213,77.5707129,,,,,347505016
Sree Saraswathi Vidya Mandira,school,12.9506642,77.5778323,,,,,347528875
National Public School Jayanagar,school,12.9285064,77.5879817,,,,,347533784
Chitrakoota School,school,12.9345577,77.4941311,,,,,348133620
Government School,school,12.9587756,77.6614664,,,,,348134936
Martin Luther School,school,12.9401419,77.5485244,,,,,348272691
Martin Luther School,school,12.939932,77.5488064,,,,,348273191
Unnamed Location,school,12.9410637,77.5543987,,,,,348459990
Holy Saint High School,school,12.9354912,77.550587,,,,,348460058
JHS school,school,12.9373127,77.5503892,,,,,348460459
Vidyashankari English School,school,12.9380298,77.5523133,,,,,348478873
VSS Public School,school,12.9380628,77.5515971,,,,,348478886
Ragigudda Sri Prasanna Anjaneya Gurappanapalya,school,12.9147118,77.59407,,,,,348498473
Government High School,school,12.9184936,77.5959747,"East End Main Road, Jayanagar 9th Block, Bengaluru",,,,349542323
Sri Saraswati Vidya Mandira School,school,12.927045,77.5559702,,,,,350509765
Florence School,school,13.0220269,77.5928761,,,,,353374337
VLS International School,school,12.9913675,77.5356653,"6 main Basaveshwarnagar, Bangalore, 560079",,,,354557129
Smt. Kamalabai Educational Institution,school,12.9874401,77.5969626,,,,,362702160
Sri Chaitanya School,school,12.9560069,77.7003672,,,,,363099987
Unnamed Location,school,12.9932061,77.613918,,,,,363458703
Unnamed Location,school,12.9684221,77.6570302,,,,,365255370
Vidya Shilp Academy,school,13.087543,77.5971936,"Bangalore Urban, 560064",,,,368126724
Unnamed Location,school,12.9814305,77.6422571,,,,,368769671
Silicon City Public School,school,12.9815879,77.6414727,,,,,368769672
National Centre for Excellence School,school,12.9698835,77.6553691,,,,,370588618
National Public School Chikkabanavara,school,13.0715063,77.5099902,,,,,383571792
Silver Spring International School,school,13.073166,77.510151,,,,,383573054
Nalapad Academy,school,12.9450775,77.6519189,,+91 91208 88888,https://nalapadacademy.in/,admissions@nalapadacademy.in,387461395
Unnamed Location,school,12.9972978,77.5706594,,,,,388813861
Vidya Bharathi School,school,13.0028187,77.5466654,,,,,389877536
Hoodi Primary School,school,12.9953662,77.7186176,,,,,391707444
Bangalore Public School,school,12.9633497,77.6451765,,,,,397737944
National Hill View Public School,school,12.9237378,77.5233068,,,,,401829358
Government Higher Primary School,school,12.9447993,77.6296947,"Ejipura Main Road, Ejipura, Bengaluru",,,,402869173
VLS International School grounds,school,12.9910814,77.5355729,,,,,405079334
Annaswamy Mudaliar High School,school,12.9989467,77.6143957,,,,,411052127
Unnamed Location,school,12.9478182,77.5654024,,,,,411052968
Government Sanskrit College,school,12.9590235,77.5722549,"Pampa Mahakavi Road, 560018",,,,411067255
Sharada Stree Samaja School,school,12.960157,77.569811,"Sharada Stree Samaj Building, Albert Victor Road, 560018",,,,411067257
Shrada Vidyanikethan,school,13.0856703,77.5492593,,,,,413529795
"National Public School, Vidyaranyapura",school,13.0848132,77.5490275,,,,,413529796
Global City International School,school,12.9774258,77.6713351,,,,,415125446
Unnamed Location,school,13.0844418,77.5850569,,,,,420690859
National Public School Kengeri,school,12.9224218,77.4889292,,,,,437563237
Saibaba Womens School,school,12.9973687,77.5552461,,,,,437871416
The Brigade School,school,12.8923091,77.5853171,,,https://www.brigadeschools.edu.in/,,439843210
National Public School Kormangala,school,12.9492755,77.6212439,,+91 80 2570 5171,https://npskrm.com,info@npskrm.com,441572865
"National Public School, Rajajinagar",school,12.9841446,77.5496683,,,,,442786620
Indira Vidya Mandir School,school,12.8944062,77.5557923,,,,,445480312
Unnamed Location,school,12.9164427,77.6774446,,,,,450523548
Sapthagiri Vidya Mandir,school,12.9068399,77.7047623,,,,,450537529
Government Primary School,school,12.9471795,77.6809466,"Yemalur Main Rd, Yemalur, Bellandur, Bangalore, 560037",,,,450595902
Government Higher Primary School,school,13.0438004,77.5699888,,,,,452680882
Kodihalli Public School,school,12.9643086,77.6470835,Kodihalli Main Road,,,,454700249
Sishu Griha Senior School,school,12.9734765,77.6557437,,,,,454707669
Unnamed Location,school,13.0560399,77.6289674,,,,,462152431
Unnamed Location,school,12.9061459,77.5577684,,,,,469353409
Chaintanya School,school,12.9471035,77.7014593,,,,,476030209
Carmel School,school,12.9192913,77.5592937,,,,,479981469
St. Henriettas English Primary School,school,12.9662375,77.611533,,,,,487956085
Unnamed Location,school,12.9613583,77.6168058,,,,,487959492
Orchard International School,school,12.9253736,77.4985971,,,,,513025075
Government School,school,12.9392329,77.747735,,,,,513199847
Christ School CBSE,school,12.9312257,77.6040464,,,,,514073933
Nallurahalli Government School,school,12.9699799,77.7273778,,,,,518601913
Sudarshan Vidya Mandir,school,12.925358,77.5940216,,,,,521592163
Vimanapura East Extension Primary School,school,12.9607921,77.6947793,,,,,525510061
Presidency School,school,13.0052442,77.6611503,,,,,525512526
Devamata Central School,school,13.0263279,77.6559927,,,,,525518302
VVS Sardar Patel High School,school,13.003969,77.5525796,,,,,545806417
Sacred Heart Girls High School,school,12.9652111,77.6620234,,,,,553065507
HAL West Primary School,school,12.960591,77.6647037,,,,,553065516
Auro Mirra International School,school,12.9789173,77.6167663,,,,,603115732
Sri Chaitanya PU and CBSE college,school,12.9098309,77.6964706,,,,,609990482
"National Public School, Banashankari",school,12.8985074,77.5274508,,,,,614208151
Bethesda International School,school,12.9282501,77.4855451,,,,,614224625
BBMP College,school,12.9738555,77.6302876,,,,,616276010
Sri Ramakrishna High School,school,12.9746241,77.6305856,,,,,616276012
Royal High School,school,12.8999451,77.5855117,"24th Main Road, Bangalore, 560078",,,,646663790
Chaitanya E-Techno Scool,school,12.9764955,77.6751122,,,,,658040989
SOS Children's Village,school,12.8728096,77.5975747,,,,,668612959
Narayana School,school,12.9684819,77.7416592,,,,,673658389
Unnamed Location,school,13.0485219,77.6521949,,,,,675387109
Narayana PU College,school,13.069829,77.5590965,,,,,675649183
Government Higher Primary School,school,13.0745418,77.5661145,,,,,675649186
Aradhana Academy,school,12.884787,77.5920495,,,,,678333101
Bharathiya Vidhyaniketan High School,school,13.0067975,77.7001539,,,,,679185386
Unnamed Location,school,13.0073306,77.7029568,,,,,679270115
Deeksha PU College,school,12.8620122,77.5313659,"Kanakapura Road, Bengaluru, 560062",,,,686453686
SJR Public School,school,13.0283922,77.6277356,,,,,687216867
APS Public School,school,12.9400098,77.5677654,Bull Temple Road,,,,687319737
Government Girls Tamil School,school,12.9804661,77.6259975,,,,,688356350
Shree Dhanraj Phoolchand Hindi High School,school,12.9665309,77.6123774,,,,,689141921
Unnamed Location,school,12.8924953,77.5872933,,,,,699270606
The Mutha School,school,12.8739355,77.5595153,,+91 99450 27007,https://mutha.edu.in,info@mutha.edu.in,710637794
St. Patrick's High School,school,12.9707018,77.6063177,,,,,712430111
Triveni School,school,13.0548347,77.5071044,Hesaraghetta Main Road,,,,726125235
Government School,school,13.062777,77.6424052,,,,,732317791
Rashtrotthana Vidya Kendra,school,13.068317,77.6345517,,,,,732317795
Sri Rama Vidyalaya,school,13.0739284,77.6019706,,,,,732317803
National Hill View Public School,school,12.9287127,77.5291,,,,,736950242
Assumption English High School,school,12.9925083,77.554919,"12th Main Road, Bangalore, 560010",+91 80 2332 5723,https://www.assumptionschoolabe.co.in/,,766245127
Global Academy for Learning,school,12.9252677,77.5044626,"Pattanagere Main Road, Bengaluru, 560059",+91 88804 00900,https://www.gaflschool.com/,contact@gaflschool.com,770851392
VVS School and College,school,13.0045574,77.5503444,,,,,771371488
PVP School,school,13.0047302,77.5501352,,,,,771371489
St Michael's High School,school,13.0516019,77.6451833,"Hennur Main Road, Kothanur, Bangalore, 560077",+91 80 2846 5281,https://stmichaelshighschool.com/,smshs2008@gmail.com,771931320
St. Norbert School,school,13.0455056,77.6435081,,,,,772203229
Blessed Care Nivas,school,13.0460828,77.6437157,,,,,772203231
The Indian Public School,school,13.0391538,77.6183077,,,,,772934839
BGS World School,school,13.0049694,77.5449384,"Pipeline Road, Mahalakshmipuram, Bengaluru, 560086",+91 80 2349 6765,https://www.bgsworldschoolml.com/,principalbgswsml@gmail.com,773258621
Unnamed Location,school,13.0540854,77.5684293,,,,,773825331
Unnamed Location,school,13.0632155,77.6665538,,,,,774644016
Kendriya Vidyalaya,school,13.0643976,77.5433696,"Jalahalli East, Bangalore, 560014",,,,774649683
Unnamed Location,school,13.0385501,77.6132302,,,,,775442577
Seventh Day Adventist School,school,12.9944058,77.6121676,"Seventh Day Adventist High School, Spencer Road, Fraser Town, Bangalore, 560005",,,,775444098
St. Charles Girls High School,school,13.00614,77.6216655,,,,,775448741
Sri Kumaran Children's Academy,school,12.8833467,77.560624,"Kanakapura Road, Doddakalasandra, Bengaluru, 560062",+91 80 2632 1077,https://cbse-dks.kumarans.org/,cbsedks@kumarans.org,775660976
GTHPS Puduparacheri,school,12.9591357,77.6010894,,,,,781182572
GMPS AkkithimmanaHalli,school,12.9595349,77.6011922,,,,,781182573
Venkat International School,school,12.9822633,77.5530491,,,,,781588917
Sri Kumaran Children's Home CBSE,school,12.8479203,77.5428464,560062,65839365,http://pupilpod.kumarans.org,,781680947
Sri Kumaran Children's Home ICSE,school,12.8453011,77.542489,560064,,http://pupilpod.kumarans.org,,781680950
The Cambridge International School,school,12.8907538,77.6673653,,,https://tcis.in/,,781696177
Trio World Academy,school,13.0594285,77.5831727,,,,,781846364
Sindhi High School,school,13.0506022,77.5985849,"Kumar Krupa Road, Sheshadripuram, Bangalore, 560001",+91 80 2226 1509,https://www.sindhischoolkkr.com/,shs.kkroad@sindhihighschool.edu.in,781852602
Sri Aurobindo Vidya Mandir,school,12.9986489,77.545599,,,,,792799065
Rashtriya Military School,school,12.9625927,77.6095811,"Hosur Road, Bengaluru, 560025",+91 080-29602555;+91 080- 25554972,https://www.rashtriyamilitaryschools.edu.in/rmsbengaluru/,rmsbengaluru@gmail.com,796458046
Stracey Memorial High School,school,12.9749496,77.6019587,"Saint Marks Road, Saint Marks Road, Shanthala Nagar, Ashok Nagar, Bangalore, Bengaluru",+91 80 2559 2558,https://stracey50.com/,,796463148
Brighton School,school,13.0669619,77.6646275,"Dodda Gubbi Road, Bengaluru, 560077",,,,838541425
United International,school,13.0829476,77.6551558,,,,,844928287
NPS Marathahalli,school,12.9372161,77.7347804,,,,,845247629
Sri Vani Education Centre,school,12.9880705,77.5414154,"Shamavana, 4th B Main, III Block, Basaveshwaranagar, Banglore, 560079",+91 80 2323 8608,https://srivani.edu.in/shamavana/,bsnr@srivani.org,851795159
National Academy for Learning,school,12.9878783,77.5419565,"3rd Cross, Bengaluru, 560079",+91-80-23239281,,naflblr@gmail.com,851795162
Unnamed Location,school,13.0012361,77.6251298,,,,,865277256
Goodwill Girls’ High School & Composite Pre-university College,school,12.9957846,77.6091173,Promenade Road,+91 80 4371 8738,https://csigghspuc.edu.in/,goodwillpucollege@yahoo.in,886246933
GTHPS Austintown,school,12.9611575,77.6160391,,,,,891226347
Mahanagar Palike HPS Austin Town,school,12.9593532,77.6190318,,,,,891226349
Unnamed Location,school,12.903718,77.665559,,,,,892243920
Unnamed Location,school,12.9000244,77.6113234,,,,,895115935
St. Jude's English High School,school,13.0008873,77.6391603,,,,,917882290
Amatra Academy,school,12.8960717,77.6726794,,,,,922840254
Government School,school,12.913626,77.6777662,,,,,950068321
Nagarjuna Vidytaniketan,school,13.1227285,77.5650757,,,,,963357017
S Cadambi Vidya Kendra English Secondary School,school,12.9936034,77.539461,"10th Main, 3rd Stage, West Of Chord Road, Basaveshwara Nagar, Bangalore, 560079",+91 80 23232831,,,991531037
Unnamed Location,school,13.0123443,77.5946694,,,,,1023657481
New Horizon Public School,school,12.9677347,77.6420053,100 Feet Road,,https://nhps.in/,,1036043470
Nagasena Vidyalaya,school,13.0138956,77.5761248,CV Raman Avenue,,,,1040899000
JSS Composite PU College,school,12.9225104,77.5755219,Kanakapura Road,,,,1044521119
Army Public School,school,12.9782933,77.6109283,,,,,1050589708
Army Public School ASC C&C,school,12.964343,77.6190484,,,,,1050589709
GUMPS Yalagondana Palya,school,12.9632152,77.6130619,,,,,1050589711
St. Anthony's School,school,12.9927713,77.6119031,,,,,1051886138
Unnamed Location,school,12.9598109,77.5640932,,,,,1052004253
Unnamed Location,school,12.9598055,77.5635588,,,,,1052004254
Kendriya Vidhyalaya DRDO,school,12.9868422,77.6643563,Naganarapalaya Main Road,,,,1053086130
Sishu Griha Junior School,school,12.9763384,77.6728844,,,,,1054384478
New Horizon Gurukul,school,12.9338818,77.6975708,,+91 80 4814 7031; +91 96633 97146,https://newhorizongurukul.in,principal@newhorizongurukul.in,1061038559
Geetanjali Olympiad School,school,12.9356402,77.6984479,"Panathur Main Road, Kadubeesinhalli, 560103",,,,1061038565
"Orchids The International School, Panathur",school,12.9381431,77.7015238,"Panathur Main Rd, Munnireddy Layout, 560103",+91 88888 88999,https://www.orchidsinternationalschool.com/bangalore-branches/panathur-road/,communications.oisptr@orchids.edu.in,1061038569
Vibgyor Roots And Rise School,school,12.937533,77.7001967,"Panathur Main Road, Bengaluru, 560103",,,,1061283230
Unnamed Location,school,12.9972835,77.569966,,,,,1062372957
Mount Carmel Central School,school,12.9940686,77.5871753,,,,,1064890977
Chaman Bharatiya School,school,13.0808232,77.6420658,,,,,1065159785
GJR International School,school,12.9614808,77.7072099,,,,,1066371922
RBANMS Middle School,school,12.9808072,77.6124146,,,,,1066854627
RBANMS High School,school,12.9812941,77.613018,,,,,1066854631
Tunbridge High School,school,12.9789194,77.6066659,,+91 80 2950 1011,https://www.tunbridgehs.com/,tunbridgehs@gmail.com,1066902650
Seva Bhat Telugu High School,school,12.9553325,77.621075,,,,,1067951549
Unnamed Location,school,12.9577314,77.6123209,,,,,1067951550
Bangalore Education Society,school,12.9989866,77.5686607,,,,,1069218265
Carmel High School,school,12.9885357,77.5443322,,,,,1069253451
Schoenstatt St. Mary's Public School,school,13.0331263,77.5051815,,,,,1070554579
Narayana e-Techno School - Bellandur,school,12.9266151,77.6735425,,,,,1071242274
Unnamed Location,school,12.9213496,77.7389247,,,,,1072007017
The Cambridge International School,school,12.9270578,77.739188,,,,,1072197824
Sri Sri Ravishankar Balmandir,school,12.9362537,77.6996347,,,,,1075372138
Unnamed Location,school,12.9368899,77.7047991,,,,,1076111824
"Government Lower Primary School, Thubarahalli",school,12.955517,77.7211816,,,,,1077580399
Nirmala Rani High School,school,13.0095662,77.5616771,,,,,1077744677
Cambridge Public School,school,13.0944585,77.5896866,,,,,1079068582
Chrysalis High School,school,13.0947143,77.5911186,,,,,1079068584
Ryan International School,school,13.1240186,77.6016573,"Yelahanka, Bangalore",,http://www.ryaninternational.org,risicseyelbangalore@gmail.com,1079506843
Ekya School,school,12.9715033,77.7040949,,,,,1082259059
Holy Spirit School ICSE,school,12.8719667,77.5931317,,,,,1082360480
Holy Spirit PU College,school,12.8729809,77.5905601,,,,,1082360481
Mount St. Joseph,school,12.8688525,77.5903201,,,,,1082360490
The Colonel Hill High School,school,12.9909278,77.6023316,,,,,1083566593
Al-Ameen Kambal Posh,school,12.9904302,77.6015787,,,,,1083566594
CEZM High School,school,12.9904958,77.6003388,,,,,1083566604
Hymamshu Jyoti Kala Peetha,school,13.0064209,77.5688037,,,,,1084220444
Unnamed Location,school,12.9515474,77.5282461,,,,,1084363612
Sri Chaitanya Techno School,school,12.9917603,77.718263,"Whitefield Road, Hoodi, Mahadevapura, Bangalore, 560048",,,,1084450361
Alpha Public School,school,13.1091167,77.6142983,,,,,1084735115
Indira Gandhi International Academy,school,13.0873487,77.6024074,,,,,1084735123
Chinmaya Vidyalaya,school,13.1157885,77.6120715,,,,,1084735133
Yashasvi Vidya Niketan,school,13.121393,77.6269081,,,,,1084735135
Little Explorers Academy,school,12.9595947,77.7198336,,,,,1085652635
Unnamed Location,school,12.9571311,77.6141597,,,,,1086134448
Unnamed Location,school,12.9589711,77.6168498,,,,,1086134450
Apollo National Public School,school,12.9231645,77.5576937,,,,,1087732061
Kendriya Vidyalaya,school,13.0273983,77.5517047,,,,,1087820282
Adhyatama Vidhya Peetham,school,12.9117929,77.7083708,,,,,1088209013
Carmel Teresa School,school,12.9622675,77.7496675,,,,,1088209024
Unnamed Location,school,12.992119,77.5480225,,,,,1092672115
Gangamma Thimmaiah Govt School,school,12.9905196,77.5465662,,,,,1092672118
Unnamed Location,school,12.9639991,77.6161533,,,,,1093290443
St. Euphrasias Girls' High School,school,12.9680756,77.605027,,,,,1093292147
Sacred Heart Girls' High School,school,12.9692162,77.6032078,"Museum Road, Bengaluru, 560025",,https://shghs.edu.in/,,1093292155
Sacred Heart Boys School,school,12.9661946,77.6097225,,,,,1093292156
Frank Anthony Junior School,school,12.9627585,77.6041319,,,,,1098069722
Cambridge School ICSE,school,12.9078713,77.6452802,,,,,1099665401
St. Michael's School,school,12.955594,77.5980861,,,,,1100674381
St. Mary's Public School,school,12.9892503,77.5987968,,,,,1101219244
BBMP Junior College and Girls High School,school,12.998156,77.56453,,,,,1106630234
Haji Sir Ismail Sait Government Urdu and English Higher Primary School,school,13.0002475,77.616303,,,,,1107016496
Vidyasagar Preschool,school,13.0414988,77.5814883,,,,,1111845884
Young Scholars Academy,school,13.0378792,77.6039746,,,,,1111845891
Allamandas School,school,12.996573,77.5731253,,,,,1113050873
Basava Residential Girls School,school,12.8904886,77.4691111,,,,,1114982298
Shree Jain Shiksha Samiti,school,12.971765,77.6120801,,,,,1115399973
Unnamed Location,school,13.0079264,77.6140449,,,,,1119315456
Vidyaneketana School,school,13.0467256,77.596712,,,,,1119328358
Suvarnashree Gurukul,school,12.964497,77.6807039,,,,,1119385374
Shri Jnanakshi Vidyaniketan,school,12.9126949,77.5124865,"Kenchenahalli Main Road, Bengaluru, 560098",,,,1120154288
Vokkaligara School,school,12.9862801,77.5112768,,,,,1123272057
Gnanodhaya International School,school,13.0091958,77.514716,,,,,1123272073
Baldwin Opportunity School,school,12.9646791,77.601165,,,,,1124838108
Bharat Seva Dal,school,12.9873579,77.5805107,,,,,1124838493
Unnamed Location,school,13.0258289,77.5947264,,,,,1125698046
St. Francis School,school,12.9249558,77.6292625,,,,,1125892164
Government Model Primary School,school,12.9219512,77.6210144,,,,,1125892176
Bethesda High School,school,12.9962155,77.5833869,"Railway Parallel Road, Bangalore",,,,1125999710
"National Public School, Jalahalli",school,13.0735501,77.5333272,,,,,1127727182
Sri Chaitanya Future Pathways Global Schools Hennur,school,13.080707,77.6465027,,,,,1128132030
EuroSchool Whitefield,school,12.9857824,77.7140261,,,,,1135846658
Unnamed Location,school,13.0435785,77.5673202,,,,,1137660892
Vidyashilp Academy,school,13.1319578,77.5880348,,,https://vidyashilpacademy.edu.in/,,1137979924
GMPS Jaraganahalli,school,12.900122,77.5733646,,,,,1137982234
Miranda Group Of Institutions,school,12.9688953,77.650408,,,,,1140754015
Unnamed Location,school,12.9058082,77.6415363,,,,,1141416726
Carmel Academy,school,12.8625211,77.5895943,,,,,1149959393
Sherwood High School,school,12.8474387,77.5890874,,,,,1149959414
Carmel Convent School,school,12.9116298,77.7121415,,,,,1150343732
TALC - The Alternative Learning Community,school,12.9643439,77.7131371,,,https://www.talcworld.com/,,1150511287
Government Primary School,school,12.9838607,77.7190736,,,,,1151907062
Narayana,school,12.9612128,77.7174008,,,,,1154805390
Gnanabodhini School,school,12.926331,77.493935,,,,,1156224671
Everest High School,school,12.9404725,77.6275231,,,,,1157119896
St. Theresa's School,school,12.9097857,77.4899319,,,,,1157248024
Unnamed Location,school,12.9896172,77.6101403,,,,,1160807141
BBMP Girls School,school,12.9900027,77.6103196,,,,,1160807142
Holy Shepherd English High School,school,12.9790129,77.6390401,,,,,1160846995
PNS School,school,12.9380664,77.619152,,,,,1160859607
The HDFC School,school,13.086764,77.6078429,,,,,1161591323
Doddakalasandra Government High School,school,12.8758843,77.5615653,,,,,1176579513
"DPS Bengaluru South, Junior School",school,12.8775146,77.5686277,,,,,1176579524
GHPS Ksrtc Shanthinagar,school,12.9540105,77.6003994,,,,,1177319348
Poornaprajna School,school,13.0747859,77.6509783,,,,,1178381008
New Horizon International School,school,13.0728186,77.6524293,,,,,1178381009
Chrysalis High School,school,13.1211866,77.6069022,,,,,1182392577
"Orchids The International School, Jakkur",school,13.0823075,77.6193162,,,https://www.orchidsinternationalschool.com/bangalore-branches/jakkur,,1182672447
"Vibgyor High School, Chokkanahalli",school,13.0801773,77.6280616,,,,,1182672460
Greenfield Public School,school,13.0816164,77.6209262,,,,,1182672476
NAFL Jakkur,school,13.0818361,77.6153565,,,https://nafljakkur.in/,,1182672478
Government School,school,13.0760636,77.6037727,,,,,1182968254
"National Public School, Jakkur",school,13.0741963,77.6224246,,,https://www.npsjkr.com/,,1186887016
Kensri School,school,13.0496651,77.6147517,,,,,1186887020
North Hills International School,school,13.0594691,77.6125846,,,,,1186887026
St. Mary's School,school,13.0507678,77.6483671,,,,,1187891458
Royale Concorde International School,school,12.9205764,77.6678097,,,,,1188254703
Orchids International School,school,12.9173804,77.6705181,"Sarjapura Road, 560102",9513731352,https://www.orchidsinternationalschool.com/bangalore-branches/sarjapur/,communications.oiss@orchids.edu.in,1188254704
Orchids The International School Vivekananda - SahakarNagar,school,13.0685481,77.5810048,"NTI Layout, Rajiv Gandhi Nagar ,Off Bangalore International Airport Road, 560092",9513731352,https://www.orchidsinternationalschool.com/bangalore-branches/sahakar-nagar/,communications.oisvn@orchids.edu.in,1188310648
Unnamed Location,school,12.9013686,77.6477352,,,,,1188968077
Government PUC,school,12.9954119,77.7182703,,,,,1195542199
Unnamed Location,school,12.9964752,77.5645387,,,,,1195571028
Assisi School,school,13.026686,77.7030793,,,,,1196104387
Good Shepherd School,school,12.9697414,77.6048872,,,,,1196481565
Neev Academy,school,12.9438375,77.6760946,"Bengaluru, 560037",+91 8032568780,,,1197583718
Vibgyor High School,school,12.8588181,77.6050465,,,,,1199400828
"St Anns School, Begur",school,12.8736628,77.6122458,,,,,1199400874
St. Joseph Nivas Special School,school,12.8504622,77.5973448,,,,,1199410767
Unnamed Location,school,13.0373353,77.6087852,,,,,1202598185
Unnamed Location,school,12.9449712,77.5666634,,,,,1203069049
Unnamed Location,school,12.9529923,77.5620617,,,,,1203069053
"National Public School, Uttarahalli",school,12.9029418,77.5321289,,,,,1203175523
The Happy Valley School,school,12.9028633,77.534034,,,,,1203175524
Unnamed Location,school,12.9623553,77.5768185,,,,,1205832108
Unnamed Location,school,12.9601729,77.5640895,,,,,1205832177
Sri Chaitanya Techno School,school,12.9439927,77.5745175,,,,,1206377083
Unnamed Location,school,12.9473285,77.5698824,,,,,1206697239
Unnamed Location,school,12.9659167,77.5098632,,,,,1207060120
Siddaganga Public School,school,12.953998,77.5230229,,,,,1207332552
NET School,school,12.9433231,77.5674959,,,,,1210572427
Orchids The International School - C V Raman Nagar,school,12.9694677,77.6681406,,9513922803,https://www.orchidsinternationalschool.com/bangalore-branches/cv-raman-nagar/,communications.oiscvr@orchids.edu.in,1213188974
Vani Villas College,school,12.9616914,77.575924,,,,,1216159268
Unnamed Location,school,12.9755508,77.5142791,,,,,1217243765
St. Joseph's Convent High School,school,12.97968,77.5180802,,,,,1217243770
Jindal Government School,school,12.959927,77.5164926,,,,,1217247604
Unnamed Location,school,12.9240672,77.5448218,,,,,1217350555
Amrutha English School,school,13.0657224,77.5997239,,,,,1217466598
Unnamed Location,school,12.9875258,77.6699596,,,,,1217530866
Government First Grade College,school,12.9973095,77.6212792,,,,,1217671311
Insight Academy School,school,12.9428918,77.7004157,,,,,1218429243
Innisfree House School,school,12.9109677,77.5873007,,+91 80 2659 7110,https://innisfreehouseschool.com/,office@innisfreehouseschool.com,1219837013
Unnamed Location,school,12.9096952,77.5811786,,,,,1220009733
Dr. Abdul Kalam School,school,12.9572851,77.5750858,,,,,1220011788
Unnamed Location,school,12.9710887,77.5832686,,,,,1231379314
Poorna Prajna Education Center,school,13.0991361,77.5812328,,,,,1231715823
SJV World School,school,13.0939133,77.5787692,,,,,1231715974
New Town Public School,school,13.0984246,77.5809871,,,,,1231728252
Unnamed Location,school,13.0804436,77.5608721,,,,,1232959772
Unnamed Location,school,13.0742623,77.5641811,,,,,1232959796
National Public School Yelahanka,school,13.0999519,77.5845541,,,,,1233493626
Delhi World Public School,school,13.0283733,77.4811046,,,,,1238791757
Blossom International School,school,13.0201442,77.7155274,,,,,1241563220
"Christ School S G Palya, Lakkasandra",school,12.9284937,77.6070364,,,,,1242193141
Christ Special School,school,12.9286636,77.6048038,,,,,1242193146
Christ School ICSE,school,12.9289837,77.6055212,Lakkasandra,,,,1242193149
Lourdes Convent School,school,12.9264705,77.5978168,Bannerghatta Road,,,,1242203386
Carmel Convent School,school,12.9272459,77.5980996,Bannerghatta Road,,,,1242203388
Skalvi International School,school,12.8781997,77.5857334,,,,,1242749610
Vibgyor,school,13.0731975,77.6108611,,,,,1245810297
Clarence Public School,school,12.9035053,77.5958832,,,,,1249829839
JSS Public School,school,13.0252499,77.628378,,,,,1250240877
Unnamed Location,school,13.0015888,77.7440443,,,,,1251508640
Nurture International School,school,13.0626841,77.5045082,,,,,1253120657
Legacy School,school,13.0627072,77.652418,,,,,1253158150
Rotary,school,12.9920777,77.5928347,,,,,1254353739
RJ Public School,school,12.9890586,77.5947287,,,,,1256004261
Geeta HPS,school,12.9273417,77.5865998,,,,,1256457833
Unnamed Location,school,12.8887656,77.6447307,,,,,1257330713
St. Paul's Public School,school,13.0404158,77.6092753,,,,,1258134509
Narayana e-techno School,school,12.9543987,77.7198516,,,,,1259449682
"St. Teresa School, Begur",school,12.8733846,77.6261578,,,,,1261422248
BBMP School,school,13.0616847,77.6423258,,,,,1265866289
Unnamed Location,school,13.0178224,77.6492556,,,,,1266019411
Unnamed Location,school,13.0761798,77.5620087,,,,,1266072938
Unnamed Location,school,13.0361217,77.6699629,,,,,1266460872
Innovative School of Excellence,school,13.0391739,77.6588257,,,,,1266461051
Chrysalis High Horamavu,school,13.0399135,77.6599871,,,,,1266461058
National Public School Kalkere,school,13.037857,77.6706253,"C Pillappa Farms, Kalkere Agara Main Road, Kalkere, Bengaluru, 560113",,https://npskalkere.com/,,1266481189
Government High-Tech Kannada and English Medium Higher Primary School,school,12.9923352,77.687584,,,,,1267710958
MTB School,school,12.9906801,77.6938896,,,,,1267711039
Kalanikethan School,school,12.8859026,77.65116,,,,,1267842313
Government Urdu Higher Primary School,school,12.90408,77.5665779,,,,,1270568427
Blossom School,school,12.9042667,77.5615543,,,,,1270568444
Narayana e-Techno School,school,12.9002593,77.5717324,,,,,1270788435
Samsidh International School,school,13.0641005,77.5531959,,,,,1271691977
Unnamed Location,school,13.1034937,77.5663606,,,,,1271957555
Unnamed Location,school,12.9029904,77.5671103,,,,,1272154848
The Kenmore English School,school,12.942394,77.5772006,,,,,1272455789
Government School,school,12.999737,77.612371,,,,,1275460866
St. Anthony's School,school,12.8609843,77.6178516,,,,,1278704434
"Chrysalis High School, Begur",school,12.8614136,77.610613,,,,,1278704457
Unnamed Location,school,13.0659354,77.6606852,,,,,1279250189
EuroSchool North Camputs,school,13.1043015,77.6252391,,,,,1279826104
Oxford School and Composite PU College,school,13.1039708,77.6236331,,,,,1279826110
"National Public School, North",school,13.1031266,77.6195133,,,,,1279826119
National Public School Whitefield,school,13.0024507,77.7487656,,,,,1280086942
Mount Litera Zee School,school,13.0027824,77.7424195,,,,,1280086981
Unnamed Location,school,12.8504651,77.5207248,,,,,1280762879
Widia Poornaprajna School,school,13.0510604,77.5016177,,,,,1281206632
Schoenstatt St Mary's High School,school,13.040973,77.5062637,,,,,1281336341
Oriental English High School,school,13.0859255,77.5569202,,,,,1283712581
Unnamed Location,school,13.0445163,77.5773144,,,,,1284657004
Teresa Bacq School,school,13.0540546,77.6477008,,,,,1284773651
Unnamed Location,school,13.0679949,77.6539457,,,,,1284851839
Unnamed Location,school,13.0525661,77.6037409,,,,,1285574012
St. John's School,school,13.0526395,77.6068208,,,,,1286715674
Unnamed Location,school,12.9653436,77.4743957,,,,,1286755338
"National Public School, SMV",school,12.9407888,77.4802785,,,,,1286756022
Unnamed Location,school,13.0587665,77.5843817,,,,,1287284074
Cauvery School,school,13.0611397,77.5875753,,,,,1287284182
Unnamed Location,school,13.0602688,77.574251,,,,,1287743603
Ujjval World School,school,12.9946174,77.7586699,,,,,1287904688
Sri Chaitanya Techno School,school,12.993966,77.5771632,,,,,1292999612
RV Public School,school,12.9490876,77.5807097,,,,,1296053203
Unnamed Location,school,12.9624471,77.7032494,,,,,1296336694
Unnamed Location,school,12.9506619,77.758154,,,,,1298279413
Samar International Islamic School,school,13.0660816,77.6342303,,,,,1298832941
Geetanjali Vidyalaya,school,12.9812208,77.6859362,,,,,1299038391
Glentree Academy School,school,12.9656497,77.7351483,,,,,1302227093
Unnamed Location,school,13.0585973,77.6256341,,,,,1302247710
Unnamed Location,school,12.9093315,77.4813071,,,,,1302553581
RBANMS Primary School,school,12.9812853,77.6110683,,,,,1302996851
Chinmaya Vidyalaya Banashankari,school,12.8875805,77.4874923,,,https://www.chinmayavidyalayabsk.in/,,1304109154
Government Model Public School,school,13.0937369,77.5547543,,,,,1304376969
Government Model Primary School,school,13.0935249,77.5551375,,,,,1304376970
Unnamed Location,school,12.9055709,77.5887259,,,,,1306880051
"Government Moedl Primary School, Domlut",school,12.9620521,77.6344555,,,,,1307054909
Bishop Sargent High School,school,13.0643295,77.6428852,,,,,1307177988
Pragathi School and PU College,school,12.9972544,77.7635855,,,,,1307192711
Unnamed Location,school,12.9981809,77.7637804,,,,,1307192714
Sri Chitanya Pre University College,school,13.0677362,77.5545247,,,https://srichaitanyaschool.net/,,1307698420
Unnamed Location,school,13.0984736,77.5593038,,,,,1308259601
Unnamed Location,school,12.9990224,77.7655944,,,,,1310982662
Unnamed Location,school,12.9979601,77.7549005,,,,,1310982672
Divine Light Trust For The Blind,school,12.9845931,77.7538496,,,,,1314991499
Unnamed Location,school,12.9714721,77.7044284,,,,,1319576360
Unnamed Location,school,13.0508502,77.5673745,,,,,1327448949
Unnamed Location,school,13.035552,77.5637031,,,,,1328289204
Unnamed Location,school,12.8604359,77.5683769,,,,,1328835818
Unnamed Location,school,12.8967192,77.5293574,,,,,1329553248
Unnamed Location,school,12.9079151,77.5251633,,,,,1329553364
Unnamed Location,school,12.9696029,77.6506168,,,,,1332565025
Ganga International School,school,13.0287378,77.4956837,,,,,1336988685
Unnamed Location,school,12.9038855,77.5472231,,,,,1337111934
Deccan International School,school,12.9134204,77.553895,,,,,1337111980
Unnamed Location,school,12.8535865,77.5702914,,,,,1337330212
Unnamed Location,school,12.9701289,77.535939,,,,,1342034576
Little Flower English high School,school,12.9650984,77.6432798,,,,,1342953354
Neev,school,12.968639,77.6473518,,,,,1342953366
Sindhi High School,school,12.9879779,77.5810303,,,http://sindhihighschool.org/,,1342976490
Vidya Mandir School,school,13.0021184,77.5702907,,,,,1343018999
Unnamed Location,school,12.9761209,77.5398028,,,,,1343672646
Unnamed Location,school,12.9948226,77.4785934,,,,,1343674339
Unnamed Location,school,12.9924338,77.4776955,,,,,1343674344
Deeksha,school,12.8667376,77.5403277,,,,,1345637273
Sri Chitanya Techno School,school,13.0619534,77.5523999,,,,,1346885372
Sri Chaitanya School,school,13.0261629,77.6564647,,,,,1346910005
GUHPS Ashok Nagar,school,12.9687233,77.610158,,,,,1347101181
Millenium World School,school,13.1052106,77.6203759,,,,,1347351892
Mathru Center for the Dead and Differently-abled,school,13.1041687,77.6290065,,,,,1347351937
"Navkis Educational Centre, Kogilu",school,13.0993308,77.6213988,,,,,1347351988
Wisdom Montfort International School,school,13.0938186,77.6312513,,,,,1347351992
Sri Chaitanya Techno School,school,13.0953484,77.6284443,,,,,1347351996
The Shri Ram Universal School,school,13.0880225,77.6248235,,,,,1347351999
Karnataka Public School,school,13.0859425,77.631044,,,,,1347352008
Capitol Public School,school,13.0858583,77.6324556,,,,,1347352010
Gulabi School,school,13.0014902,77.5988482,,,,,1348168112
St. JG Margaret School,school,13.0060524,77.598076,,,,,1348168191
Unnamed Location,school,12.9031061,77.6369758,,,,,1348689004
Unnamed Location,school,12.884623,77.5513579,,,,,1349974772
Siddaganga National School,school,12.8806176,77.5465073,,,,,1349974796
Unnamed Location,school,12.8932634,77.5223903,,,,,1349974824
Vidyashilp Banashankari,school,12.888805,77.5375169,,,,,1349974888
Unnamed Location,school,12.9372378,77.5814124,,,,,1350390235
St. Joseph School,school,13.0619966,77.6477268,,,,,1350892114
"Government Lower Primary School, Geddalahalli",school,13.0497344,77.6466157,,,,,1350892149
New Baldwin School,school,13.0526254,77.6466254,"Hennur Bagalur Road, Bangalore, 560077",,,,1350892155
BBMP Girls' School,school,12.9819301,77.6067654,,,,,1350961413
Unnamed Location,school,13.0714228,77.6278985,,,,,1351244079
Unnamed Location,school,13.0704159,77.6397096,,,,,1351499520
Unnamed Location,school,12.9993932,77.5638996,,,,,1353661380
Unnamed Location,school,12.8541978,77.5978256,,,,,1356594026
Saint Francis Xavier HPS Chikkana Halli,school,12.8497843,77.6003362,,,,,1356594054
Unnamed Location,school,12.848352,77.5992907,,,,,1356594056
Sri Ramakrishna Samagra Shikshana Kendra,school,12.864519,77.5864983,,,,,1356597042
Unnamed Location,school,12.861861,77.5914237,,,,,1356597055
Unnamed Location,school,12.8660552,77.5971711,,,,,1356597110
Sri Chaitanya Techno School,school,12.863864,77.5779813,,,,,1356599513
Unnamed Location,school,13.0548989,77.5905072,,,,,1357701144
Unnamed Location,school,12.9538046,77.4772844,,,,,1360543550
Janani Vidya Mandira,school,12.9507195,77.4836097,,,https://jananividyamandira.com/,,1360644152
Government School,school,12.9697883,77.7532966,,,,,1360924190
Unnamed Location,school,12.9677737,77.7544453,,,,,1360924191
Unnamed Location,school,12.9656541,77.7600324,,,,,1360924193
Frank Public School,school,12.9052591,77.5799249,,,,,1361893709
Orchids the International School,school,12.8999391,77.6659796,,,,,1363265488
Maulana Azad Model School,school,12.9829881,77.6012657,,,,,1363963979
Seventh Day Adventist Higher Secondary School,school,12.9956793,77.611742,,,,,1364046490
Vibgyor School,school,12.8993951,77.6572331,"Vibgyor, hosa road",,,,1364168917
Unnamed Location,school,12.9723486,77.6304802,,,,,1365459517
Patel Public School,school,12.93692,77.6850556,,,,,1365463943
Unnamed Location,school,12.9007541,77.4884411,,,,,1365489291
Maruthi Vidyalaya,school,13.0087502,77.6444553,,,,,1366023291
New Baldwins School,school,13.0150504,77.6575403,"Banaswadi Main Rd, Banasawadi",,,,1366533813
Ekya School,school,13.0229019,77.6323041,,,,,1366625033
The Princeton School,school,13.0245163,77.6384886,,,,,1366625049
Narayana e-Techno School,school,13.0266012,77.6431271,,,,,1366656563
Corporation HPS Ulsoor,school,12.9727648,77.6306002,,,,,1369206475
Unnamed Location,school,13.0087532,77.6617862,,,,,1371961870
"St. George College of Management, Science & Nursing",school,13.0085667,77.650975,"B Channasandra Main Road, 560043",,http://www.stgeorgecollege.org,,1371961980
Unnamed Location,school,13.0341555,77.6327771,,,,,1373341020
HMR International School,school,13.032992,77.6343596,,,,,1373341028
Heritage International School,school,13.0328568,77.6306636,,,,,1373341035
Rajamahal High School,school,13.0381346,77.5728031,,,,,1378923032
Akal Public School,school,13.0397539,77.5731622,,,,,1378923054
Unnamed Location,school,13.0348953,77.5771994,,,,,1378926273
Vidya Prakash High School,school,13.0831098,77.5952671,,,,,1379543542
Orchids The International School,school,12.9957899,77.5554288,,,,,1380176392
KNE Public School,school,13.0590683,77.556646,,,,,1380595443
Narayana e-Techno School,school,13.0593505,77.5168202,,,,,1381021040
Holy Faith Public School,school,13.0887512,77.5573107,,,,,1383201474
Sri Chaitanya Techno School,school,13.0399847,77.4972233,,,,,1383280161
Unnamed Location,school,13.0275927,77.4981822,,,,,1383280238
Sri Chaitanya Techno School,school,12.9380488,77.7362147,,,,,1383291119
Sri Chaitanya Future Pathways Global School Varthur,school,12.9379719,77.7359024,,,,,1383291120
Shams Public School,school,13.1011975,77.6332908,,,,,1383295695
Unnamed Location,school,13.0276632,77.4992001,,,,,1383925320
Unnamed Location,school,13.0268564,77.4998231,,,,,1383925364
Unnamed Location,school,13.0251142,77.494361,,,,,1383925436
Unnamed Location,school,12.889663,77.5683005,,,,,1384382921
Unnamed Location,school,13.0289201,77.4889457,,,,,1384707727
Unnamed Location,school,13.0283296,77.6102895,,,,,1385496251
Unnamed Location,school,13.0370414,77.5979312,,,,,1386060475
"Sri Chaitanya Techno School, Kalyan Nagar",school,13.0342914,77.6435298,,,,,1388143634
Unnamed Location,school,13.0354921,77.6056231,,,,,1388296336
Unnamed Location,school,12.9592412,77.5356745,,,,,1390722993
Unnamed Location,school,13.019771,77.5599658,,,,,1391861761
Government Urdu High School,school,12.9381471,77.7470698,,,,,1394158714
MES School 4th Blk Jayanagar,school,12.9241003,77.5845748,,,,,1395462320
Holy Christ English School,school,12.9238748,77.5845741,,,,,1395462321
Holy Saint High School,school,12.9266105,77.5761191,,,,,1395462357
"Government Kannada Primary School, Yediyur",school,12.9306191,77.5758617,,,,,1395462368
RKS Yediyur,school,12.9305812,77.57892,,,,,1395462379
Jaigopal Garodia Rashtrotthana Vidya Kendra,school,13.010457,77.6696582,"Main road, Ramamurthy Nagar, Bengaluru, 560016",,https://rvkcbse.in/rm-nagar/index.html,,1395880704
Karnataka Public School,school,12.9546653,77.5796194,,,,,1396547228
Unnamed Location,school,13.0909879,77.5307476,,,,,1409396189
Unnamed Location,school,13.0241587,77.6867509,,,,,1410389516
Divya Shanthi School,school,13.0108089,77.6257491,,,https://divyashanthischool.org/,,1411165790
Unnamed Location,school,13.0190387,77.6925608,,,,,1411381105
Chaitanya E-Techno School,school,13.0197161,77.6733173,,,,,1411408712
Government Higher Primary School,school,13.0114605,77.682349,,,,,1412415472
BNR Memorial School,school,13.0150864,77.6850626,,,,,1412415497
"St. Anthony's Primary, Middle and Girls High School",school,13.01249,77.6797587,"1st Main Road, Manjunatha Layout",,,,1413065964
Unnamed Location,school,13.041719,77.672285,,,,,1414809417
Unnamed Location,school,13.0358135,77.6778627,,,,,1414809488
Sri Chaitanya Techno School,school,13.0252068,77.6692877,,,,,1415079193
Unnamed Location,school,13.0247312,77.669619,,,,,1415079194
Unnamed Location,school,13.0309649,77.6837623,,,,,1415083462
Unnamed Location,school,13.0287843,77.6866349,,,,,1415083463
Unnamed Location,school,13.0318312,77.6884711,,,,,1415343635
Government School,school,12.9609894,77.6349469,,,,,1416028274
Unnamed Location,school,13.0559041,77.6127102,,,,,1416882057
GHPS,school,13.0665698,77.6189596,,,,,1419422287
Unnamed Location,school,12.8756228,77.6517045,,,,,1420149136
GHPS Singasandra,school,12.8776611,77.6475551,,,,,1420149566
GHPS Bandepalya,school,12.8958924,77.6416837,,,,,1420991668
St. Mira's School,school,12.9168008,77.619929,,,,,1422674076
Unnamed Location,school,12.8650367,77.5339052,,,,,1422781175
Ekya Nava,school,12.9376468,77.7156969,,,https://nava.ekyaschools.com/,,1422819277
Trio World Academy,school,13.0600274,77.5822922,,,,,1422979173
New Millenium School,school,13.0360874,77.6530977,,,,,1423481473
Unnamed Location,school,13.0203776,77.6656371,,,,,1423887067
Unnamed Location,school,13.018196,77.6696421,,,,,1424040539
Unnamed Location,school,13.1199293,77.6123727,,,,,1426691106
Unnamed Location,school,13.1092748,77.6223269,,,,,1426794070
Mount Carmel School,school,12.9241038,77.5186018,,,,,1427923075
Ashwini School,school,12.9298852,77.5226436,,,,,1427923323
Unnamed Location,school,12.9151499,77.6732076,,,,,1428943755
Mar Thoma School,school,13.0090149,77.7183591,,,,,1429161298
Indus Valley College,school,13.0085352,77.7055921,,,,,1429161354
Guntur Oxford School,school,13.0089404,77.7052689,,,,,1429161430
Corporation LPS Lakkasandra,school,12.9426525,77.6011642,,,,,1431908648
Orchids The International School - Yelahanka,school,12.8397174,77.5940275,"Hommadevanahalli Village Begur Hobli, Bengaluru South, Taluk, 560083",9513731352,https://www.orchidsinternationalschool.com/bangalore-branches/bannerghatta/,communications.oisbg@orchids.edu.in,1432358339
Unnamed Location,school,13.0073162,77.7292102,,,,,1432363480
Vibgyor Roots And Rise School,school,12.9780527,77.691957,,+91 80 4934 2000; +91 96866 91166,https://www.vibgyorrise.com/school/doddanekkundi-cbse,support.vi15134@vgos.org,1433298945
New Baldwin Public School,school,12.9891237,77.478603,,,,,1434051413
"Franciska N HS, Lakkasandra",school,12.9333727,77.6095817,,,,,1442146195
"Venkateshwara HS, Madiwala W No 66",school,12.9252902,77.61237,,,,,1442261830
Government Higher Primary School,school,12.9627069,77.656735,,,,,1442752362
Government Tamil Higher Primary School,school,12.9646268,77.6580854,,,,,1442765455
Unnamed Location,school,12.9665282,77.6571182,,,,,1442772360
Rajarajeshwari Vidya Shala,school,12.9287182,77.513014,,,,,1443183186
Vijayashree International Public School,school,13.0597237,77.50738,Hesaraghetta Main Road,,,,1443414771
Unnamed Location,school,13.0588071,77.5198553,,,,,1443414774
Sophie Nursery Primary and High School,school,12.9540323,77.6620382,,,,,1443516585
Hayagriva Girls' School,school,12.9734409,77.6778471,,,,,1443894895
Sri Chaitanya Future Pathways Global School,school,12.970701,77.682283,,,,,1443942873
Unnamed Location,school,12.9794635,77.6775507,,,,,1444260395
Government Primary School,school,12.9825771,77.6771255,"19th Cross, Kaggadasapura, Bengalore, 560093",,,,1445950447
Saraswati Vidya Mandir,school,12.9841107,77.677254,Kaggadasspura Main Road,,,,1445950806
"Grammer Public HPS Venkarapura, Madiwala",school,12.9194779,77.6324914,,,,,1446203059
Unnamed Location,school,13.0057442,77.7690706,,,,,1446546248
Mangala Vidya Mandira,school,13.1013082,77.5849401,,,,,1447059498
Unnamed Location,school,12.9651397,77.6794507,,,,,1449595456
St. Theresa School,school,12.9944814,77.6860998,,,,,1452396099
Unnamed Location,school,12.9912132,77.7618205,,,,,1454051713
Whitefield Global School,school,12.9816253,77.7569055,"Channasandra Main Road, Whitefield, Bangalore, 560066",,,,1454051715
Gunjur Palya Government School,school,12.9228097,77.7169888,,,,,1454927486
Shree Bharathi Vidhyalaya,school,12.9632024,77.541695,,,,,1457945485
Chinmaya Vidhyalaya,school,12.9841964,77.6151881,Saint John's Church Cross Road,,,,1458669660
Indira Priyadarshini School,school,12.9106373,77.5959595,,,,,1460661037
Unnamed Location,school,12.8870281,77.4846513,,,,,1461448773
Government Higher Primary School Jakkasandra,school,12.9249996,77.6369043,,,,,1462502613
New Baldwin international school,school,12.9054869,77.6504,"26th Main Road, 2nd Sector, HSR Layout, Bengaluru, 560102",,,,1463643863
St. James English School,school,13.0503349,77.61223,,,,,1490105188
Unnamed Location,school,12.9905539,77.6786781,,,,,1491389273
Unnamed Location,school,12.9049906,77.6064888,,,,,1491953702
"Orchids The International School, BTM",school,12.9044397,77.6054015,"3rd main, 6th cross, main road, near café coffee day, NS Palya, Munivenkatppa Layout, Bilekahalli, 560076",9513731352,https://www.orchidsinternationalschool.com/bangalore-branches/btm-2nd-stage/,communications.oisb@orchids.edu.in,1491953710
Orchids The International School - Majestic,school,12.9726537,77.571726,"Old Taluk Cutchery Rd, Majestic, 560053",9513731352,https://www.orchidsinternationalschool.com/bangalore-branches/majestic/,communications.oismj@orchids.edu.in,1492289344
Unnamed Location,school,12.9921176,77.6953769,,,,,1493374059
Unnamed Location,school,12.8710893,77.5827942,,,,,1501661035
Mother Theresa Memorial School,school,13.0279774,77.6915513,,,,,1506885655
Government Telugu High School,school,12.9840585,77.6016015,,,,,1509719841
VJR High School,school,13.0312477,77.6441554,,,,,1510601096
St. Paul High School,school,13.0314101,77.6420897,,,,,1510874126
Anjadari High School,school,12.910706,77.6982448,,,,,1511862101
Unnamed Location,school,12.9842089,77.5361911,,,,,1513979476
"Shantiniketan English High School, B M P 64",school,12.9147374,77.6025346,1st Main,,,,1516195176
Government Deaf and Dumb School,school,12.9801479,77.6421854,,,,,1517117856
Little Angels Modern High School,school,12.9985878,77.6610472,,,,,1521683522
Yuvalok School,school,13.037115,77.6427297,,,,,1522085189
CMA English Nursery and HR Primary School,school,12.9605685,77.5536852,,,,,1522774558
SLS International Gurukul,school,13.041629,77.6799958,,,,,1522898365
Princeton Public School,school,13.0277871,77.7146767,,,,,1523628124
Indus Valley School,school,13.0207986,77.7056085,Thambuchettypalya Main Road,,,,1523903484
Unnamed Location,school,13.006582,77.5481104,,,,,1523947386
Unnamed Location,school,13.01479,77.7124116,,,,,1526189630
Unnamed Location,school,13.0036764,77.7133538,,,,,1528477573
Unnamed Location,school,12.9860665,77.6994604,,,,,1530102520
Sri Krishna High School and PU College,school,13.0014327,77.7050522,,,,,1530398624
Unnamed Location,school,13.0130565,77.6977721,,,,,1532306143
Unnamed Location,school,12.9643334,77.7247198,,,,,1848568
Corporation School,school,12.9787921,77.5798485,2nd Main Road,,,,2032168
Vydehi School of Excellence,school,12.974461,77.7309803,"EPIP Area, Vydehi Campus, Whitefield, Vijayanagar, Nallurhalli, Whitefield,, bangalore, 560066",080 4663 6000,https://www.vydehischool.com/,,2418711
Ambedkar Memorial Higher and Primary School,school,13.0005442,77.5477515,"3rd Main Road, Bengaluru, 560086",,,,5160222
National Public School,school,13.0394919,77.549256,,,,,5243934
Shri Shri Ravishankar Vidya Mandir,school,12.9740919,77.6840408,,,,,15397251
Orchids The International School - Horamavu,school,13.0388878,77.6608534,"Horamavu Agara Village, K.R. Puram, Uttarahalli Hobli, 560113",+919513922803,https://www.orchidsinternationalschool.com/bangalore-branches/horamavu/,communications.oishm@orchids.edu.in,17390867
GEAR Innovative International School,school,12.91766,77.6975019,,+91 97417 77799,https://www.gearac.in/,contactus@gear.ac.in,17496715
Methodist Mission High School,school,12.9847837,77.6096072,,,,,17900574
Government School,school,12.9701805,77.7115863,,,,,18010930
Kendriya Vidyalaya IISc,school,13.0183045,77.5599043,,,,,18765506
International Business School,college,12.8630037,77.6594242,,,,,266739260
Centre for Product Design and Manufacturing (CPDM),college,13.0151185,77.5681179,,,,,446045650
CiSTUP,college,13.0132383,77.5686174,"SID Complex, 560012",,,,446045651
Interdisciplinary Centre for Energy Research,college,13.0155209,77.5681206,,,,,446046410
Interdisciplinary Centre for Water Research,college,13.0158581,77.5683888,,,,,446049321
Organic Chemistry,college,13.0164088,77.5682496,,,https://orgchem.iisc.ac.in/,,446049323
Inorganic and Physical Chemistry,college,13.016856,77.5682738,,,https://ipc.iisc.ac.in/,,446049326
Central Purchase and Stores,college,13.0173833,77.5659752,,,,,446054726
Insdoc,college,13.0171773,77.5648502,,,,,446055066
Electronic Systems Engineering,college,13.0186339,77.5709242,,,https://www.dese.iisc.ac.in/,,446059520
Joint Advanced Technology Programme,college,13.0175447,77.5700198,,,,,446059521
Amenities Hall,college,13.0185648,77.5645301,,,,,446059863
Tata Memorial Club,college,13.018047,77.5649882,,,,,446059864
Florida College of Management and Computer Science,college,13.0268228,77.6329007,,,,,454090309
Florida College of Education,college,13.0269256,77.6329391,,,,,454090311
Florence College of Physiotherapy,college,13.0271338,77.6330115,,,,,454090312
National Bureau of Agriculturally Important Insects,college,13.026313,77.5845772,,,,,593146903
Computer Aided Design Laboratory,college,13.0184079,77.5707285,,,,,638379029
RRI Hostel,college,13.0245647,77.5783085,,,,,660061427
Light and Matter Physics,college,13.0137034,77.5816225,,,,,674755220
Student Amenities Center,college,13.0145591,77.5608745,,,,,734864105
Student Council Office,college,13.0179477,77.5661498,,,,,734864130
Hostel Office,college,13.0163759,77.5651518,,,,,735032265
Society for Innovation and Development,college,13.0129211,77.5690015,,,https://sid.iisc.ac.in/,,735032281
Vijaya Pre-University College,college,12.9279136,77.5866159,,,,,1015924225
Dr. Shyamala Reddy Dental College,college,12.9494661,77.7026457,,,,,1024500710
Bridavan College of Engineering,college,13.1246098,77.6202857,,,,,1101095235
Society of Biological Chemists,college,13.0155366,77.5687483,,,,,1185581661
The Oxford Dental College & Hospital,college,12.9001507,77.630134,"Hosur Road, Bommanahalli, Bangalore, 560 068",+91-80-30219626,,,1311760453
Bangalore Institute of Technology,college,12.9551259,77.5741985,"Krishna Rajendra Road, V V Puram, Bangalore, 560004",+91-80-26615865;+91-80-26613237,http://www.bit-bangalore.org,chairman_bit@yahoo.in,1323652934
Kempegowda Institute of Medical Sciences,college,12.9564316,77.5741194,"Krishna Rajendra Road, V V Puram, Bangalore, 560004",,,,1323663813
VV Puram College of Arts and Commerce,college,12.9541058,77.5741524,"Krishna Rajendra Road, V V Puram, Bangalore, 560004",,,,1323663819
Dayanand Sagar College of Engineering,college,12.9089389,77.5664343,,,,,1339732021
Sacred Heart College,college,12.9659306,77.6616713,,,,,1466482752
Bangalore Institute of Dental Sciences,college,12.9441664,77.5969354,,,https://bidsinstitution.com/,,1603318749
Yadava College,college,12.9865401,77.5772559,,,,,1617398477
RNS Institute of Technology,college,12.9017846,77.5183793,"RNSIT, Uttarahalli Kengeri Main Road, Bangalore, 560098",,,,1644443078
Alliance Business School Admin Office,college,12.9169487,77.6194004,,,,,1837440175
Capitol College of Nursing,college,12.8849462,77.5818317,,,,,2002703954
Satish Dhawan Auditorium,college,13.0138137,77.5694411,,,,,2028113926
Horticulture Training Center,college,12.9444702,77.5847747,,,,,2405794811
East Point College,college,13.0155815,77.6426558,"7 Main Road, Kalyan Nagar, Bangalore",,,,2475354324
ASC Study Center,college,12.9753608,77.5313481,"Next to Shobhs Hospital, Vijayanagar, Nagarabhavi Road, Bangalore, 560040",,,,2480884740
ASC Degree College,college,12.9761551,77.5305492,"Near Shobha Hospital, Vijayangar, 60 Feet Road, Pattegarara Palya Main Road, Bangalore, 560079",,,,2480884757
Zee Institute of Creative Arts,college,12.9900378,77.537746,"Near Havanur Circle, Basaveshwara Nagar, 1st main Basaveshwaranagar, Bangalore",+91 80 66490571,,,2497073985
Chandra Gymkhana Institute,college,12.9608934,77.527289,"Chandra Layout, 4th Main Road, Bangalore",,,,2514705834
CMS,college,12.9797671,77.5858092,,,,,2537637890
Divecha Centre for Climate Change,college,13.0192552,77.5707254,,,,,3001237835
Amaravathy PU College,college,12.8872703,77.5817854,,,,,3212034803
The Oxford College of Engineering,college,12.9020523,77.631261,,,,,3214264917
SJB Institute of Technology,college,12.8990538,77.4963065,,08028612445,https://www.sjbit.edu.in/,,3214435257
BNM Institute of Technology,college,12.921883,77.5675933,"Banashankari, Bengaluru, 560070",08026711781,https://www.bnmit.org/,,3214475140
Kairalee Nikethan Education Trust,college,12.9792701,77.6393682,,,,,3369957259
K M J College Of Nursing.,college,12.977444,77.6367467,,,,,3374315087
Business Excellence Institute,college,12.9824741,77.6381006,,,,,3389094364
The Oxford College of Hotel Management,college,12.9096963,77.5808492,,,,,3393457970
The Oxford Pre-University College,college,12.9098009,77.5808465,,,,,3393457971
The Oxford Evening Polytechnic,college,12.9095343,77.5808465,,,,,3393458919
The Oxford Polytechnic,college,12.9098532,77.5808465,,,,,3393458920
FFE IT - Foundation for excellence india trust,university,12.9801411,77.6374953,,,,,3556214254
Urban DIET,college,12.9313595,77.5135774,"Kenchenahalli Main Road, Bengaluru",,,,3691475331
"Iqra International School, Bangalore",college,12.9175685,77.6143926,,,,,3702280940
Wisdom International School,college,12.9195986,77.608563,,,,,3702281012
S Cadambi Pre University College,college,12.993765,77.5393225,,,,,4004502433
Agricultural Engineering,college,13.0788225,77.5717807,,,,,4104411468
Department of Computational and Data Sciences,college,13.0165683,77.5709518,,,,,4219746730
Supercomputer Education and Research Centre,college,13.016558,77.5707323,,,,,4219746731
Presidency University,college,12.9655881,77.6036377,,,,,4307640439
Stracey Memorial Composite PU College,college,12.974863,77.6021343,,,,,4368861091
MVJ PU College,college,12.9237659,77.5696566,"24th Cross Road, Bangalore, 560070",,,,4450210197
Allen Career Institute,college,12.9853846,77.5444298,"1st Main Basaveshwaranagar, Bangalore, 560079",,https://www.allen.ac.in/,,4477057217
Brindavan College,college,13.044455,77.5801705,"Cross Road, Vinayaka Layout, Bhoopasandra, 560094",,,,4679825893
Vbr pu college,college,13.03269,77.6305228,,,,,4987609421
Government First Grade College,college,12.9933689,77.5528214,,,,,5157373778
Rajajinagar PU Degree College,college,12.9848766,77.5559878,,,,,5623433276
Hindi Shikshak Training College,college,12.9913348,77.5507951,,,,,5922659279
Teacher's Academy Degree College,college,13.0282133,77.6306485,,,,,6175816263
IISc-ISRO Space Technology Cell,college,13.0267394,77.5633585,,,,,6536955969
Centre for High Energy Physics,college,13.0254093,77.5633894,,,http://chep.iisc.ac.in/,,6570549326
Astronomy and Astrophysics Programme,college,13.0249311,77.5629804,,,https://physics.iisc.ac.in/~jap/,,6570549327
"Molecular Reproduction, Development & Genetics",college,13.0235748,77.5634176,,,http://www.mrdg.iisc.ernet.in/,,6570549328
Microbiology & Cell Biology,college,13.0234782,77.5643228,,,https://mcbl.iisc.ac.in/,,6570549329
Centre for Ecological Sciences,college,13.0233135,77.5637421,,,http://ces.iisc.ac.in/,,6570549334
Biochemistry,college,13.0241471,77.5640331,,,https://biochem.iisc.ac.in/,,6570549335
Centre for Cryogenic Technology,college,13.0168248,77.5653917,,,,,6577109017
JD Institute of Fashion Technology,college,12.9741814,77.6081923,,,,,6584009942
Academic Block Sapthagiri College,college,13.0682855,77.5044244,,,,,6809765553
Vidya Vikas Polytechnic,college,12.938738,77.5230114,,,,,6899554650
St. Anne's Pre-University College For Girls,college,13.0123129,77.6793137,Ramamurthy Nagar,,,,6991500025
Chitrakala Parishattu,college,12.902777,77.5073782,,,,,7173041691
Lavonne Academy of Baking Science and Pastry Arts,college,12.9668354,77.6369007,"3rd Cross Road, Bengaluru, 560071",,https://lavonne.in/,info@lavonne.in,7178597786
Department of Geology,college,12.9454491,77.509215,"Gandhi Marg, 560056",,,,7695518285
NRI Institute,college,12.9698416,77.5082103,,9448524579,,,7972177569
Anupama College of Management And Science,college,13.0066617,77.5449837,,,,,8196808708
Government Pre University College,college,12.9900587,77.5661228,,,,,8196809284
GPUC-Gopalan PU College,college,12.9864281,77.7166625,,,https://www.gopalancolleges.com/gpuc/,,8196809332
Bsv Pu College Malagala,college,12.979487,77.510375,,,,,8196809374
East West College of Nursing And Management,college,12.97713,77.4824667,,,,,8196809395
East West College of Pharmacy,college,12.9764149,77.4825255,,,,,8196809404
Global Institute of Medical Science,college,12.9686611,77.5856195,,,,,8196809485
G.r. Correspondence College,college,12.905931,77.54275,,,,,8196809881
M.S.Polytechnic,college,13.019726,77.5552398,,,,,8364347332
Rang De Bharat Foundation,college,12.9215629,77.5911575,"38th Cross Road, 566041",7676006006,https://www.rangdebharat.org/,admissions@rangdebharat.org,10058077317
Sampratishta School of Fine Arts & Design,college,12.921552,77.5911015,"38th Cross Road, 560041",7676006006,https://www.sampratishta.org/,admissions@sampratishta.org,10058078817
Sri Aurobindo College,college,12.9990996,77.5502801,,,,,10276162816
The Bangalore School of Music,college,13.0264468,77.5918691,,,,,10293921742
Dairy Science College,college,13.0293422,77.5837058,,,,,10574607719
National Bureau of Soil Survey and Landuse Planning,college,13.0285112,77.5835663,,,,,10574607724
"Manipal Law School, Bengaluru",college,13.1265925,77.5898427,,,,,10608574574
"Department of Public Policy, MAHE",college,13.1251819,77.5905025,,,,,10608574575
"Department of Liberal Arts, Humanities and Social Sciences, MAHE",college,13.1254954,77.5904596,,,,,10608574576
"Manipal Institute of Technology, Bengaluru",college,13.1264958,77.5904864,,,,,10608574577
Dr. Ramanah Manohar College of Law,college,12.8582964,77.5896874,,,,,10697710409
M S Ramaiah Faculty of Pharmacy,college,13.0297739,77.5678793,,,,,10848190371
Hasnath College for Women,college,12.9793318,77.6151279,,,,,10887396863
"IIHS, Bengaluru City Campus Annexe - I",college,13.0074059,77.5819464,,,https://www.iihs.co.in/,,10941531361
Srushti Degree College,college,12.9692353,77.7006739,Outer Ring Road,+91 99646 45111; +91 97409 56262,https://srushtidegreecollege.com/,srushtidegreecollege@gmail.com,11056993028
South India Banks Staff Training College,college,12.9533506,77.5700275,,,,,11178125303
Peniel Community College for Women,college,13.0058168,77.6267398,,,,,11212337062
Nagarathna Srikantaiah Paramedical College,college,13.0015536,77.5695007,,+91-080-40810638,,,11255385154
"IIHS, Bengaluru City Campus - Annexe II",college,13.0093598,77.5800587,,,,,11513175535
IDeA College,college,12.9874213,77.5948654,,,,,11658509111
St. Anne's PU College,college,12.9879659,77.5909142,,,,,11676514111
Government Science College,college,12.9736287,77.5861788,"Nrupathunga Road, Sampangiram Nagar, Bengaluru, 560001",,http://www.gscblr.kar.nic.in/,,11693091281
Government Arts College,college,12.9738939,77.5850362,"Nrupathunga Road, Sampangiram Nagar, Bengaluru, 560001",,https://gfgc.kar.nic.in/gac/,,11693091282
Central College,college,12.975095,77.5842717,,,,,11696866839
"Maharani's Arts, Commerce and Management College",college,12.980325,77.5832927,,,,,11696866861
VHD Home Science College,college,12.9775492,77.583451,,,,,11696866862
Maharani's Science College for Women,college,12.9795827,77.5839847,,,,,11696866863
Management Studies Department,college,13.1285502,77.5867957,,,,,11860460517
EEE Department,college,13.1284405,77.5877371,,,,,11860460518
ECE Department,college,13.1284784,77.5870505,,,,,11860460519
CSE Department,college,13.1284562,77.5872771,,,,,11860460520
Physics Department,college,13.1285737,77.5879464,,,,,11860460521
Chemistry Department,college,13.1287331,77.5879531,,,,,11860460522
MCA Department,college,13.1287057,77.5868145,,,,,11860460608
ISE Department,college,13.1284549,77.5875024,,,,,11860460609
NMIT Polytechnic,college,13.1274479,77.5861976,,,,,11860460691
Nitte School of Architecture Planning & Design,college,13.1277797,77.5863504,,,,,11860460693
Aeronautical Department,college,13.1286482,77.5864591,,,,,11860460733
Mechanical Department,college,13.1288493,77.5864604,,,,,11860460734
Civil Department,college,13.1290439,77.5864698,,,,,11860460735
Nitte School of Fashion Technology and Interior Design,college,13.1303461,77.5868466,,,,,11860460799
NITTE School of Management,college,13.1309703,77.5886518,,,,,11860460800
Nitte College of Pharmaceutical Sciences,college,13.1307666,77.5869191,,,,,11860460805
Lowry Adventist College And Group Of Institutions,college,12.9994188,77.6769089,,,,,11896623994
Indian Institute of Fashion Technology,college,12.9777914,77.6367793,,,,,11945087365
Cauvery First Grade college,college,13.0612215,77.5874562,,,,,11949313691
GPS Institute of Agricultural Management,college,13.0378544,77.5215723,,,,,11998178515
Sacred Heart College of Nursing,college,13.0473955,77.50291,,,,,12017302524
KLE Law College,college,12.9683857,77.4818304,,,https://www.klelawcollege.org/,,12089402756
Seshadripuram Independent Pre-University College,college,12.915418,77.4809643,,+91 80 2295 5377,https://spuc.ac.in/,,12089426451
Seshadripuram Academy of Business Studies,college,12.9155804,77.4811537,,+91 80 2848 8676,https://sabs.ac.in/,,12089426452
Government Institute of Printing Technology,college,12.9790145,77.5852812,,,https://gpt.karnataka.gov.in/,,12134082436
University Law College,college,12.9747615,77.5816294,,,https://ulcbangalore.com/,,12137671668
RV University,university,12.9233711,77.499694,,,,,12872995423
AIT Information Science,college,12.9637093,77.5064206,,,,,12990000217
AIT Medical Electronics,college,12.963542,77.505565,,,,,12990000219
AIT Mechanical Engineering,college,12.9640334,77.5065815,,,,,12990000220
AIT Civil Engineering,college,12.9647601,77.5068685,,,,,12990000221
Institute of Agri-Business Management,college,13.077387,77.579739,560065,,,,13111707601
Institute of Agri-Business Management,college,13.0773825,77.57973,,,,,13112740301
Seshadripuram Commerce College,college,12.9754949,77.5570151,,,,,13245247096
GCC-Gopalan College of Commerce,college,12.9865202,77.7166571,,,https://www.gopalancolleges.com/gcc/,,13685065907
GCEM-Gopalan College of Engineering and Management,college,12.9864718,77.7171122,,,https://www.gopalancolleges.com/gcem/,,13685065908
Jain college (CGS),college,12.9496369,77.5769836,"Vasavi Temple Road, 560004",08046595200,https://www.jaincollege.ac.in/,info@jaincollege.ac.in,13806998302
Yenepoya College,college,13.0849778,77.6402789,,,,,13807615241
R V College,college,12.8940033,77.5620847,,,,,13866217118
Maaruti Dental College Campus,college,12.8657691,77.6013598,,,,,23001013
Indian Institute of Management Bangalore,university,12.8958685,77.6023239,"Bannerghatta Road, Bengaluru",,https://www.iimb.ac.in/,,23003438
Vasavi Education Trust,college,12.9085681,77.5925762,,,,,32260421
Jyoti Nivas Women's College,college,12.9328424,77.6165297,,,,,32290801
ME & WA College,college,12.9210822,77.5962995,,,,,32426424
Sadupadesa College,college,13.038901,77.6402949,,,,,35703028
Asanath College,college,13.0364055,77.6388752,,,,,35703030
Indian Plywood Industries Research and Training Institute,college,13.0342791,77.5326462,,,,,35901714
National Institute of Design - NID R&D Campus,college,13.0347813,77.5350017,,,,,35901716
Shri Vidya Niketan School and College,college,13.063974,77.6693003,,,,,35911235
South Asia Institute of Advanced Christian Studies,college,13.0618103,77.6538567,,+91 9606200303,https://www.saiacs.org/,admissions@saiacs.org,35912579
MS Ramaiah University,university,13.0301869,77.5675088,,,,,37107184
Saint John's Academy of Management Studies,college,13.0312504,77.6696022,,,,,37592665
Bangalore City College,college,13.0284669,77.6397006,,,,,37828595
Indo Asian Academy of Management Studies,college,13.0266869,77.6401929,,,,,37828662
Maharani Lakhsmi Ammani,college,13.0113749,77.5685918,,,,,37867734
Old Physics Building,college,13.0170508,77.565731,,,,,37947771
Sri Jayachamarajendra Government Polytechnic,college,12.9781351,77.586146,,,,,38542549
Nrupathunga University,university,12.973065,77.585197,"Nrupathunga Road, Sampangiram Nagar, Bengaluru, 560001",,https://nublr.karnataka.gov.in,,38542914
Unnamed Location,college,12.9551191,77.5745838,,,,,38751027
United Mission PUC and Degree College,college,12.9641582,77.5873338,,,,,38758706
Christ University,university,12.9337333,77.6051298,,,https://christuniversity.in/,,38774082
Raman Research Institute,college,13.0130745,77.5811095,,,https://rri.res.in,,38858222
National Tuberculosis Institute,college,13.0009049,77.5829668,Bellary Road,,,,38870504
Central Manufacturing Technology Institute,college,13.0336431,77.535953,,,,,38968934
Theosophical Society,college,12.9559164,77.5728761,,,,,40629063
National College Jayanagar,college,12.9255074,77.5788375,,,,,40629481
National College,college,12.9247333,77.5788669,,,,,40629484
Carmel Convent PU College,college,12.9268711,77.5996471,Bannerghatta Road,,,,40631636
BES Educational Institutions,college,12.9270063,77.5888743,,,,,40633846
RV Institute of Management,college,12.9225159,77.5927214,,,,,40633850
Institute of Aerospace Medicine - IAM,college,12.95715,77.6640427,HAL Airport Road,,,,41725061
St. Claret College,college,13.043819,77.5448045,,,,,41972358
Government College,college,13.0458868,77.5497795,,,,,42014451
National Academy of Customs Excise and Narcotics,college,13.0428557,77.5383775,,,,,42014453
BEL PU Composite College and First Grade College,college,13.0502782,77.5552088,,,,,42407829
Central Research Labarotary,college,13.056135,77.5530783,,,,,42407837
Southern Asia Bible College,college,13.0715402,77.6503968,,,,,43102213
Government Ladies College,college,13.0031052,77.5678141,,,,,45333229
Karnataka Chitrakala Parishath,college,12.9891598,77.5807461,,,http://karnatakachitrakalaparishath.com/,,45443657
Sheshadripuram College,college,12.9889187,77.5762497,"Seshadripuram, Bangalore, 560020",+91-80-22955350,https://www.set.edu.in/,info@set.edu.in,45443682
Ministry of Fisheries Training,college,13.0456314,77.5333949,,,,,46251156
National Institute of Creative Communication - NICC,college,13.0372145,77.6438639,,,,,46611578
Foremen Training Institute - FTI,college,13.0237647,77.5312839,,,,,46922187
Government First Grade College,college,13.0090184,77.5698089,,,,,46950395
University Visvesvaraya College of Engineering,college,12.9746977,77.5861015,,,https://uvce.ac.in/,,52063723
Bapuji College,college,12.9764135,77.5636204,,,,,53859313
Government Degree College,college,12.9667564,77.5395051,,,,,54147967
Government First Grade College,college,13.0380171,77.5903177,,,,,54963214
Vijaya College,college,12.9280149,77.5870065,,,,,55675143
R. V. College of Engineering,college,12.9232,77.5006374,,,https://rvce.edu.in,,55685638
Visthar,college,13.0722766,77.6574607,,,,,56312276
The Energy Resource Institute,college,12.9636618,77.6379214,,,https://www.teriin.org/,,56734546
Sri Bhagavan Mahaveer Jain College,college,12.9765873,77.6342897,,,,,59358860
Jyothi College,college,13.0994426,77.5853965,,,,,82432616
Seshadripuram First Grade College,college,13.0998144,77.588044,,,,,82432618
National Insittute of Public Cooperation and Child Development,college,13.1025091,77.5846333,,,,,82436961
Central Institute of Medicinal and Aromatic Plants,college,13.083563,77.5908706,,,,,82508422
JSS Academy of Technical Education,college,12.9025617,77.5050775,"Dr. Vishnuvardhan Road, bangalore, 560060",,https://jssateb.ac.in/,,106873634
Dr. Ambedkar Institute of Technology,college,12.9646119,77.5066686,,,,,113384298
Indian Institute of Plantation Management,college,12.9617018,77.5054207,,,https://iimpb.edu.in,,113391316
Malleshwaram Ladies Association,college,13.0049784,77.570229,,,,,113775829
MES College of Arts and Science,college,13.0054003,77.5635104,"10th Main, 15th Cross",,,,114786251
KS Institute of Technology,college,12.8792524,77.544629,,,https://www.ksit.ac.in/,,117082603
City Engineering College,college,12.8887443,77.5506312,,,,,118414979
CMR Institute of Technology,college,12.9665657,77.7123549,,+91 80 28524466,https://www.cmrit.ac.in/,info@cmrit.ac.in,122691466
Vishweshwaraiah College,college,12.9578114,77.6583092,,,,,122918713
HAL Management Academy,college,12.9657747,77.6932731,,,,,124538653
Indian Statistical Institute,university,12.9324122,77.5041669,"Mysore Road, 560059",,,,128624631
Krupanidhi Institutions,college,12.9143275,77.7238616,,,,,130630869
Sri Sathya Sai Institute of Higher Learning,college,13.0012666,77.7595963,,,,,130645780
NMKRV College,college,12.9323472,77.5814061,,,,,131441261
Bishop Cotton's Women's Christian College,college,12.9626697,77.586985,"3rd Cross Road, Bangalore, 560027",+91 080 22121898,,,131443354
Sambhram Institute of Technology,college,13.0897175,77.5458768,,,,,133000232
Government School,college,13.0971325,77.5934644,,,,,133125754
Government PU College,college,13.096833,77.5944513,,,,,133125764
Sri Kumarans College,college,12.9125019,77.5574602,,,,,133142991
Loyola Industrial Training Centre,college,12.8694537,77.5924812,,,,,133243133
Chaitanya Nursing College,college,13.0994512,77.5861481,,,,,133352375
Ghousia Polytechnic,college,12.935516,77.6070148,,,,,133524186
Vivekananda Degree College,college,13.0091201,77.5550382,,,,,133810608
Vidhya Bharathi College,college,12.9167312,77.634495,,,,,133820242
St. Francis College,college,12.9262511,77.6296512,,,,,133822899
Krupanidhi College,college,12.9238171,77.6293555,Sarjapur road,,,,133883975
"City College, Bangalore",college,12.9261331,77.5784875,,,,,133959857
Bangalore International Academy,college,12.9269091,77.5777418,,,,,133959897
Vemana Institute of Technology,college,12.9296226,77.6225779,,,,,134223205
RJS Institute of Management Studies,college,12.9294621,77.6230045,,,,,134223490
Lowry Memorial College,college,12.9977389,77.6796542,,,,,134987718
Montfort College,college,12.985557,77.6466045,560038,,,,135266048
Dr Ambedkar College,college,12.9720071,77.6379617,,,,,138223660
Government Pharmacy College,college,12.9612179,77.5904079,"Mission Road (Kalinga Rao Road), Bengaluru, 560027",,,,138991405
Sadhguru Sainath International School and College,college,12.888835,77.6625981,,,,,140868992
St. Joseph's College of Business Administration,college,12.970355,77.602831,F M Cariappa Road,,,,141500478
St. Joseph's Pre-University College,college,12.9711296,77.6041777,,,,,141500479
NCERT,college,12.929527,77.5438362,,,,,141813089
National Institute of Unani Medicine,college,12.9909868,77.513684,,,,,143731427
K L E Society's S. Nijalingappa College,college,12.9959167,77.5535397,,,,,147695305
Seshadripuram Law College,college,12.99118,77.575137,,,,,148661098
Vokkaligara Sangha Dental College,college,12.9543874,77.5748847,,,,,150351526
St. Anthony Composite P. U. College,college,13.0206562,77.7000103,,,,,160470309
United Theological College,college,12.9961635,77.598822,"Millers Road, Benson Town, Bangalore, 560046",,https://utc.edu.in/,,163198436
Jain University,university,12.9181468,77.5919059,,,,,164569256
Chinmaya Mission School,university,12.9351012,77.6276505,,,,,164627253
M S Ramaiah Institute of Technology,college,13.0309173,77.565225,,,,,166365464
MEI Polytechnic College,college,12.9837431,77.5566697,,,,,166612453
Bangalore Institute of Management Studies,college,12.9258463,77.4993799,"Mysore Road, 560059",,,,168105379
NTTF Technical Training Institute,college,13.0250286,77.508529,,,,,168171726
M S Ramaiah Institute of Management Sciences,college,13.0291538,77.569833,,,,,169454717
Government Homeopathy College & Hospital,college,12.9830454,77.5376773,,,,,169719304
Ayurvedic Medical College,college,12.9651167,77.5434098,,,,,169816627
East West Group of Institutions,college,12.9768386,77.4831368,,,,,169984937
BMS College of Engineering,college,12.9415239,77.5659049,,,,,172845845
Unnamed Location,college,12.9378089,77.5583328,,,,,172845880
Siddhartha PU College,college,13.0108569,77.6214886,,,,,173039121
Dr. Ambedkar Medical College,college,13.0241073,77.6148515,560045,,,,175876882
M V Jayaram College of Engineering,college,12.9849166,77.7627604,,+91 80 4299 1000,https://mvjce.edu.in/,contactmvjce@gmail.com,181469517
St. Anne's First Grade College for Women,college,12.988373,77.5905885,,,,,182826337
Chris Canadian Institutions,college,13.0270303,77.6362369,,,,,183863407
Darul Uloom Sabeelur Rashad Arabic College,college,13.0304973,77.6223395,Nagawara Main Road,,,,183863413
HKBK College of Engineering,college,13.0362002,77.619781,,,,,184943581
Surana College,college,12.9363361,77.5782076,,,https://www.suranacollege.edu.in/,,197373906
College of Agriculture,college,13.0772767,77.5777437,,,,,201253920
KSRP Research and Training Center,college,12.9715432,77.6096095,,,,,208745496
Govt R C College,college,12.9835106,77.58689,Race Course Road,,,,208827393
National Institute of Fashion Technology,college,12.9119735,77.6527313,"27th Main, HSR Layout, Bengaluru, 560102",,https://www.nift.ac.in/bengaluru/,,232044884
CMR College,college,13.0061592,77.6507354,"3rd Cross, 6th 'A' Ma, 4th Main Road, East of NGEF Layout, Bennigana Halli, 560043",,,,239547642
"Government High School & Junior College,Belatur Colony",college,12.9984828,77.7531194,"Junior College Road, Kadugodi Industrial Area",,,,239572655
Government Technical Industrial Institute,college,12.9357539,77.6001395,,,,,239738394
Fire Service Campus,college,12.9331327,77.5980883,,,,,239738396
ITI Bhavan,college,13.0071785,77.6910615,"Old Madras Road, Duravani Nagar, K.R Puram",,,,239758169
SJES College,college,13.0249701,77.7151535,"Old Madras Road, K.R Puram",,,,239759555
Oxford Management College,college,12.9159389,77.6428677,,,,,240663075
Shakuntala Devi International Institute of Management Sciences and PreUniversity,college,12.916582,77.6425948,,,,,240665267
Regional Institute of Co-operative Management,college,12.9209039,77.5591701,,,,,244031567
ACS College of Engineering,college,12.8912228,77.4653706,,,,,253432461
Employees' State Insurance Corporation Medical College & Post Graduate Institute of Medical Science & Research,college,12.991534,77.5534904,,,,,255664771
Vijaya College,college,12.940415,77.5808636,,,,,257203639
Fullinfaws College,college,12.8682011,77.6165729,"Akshaya Nagar, Yellahanahalli, Begur Main Road, Bangalore, 560068",,http://fullinfawscollege.blogspot.in/,fullinfawscollege@yahoo.in,259157357
RPA First Grade College,college,12.9815956,77.5529529,,,,,259570534
KIMS - Kempegowda Institute of Medical Sciences,college,12.9267695,77.5624631,"30th Main road, Banashankari 2nd Stage, Bangalore",,,,289694897
Gopalan International School,college,12.9849608,77.7174195,"Seetharampalya Road, Bangalore, 560048",,https://www.gopalanschool.com/international/,,322896805
Government College of Nursing,college,12.9623462,77.575312,,,,,327032476
Government Dental College and Research Institute,college,12.9637904,77.5759033,Bala Gangadhara Swamy Flyover,,,,327032478
Senior Police Officers Research and Training Institute,college,12.9702345,77.6116398,,,,,331378208
Adichunchanagiri Shikshana Trust,college,12.9012695,77.4972635,,,,,331547213
Al Ameen Pre and Degree College,college,12.9529705,77.5881572,MariGowda Road,,,,335369723
R V Teachers College,college,12.9432616,77.5807346,,,,,338245372
Bangalore Management Academy,college,12.9765722,77.6931357,,,,,347206941
Unnamed Location,college,12.9415238,77.5543245,,+918026600648,,,348459952
"Rural DIET, Rajajinagar",college,12.9933779,77.5533031,,,,,348535898
Oxford College,college,12.90101,77.6309346,,,,,349648491
Karnataka Judicial Academy,college,12.9854416,77.5821636,"Race Course Road (Devaraj Urs Road), Bangalore, 560001",+918022382894/96,https://kjablr.kar.nic.in/node/1/index.html,,352191252
REVA University,university,13.1155417,77.6358788,,,,,353766456
PESU Electronic City Campus,university,12.861641,77.6654393,,,https://www.pes.edu/,,359626598
St Josephs College of Commerce,college,12.9699963,77.6074034,"Brigade Road, Ashok Nagar, Bangalore, 560025",,https://www.sjcc.edu.in/,,362418041
BEL Academy for Excellence,college,13.0437363,77.5626393,,,,,363126115
Government Ayurvedic Medical College,college,12.9795326,77.5737218,,,https://gamcb.in/,,363454311
Unnamed Location,college,12.9311425,77.513619,,,,,365103916
New Horizon PU College,college,13.0054864,77.6608858,"3rd A Cross, 2nd A Main, Kasturi Nagar, Bangalore, 560043",,,,366981473
St Anne's Degree College,college,12.9740209,77.6256572,,,,,369295559
Hasnath Group of Institutions,college,12.9797744,77.6158045,,,,,370404411
RBANMS College,college,12.9815448,77.6150722,,,,,370404412
Soundarya Institute of Management,college,13.0709875,77.4945382,"Soundarya Nagara, Bengaluru",,,,373559560
PU Cauvery College,college,12.9644861,77.6446189,,,,,374694446
RR College of Pharmacy,college,13.0735071,77.5108905,,,,,383573338
Indian Institute of Psychology & Research,college,12.9308359,77.6135839,,,https://iipr.in,,389341672
Indira Gandhi National Open University,college,12.9533742,77.5975797,,,,,393699932
Rajarajeshwari Medical College and Hospital,college,12.8939067,77.462609,,,,,401823008
"IIHS, Bengaluru City Campus",college,13.005556,77.5809082,"16th Cross Road, Sadashivanagar, Bengaluru, 560080",+91 80 6760 6666,https://iihs.co.in,,402011853
International Instittute of Hotel Management,college,12.979453,77.6460946,Indiranagar,,,,408159169
International Instittute of Hotel Management,college,12.9794703,77.6462387,,,,,408159171
SB Nursing College,college,13.1046531,77.5727797,"N5,Srishti School of Art, Design and technology, KHB Colony, yelahanka new town, 560064",,,,412909362
Presidency College,college,13.0506431,77.5980043,,+91 80 42478700,https://presidencycollege.ac.in/,contact@presidency.edu.in,417316848
Abbas Khan College,college,12.9662043,77.585701,,,,,421114582
Dayanand Sagar Institutions,college,12.9077922,77.5667401,,,,,442048027
College of Nursing - ESIC,college,12.9709976,77.6355707,,,,,454038609
Silicon City College,college,13.0111621,77.7016114,"Bangalore, 560036",,,,456608491
Nitte Meenakshi Institute of Technology,college,13.1293899,77.5879044,,,https://www.nmit.ac.in/,,487587789
Vydehi Institute of Medical Science and Research Center,college,12.9767231,77.7303716,,+91-80-49069000,https://vims.ac.in/education/,info@vims.ac.in,494678981
Unnamed Location,college,13.0576618,77.6420218,,,,,530606746
Kristu Jayanti University,university,13.058229,77.6424351,"K. Narayanapura Main Road, Bengaluru, 560077",,https://kristujayanti.edu.in/home/,,530665374
Royal College of Management Studies,college,13.0279653,77.6338225,"Hennur Flyover, Bangalore, 560043",,https://www.rcms.co.in/,,530861581
Sacred Heart Degree College,college,12.9645727,77.6614009,,,,,553065523
Brindavan Group of Institutions,college,13.1240154,77.6204825,"Bagalur Road, Bengaluru, 560063",080-28478766,,,628739078
ALT training college,college,12.9174984,77.6714888,Sarjapur Road,,,,631225531
Institute of Hotel Management,college,12.9786163,77.5866665,,,,,670210356
New Horizon College of Engineering,university,12.9343765,77.6921961,,,,,672512845
Unnamed Location,college,12.9482151,77.5968238,,,,,673677240
Kristu Jyoti College,college,13.0218135,77.7031995,,,,,679185384
St Vincent Pallotti College,college,13.0297477,77.6415271,,,,,687173287
PES University,university,12.9348535,77.5321405,,,,,687911440
Aavishkar Academy,college,12.9810372,77.6246913,,,,,688353425
Bangalore Integrated Management Academy,college,12.9244411,77.4968578,,,,,695545719
TIFR Centre for Applicable Mathematics,college,13.093793,77.5763393,,,https://math.tifrbng.res.in/,,705023785
Global Academy of Technology,college,12.9272671,77.5262224,,,,,766650745
Indian Institute of Spirituality,college,13.005314,77.5533932,,,https://www.iispirituality.org/,,771371516
Indian Academy Group of Institutions,college,13.0302427,77.6355917,"Hennur Main Road, Kalyan Nagar, Bangalore, 560043",+91 8067 458900,https://www.indianacademy.edu.in,info@indianacademy.edu.in,772203194
"IIHS, Tharangavana",college,13.013045,77.573415,,,,,777690250
SJR College of Law,college,12.9818346,77.5757991,"Race Course Road, Bengaluru, 560009",,https://www.sjrlawcollege.in/,,779282870
St. Francis Composite PU College,college,12.9270487,77.6301463,,,,,779344655
Karnataka State Labour Institute,college,13.0532657,77.4965581,,,,,781538787
Indian Institute of Ayurvedic Medicine & Research,college,13.0022168,77.5921105,"Jayamahal Road, Bengaluru, 560006",080 - 2343 7895,http://iiamr.co.in,iiamr@yahoo.com,785341394
NCBS Bangalore,college,13.0714927,77.5801602,"GKVK Campus, Bangalore, 560065",,https://ncbs.res.in,,816863562
KNS Institute of Technology,college,13.0883323,77.6371783,"Hegde Nagar, Bangalore, 560 064",+91-80-28567955,https://www.knsit.com/,info@knsit.com,844928306
SJR College for Women,college,12.9821724,77.5612902,"Link Road, Bangalore",,,,851788944
VVS Girls College,college,12.9871277,77.5426566,,,,,851795158
GSAP-Gopalan College Of Architecture,college,12.9864581,77.7169589,,,,,886184261
St. Anthony's PU College,college,12.926725,77.49845,,,,,886184273
Impact College of Engineering and Applied Sciences,college,13.0537899,77.5810306,,,,,893319466
Unnamed Location,college,13.0005642,77.622022,,,,,961651327
"ICAR - Indian Veterinary Research Institute, Hebbal",college,13.0248754,77.5830666,"Hebbal, Sanjaynagar, Karnataka, Bengaluru, 560024",080 2341 0729,ivri.nic.in,,963352882
Unnamed Location,college,12.9293924,77.6231114,,,,,967216468
Baldwin Methodist College,college,12.9615474,77.6063126,,,,,996021805
Mariyappa First Grade College,college,12.998356,77.5584602,,,,,997924004
St. Joseph's Institute of Management,college,12.9725039,77.6130568,,,,,997966835
National Power Training Institute,college,12.914142,77.5689321,,,,,1044521107
BBMP PU College,college,12.983676,77.6014367,,,,,1047676476
Government First Grade College,college,12.9147432,77.6505752,,,,,1050019895
Kempegowda Institute of Management Studies and Research,college,12.9834643,77.5099921,,,,,1050578227
"National School of Drama, Bengaluru",college,12.9566063,77.5057463,,,,,1050578229
Manipal Academy Of BFSI,college,13.0846319,77.6377447,,,https://manipalbfsi.com/,,1052012954
Karnataka College of Pharmacy,college,13.0860699,77.6359056,,,,,1052012963
RBANMS First Grade Evening College,college,12.9821415,77.6151763,,,,,1052463665
Institute for Social and Economic Change,college,12.9533833,77.5138572,,,https://www.isec.ac.in/,,1054241399
National Law School of India University,university,12.9529327,77.5159691,,,https://www.nls.ac.in/,contactus@nls.ac.in,1054241433
"Dr. B. R. Ambedkar School of Economics University, Bengaluru",university,12.9494982,77.5171654,,,https://base.ac.in/,,1054489008
Maulana Azad National Urdu University,college,12.9525207,77.5188218,Valgerahalli,,,,1054489022
St Joseph's College of Law,college,12.9704168,77.6032839,,,,,1066960399
Rajiv Gandhi College Of Law,college,13.0029512,77.5725513,,+91 98440 51880,http://www.rajivgandhicollegeoflaw.in/home.html,rgcl1994@gmail.com,1069218271
Carmel PUC,college,12.9882336,77.5449871,,,,,1069253452
Chirst University Yeshwantpur Campus,college,13.0357273,77.5056937,,,,,1070554580
Christ University Bannerghatta Road,college,12.8778683,77.596113,,,,,1074088675
National Institute of Advanced Studies - NIAS,college,13.0293756,77.5635513,,,,,1077744657
Bishop Cotton Academy of Professional Management,college,13.0994183,77.5868339,3rd A Cross Road,,,,1079068564
Agragami College of Aeronautical Engineering,college,13.094775,77.5904173,,,,,1079068583
East West College of Engineering,college,13.0957382,77.590225,,,,,1079068585
Al-Ameen Arts and Science College,college,12.9542208,77.5867157,,,,,1079087278
"Manipal Academy of Higher Education, Bengaluru",university,13.1264517,77.5890581,"Yelahanka, Bengaluru, 560064",,https://manipal.edu/mu/campuses/mahe-bengaluru.html,,1079506842
Jeevalaya Institute of Philosophy,college,12.8622781,77.5829112,,,https://www.jeevalaya.in,,1082360485
National Institute of Animal Nutrition and Physiology,college,12.9482501,77.6086002,,,,,1086044112
Police Training School,college,13.0767034,77.6267551,,,,,1086438029
St. Paul's College,college,13.0346158,77.5056378,,,,,1087820280
Carmelaram Theology College,college,12.9129825,77.7085325,,,,,1088209012
Karunalayam Convent,college,12.9104666,77.7069506,,,,,1088209016
MQI College,college,12.9969519,77.6065676,,,,,1101219240
Institute of Wood Science and Technology,college,13.0120786,77.5709861,"Bengaluru, 560003",,https://iwst.icfre.gov.in/,dir_iwst@icfre.org,1106402207
Unnamed Location,college,12.9944436,77.5579391,,,,,1106630229
Vivekananda College of Law,college,12.9988218,77.5616587,,,,,1106630232
Government First Grade College,college,12.993391,77.5528384,,,,,1111108764
"Gyan Jyothi, State Bank of India",college,13.0731536,77.5964697,,,,,1112530385
Chitrakala Parishattu,college,12.902964,77.5074479,,,,,1120154291
RNS Institute of Technology,college,12.9007364,77.5173828,"RNSIT, Uttarahalli Kengeri Main Road, Bangalore, 560098",,,,1120154292
Acharya Bangalore Business School,college,13.0034333,77.4842662,,,,,1123272061
Unnamed Location,college,13.0005476,77.5477816,,,,,1128022675
St. Philomena's College of Nursing,college,12.964601,77.6108833,,,https://philomenasnursingcollege.com/,,1137187609
"Srishti Manipal Institute of Art, Design and Technology",college,13.1258755,77.5915553,"MAHE Bengaluru Campus, Yelahanka, Bengaluru, 560064",+91 80 49000800,https://srishtimanipalinstitute.in,,1138000902
Ashoka Trust for Research in Ecology and Environment,college,13.064321,77.620289,,,https://atree.org,,1138940974
Jain University School of Allied Healthcare & Sciences,university,12.9852447,77.7331674,,,https://www.jgi.ac.in/,,1144296232
Bible College and Ministry Training Center,college,13.0651208,77.6371661,,,,,1153855767
Maulana Azad National Urdu University,college,12.9276077,77.4981982,,,,,1156224677
Darshan College,college,12.9263091,77.4976197,,,,,1156224678
Bowring and Lady Curzon Medical College,college,12.9838498,77.5988818,,,,,1157218015
T John College,college,12.8507133,77.5945708,,,,,1178402472
Sri Sai College for Women,college,12.997409,77.5546015,,,,,1182387683
Jain Centre for Management Studies,college,12.9603662,77.5871967,,,,,1186431410
Jain University,college,12.9609027,77.5853359,,,,,1186431423
Manipal Institute of Regenerative Medicine,college,13.0874394,77.5895866,,,,,1186494035
Visvadeep: Institute of Youth Ministry and Faith Education,college,13.0205206,77.7041678,,,,,1196104384
Don Bosco College,college,13.0229356,77.7024819,,,,,1196104394
"M.S. Ramaiah University of Applied Sciences, Peenya Campus",college,13.0184908,77.5079984,,+918049065555,https://www.msruas.ac.in/,,1196500576
Unnamed Location,college,12.8736599,77.5989796,,,,,1199401120
Islamia Institute of Technology,college,12.8745052,77.5966313,,,,,1199401153
Bosch Learning Campus,college,12.8883329,77.6113151,,,,,1220092531
Kotak Manipal Academy of Banking,college,13.0859941,77.6318433,,,,,1240800465
Karnataka Institute of Leather & Fashion Techology,college,12.9628861,77.4767231,,,,,1241560542
Baldwin Women's Methodist College,college,12.9649692,77.6004187,,,,,1241682281
Dharmaram Vidya Kshetra,university,12.935714,77.6026979,,,,,1242193155
Sapthagiri Institute of Allied Health Sciences,college,13.0727709,77.5009673,,,,,1253120672
Gateway Community College,college,13.0619238,77.6566243,,,,,1253158174
Government SKSJ Technology Institute,college,12.9769337,77.5870753,,,https://gec.karnataka.gov.in/sksjti/public/en,,1258159460
Bangalore Medical College Gents Hostel,college,12.9764406,77.5829357,,,,,1258159468
SBS PU and Degree College,college,12.918389,77.477391,,,,,1262097994
IBS Business School,college,12.8972748,77.4650489,,,,,1264388231
MVM Institute of Nursing Sciences,college,13.1143915,77.6088685,,,,,1272767226
Unnamed Location,college,12.9271233,77.6018707,,,,,1274548656
Unnamed Location,college,13.0584836,77.649554,,,,,1279250156
"Presidency PU College, Kogilu",college,13.1028982,77.6236634,,,,,1279826113
Adhyayana PU College,college,13.0893182,77.5569728,,,,,1283712422
"Government PU College, Peenya",college,13.0328569,77.5298236,,,,,1294790775
GFGC Peenya,college,13.033209,77.5311007,,,,,1294790776
Ashoka College,college,13.0649412,77.5326224,,,,,1297584673
RV College of Architecture,college,12.8781579,77.5130235,,,https://rvca.edu.in/,,1302638873
Panchasheela Polytechnic School,college,12.9111596,77.5096932,,,,,1315659143
RV Institute of Technology and Management,college,12.8727754,77.5758246,,,,,1328835878
KTSV PU College,college,12.9749836,77.5327686,,,,,1343694376
Unnamed Location,college,12.9702948,77.538012,,,,,1343761938
Unnamed Location,college,13.0031927,77.5481465,,,,,1344574759
"Sri Chaitanya PU College, Horamavu",college,13.0269962,77.6569341,,,,,1346910006
Unnamed Location,college,12.8866517,77.5462158,,,,,1347917795
Unnamed Location,college,13.0028438,77.60042,,,,,1348168138
Hillside College of Nursing,college,12.8836678,77.5461093,,,,,1349974789
Traffic Training and Road Safety Institute,college,13.0707812,77.6355525,,,,,1351244019
Fiscal Policy Institute,college,12.8986489,77.4667132,,,,,1353425185
Nirmala Jyothi Technical Institute Salesian Sisters,college,12.8669346,77.5912825,"Bannerghatta Road, Kalena Agrahara, Kothnur, Bengaluru, 560076",,,,1353883393
Unnamed Location,college,12.8568683,77.5895168,,,,,1356597058
Indira Priyadarshini College of Law,college,13.1056977,77.5676809,,,,,1359580742
Govt. First Grade College,college,13.0457712,77.5191873,,,,,1359581573
St. Paul PU College,college,13.0170434,77.6349303,,,,,1363623616
Unnamed Location,college,13.0269906,77.6328477,,,,,1363777220
Goodwill College for Women,college,12.9950655,77.6098557,,,,,1364046523
St. Mary's Global Academy,college,12.9049222,77.4948419,,,,,1364433561
New Shores International College,college,13.0097817,77.6524884,,,,,1366533577
Indian Academy PUC,college,13.0322731,77.6347837,,,,,1373341073
SYA PU College,college,13.0388245,77.5754737,,,,,1378923058
SM PU and Degree College,college,13.038576,77.5760886,,,,,1378923061
Rajiv Gandhi Institute of Technology,college,13.0333663,77.5979688,,,,,1386060476
Sri Rajiv Gandhi College of Dental Sciences & Hospital,college,13.0338347,77.5974269,"Cholanagar, Bangalore, 560032",+918023339377,https://srgcds.ac.in,,1386060477
Vidya Vahini School and PU College,college,13.0294084,77.5892348,,,,,1386060674
Lal Bahabur Shastri Degree College,college,13.0220826,77.6021684,,,,,1386912276
RVS College of Nursing Sciences,college,12.9864958,77.5092195,,,,,1390079364
Vokkaligara Sangha Industrial Training Institute,college,12.9837378,77.5092114,,,,,1390079380
Universal College of Nursing,college,12.8804042,77.5894824,,,,,1391367685
Unnamed Location,college,12.9892009,77.497977,,,,,1393102042
Unnamed Location,college,12.9918313,77.4989305,,,,,1393102043
GT College,college,12.9899715,77.5067244,,,,,1393102061
RV Dental College,college,12.9268959,77.5832353,,,,,1395462316
Unnamed Location,college,13.0271904,77.636099,,,,,1409539450
Garden City College,college,13.0130342,77.7049303,,,,,1410389588
Cambridge Institute of Technolgy,college,13.0125259,77.704656,"K R Puram, Bangalore, 560 036",+91 80 25618799;+91 80 25618789;+91 80 25618789,http://www.citech.in/,principal@cambridgeinstitutions.ac.in,1410389591
"Government First Grade College, KR Puram",college,13.0142221,77.6986981,,,,,1410389597
Government Pharmacy College,college,12.9621435,77.5901163,"Mission Road (Kalinga Rao Road), Bengaluru, 560027",,,,1418860511
Karnataka Reddyjana Sangha Medical College,college,12.8957568,77.6740463,,,,,1420117184
Havnur College of Law,college,13.0160783,77.6638777,,,,,1423880505
ICAT Design & Media College,college,12.903684,77.6303209,"Hosur Road, Bommanahalli, 560068",,https://www.icat.ac.in/,,1424372722
SEA College,college,13.0096303,77.7151689,,,,,1429161313
Unnamed Location,college,12.9403342,77.5787453,,,,,1449723942
Westline College,college,13.1040841,77.6337162,,,,,1453040576
Government Polytechnic College,college,12.9805772,77.7585201,,,,,1454053846
Goutham College,college,12.9959368,77.5476351,,,https://gouthamcollege.org/,,1459208146
Narayana PU College,college,13.0541358,77.6533225,,,,,1499407601
SASI PU College,college,13.0294338,77.6438562,,,,,1510601077
Garden City University,college,13.025362,77.706862,,,,,1523892152
Sree Venkateshwara P U College,college,13.0124246,77.6960166,,,,,1532305986
RJS Polytechnic,college,12.9290774,77.6238607,,,,,1804672
Vydehi Medical College Building,college,12.9753372,77.7307526,,,,,1969878
Government Veterinary College,college,13.0294206,77.5849792,,,,,2013829
Unnamed Location,college,12.9636901,77.5759855,,,,,2025910
GKVK Campus,university,13.0839707,77.5755568,,,,,3331464
"Vijaya PU College, RV Road (Vijaya Main)",college,12.9404664,77.5810125,,,,,7384943
National Institute of Mental Health and NeuroSciences,university,12.937639,77.5971954,,,https://nimhans.ac.in,,9365463
PES University,university,12.9341811,77.5347038,"100 Feet Ring Road, Bengaluru, 560085",,,,9553197
Indian Institute of Science,university,13.0208701,77.5656546,"CV Raman Road, Bengaluru, 560012",+91 80 22932004,https://www.iisc.ac.in/,,9676004
"University of Agricultural Sciences, Hebbal",university,13.0334858,77.5848788,,,https://uasbangalore.edu.in,,12939283
Bangalore University,university,12.9441802,77.50847,,,https://bangaloreuniversity.ac.in/,,14073160
National Dairy Research Institute Adugodi,college,12.9459903,77.6110678,,,,,14455869
St. Peter's Pontifical Seminary,college,13.0115048,77.560448,,,,,15050332
St. John's Medical College,college,12.9296794,77.6171269,"Sarjapur Road, Bangalore, 560034",,,,15699927
Jawaharlal Nehru Centre for Advanced Scientific Research,university,13.069358,77.6110025,"Bengaluru, 560064",+91 80 2208 2750,https://www.jncasr.ac.in/,,16119079
Mount Carmel College,college,12.9932717,77.5878914,,,,,17279306
Amrita Vishwa Vidyapeetham,university,12.8948249,77.6761678,"Kasavanahalli, Bengaluru, 560035",,https://amrita.edu/campus/bengaluru,,17297176
Maharani Cluster University,university,12.978671,77.5835962,,,https://mcu.karnataka.gov.in,,17312922
St. Joseph's University,university,12.9625903,77.5966361,,,https://www.sjc.ac.in/,,17924744
Bengaluru City University,university,12.975045,77.5829122,,,https://bcu.ac.in,,17976108
Canara Bank Holiday Home,guest_house,12.9316521,77.5907098,2nd Main Road,N/A,N/A,N/A,301354121
YMCA Hostel,hostel,12.9733828,77.5872809,N/A,N/A,N/A,N/A,663941087
Legislatures' Home,guest_house,12.983448,77.5899594,N/A,N/A,N/A,N/A,665045266
U-Block,hostel,13.0169402,77.5641412,N/A,N/A,N/A,N/A,734864135
Unnamed Location,guest_house,12.9210075,77.6513793,N/A,N/A,N/A,N/A,1237139191
Sambhram Boys Hostel,hostel,13.0884936,77.5460644,N/A,N/A,N/A,N/A,1462221849
HMT Guest House,guest_house,13.0541469,77.549106,N/A,N/A,N/A,N/A,1462239302
BEL Guest House,guest_house,13.0535251,77.5571463,N/A,N/A,N/A,N/A,1463664368
Janodhaya Working women's hostel,hostel,12.9364715,77.6169229,N/A,N/A,N/A,N/A,1471128634
Woodstock,guest_house,12.874318,77.647308,N/A,N/A,N/A,N/A,1472036135
BVSS Maharatta Hostel,hostel,12.9535544,77.5678415,"Bull Temple Road, Bengaluru, 560004",N/A,N/A,N/A,1473910051
Akshaya Ladies Hostel,hostel,12.9227715,77.6138446,N/A,N/A,N/A,N/A,1474444113
Akshara Regency,guest_house,13.0300838,77.5593527,N/A,+91 80 41497575,N/A,N/A,1581346715
Royal Habitat,guest_house,12.9649841,77.6404672,N/A,N/A,N/A,N/A,1652498865
Nilgiri Men's Hostel,hostel,13.0311311,77.5671433,N/A,N/A,N/A,N/A,1772751769
Triveni Ladies' Hostel,hostel,13.0311416,77.5676047,N/A,N/A,N/A,N/A,1772751775
B.K. Mariappa Charitable Trust Hostel,hostel,12.9590198,77.5700268,N/A,N/A,N/A,N/A,1782112652
Madhwa Yuvaka Sangha,hostel,12.9547408,77.5732553,Krishna Rajendra Road,N/A,N/A,N/A,1791587945
Jain Hostel,hostel,12.9534194,77.573307,N/A,N/A,N/A,N/A,1791975497
Login Serviced Apartments,guest_house,12.9313893,77.623888,N/A,N/A,N/A,N/A,2228526392
PES Boys Hostel,hostel,12.9331275,77.5345817,N/A,N/A,N/A,N/A,2800820360
Air Force Officers' Mess,guest_house,12.9707054,77.6199809,Trinity Church Road,N/A,N/A,N/A,2999619028
Srinidhi Residency,guest_house,12.9568142,77.6538254,N/A,N/A,N/A,N/A,3300076799
Chalet Citadel,guest_house,12.9584498,77.6563621,N/A,N/A,N/A,N/A,3300094872
Sri Sai Mens PG Hostel,hostel,12.9893934,77.5736314,N/A,N/A,N/A,N/A,3393357969
Elegant Guest House,guest_house,13.0105999,77.5953412,N/A,N/A,N/A,N/A,3440624488
Nissi Ladies PG,hostel,12.9259248,77.6772238,N/A,N/A,N/A,N/A,3803124367
SnoozOtel,hostel,12.9925122,77.53131,N/A,+91 98 44 339182,N/A,snoozotel@gmail.com,4113138589
Babasa House Vijaynagar,guest_house,12.9767958,77.536167,N/A,N/A,N/A,N/A,4170955790
Md Guest House,guest_house,13.0305442,77.5951073,chowdiah block,N/A,N/A,shadab2707@gmail.com,4197078589
Banad place,guest_house,12.9357351,77.5867892,N/A,N/A,N/A,N/A,4219544303
SSD home...Hosur Road.,hostel,12.8849218,77.6422502,N/A,N/A,N/A,N/A,4260999602
A.K.M Plaza,guest_house,12.9464631,77.6260381,Ejipura Main Road,N/A,N/A,N/A,4282023690
Ajji's House,guest_house,12.9385338,77.5774383,"Old Kanakapura Road, 560004",N/A,N/A,N/A,4307198426
Home,guest_house,13.0360446,77.5268223,N/A,N/A,N/A,N/A,4320655389
"#224, 1st main, 9th Cross, Aanam Enclave, Ashwathnagar",guest_house,13.0503146,77.6378098,"1st main, 560077",N/A,N/A,N/A,4327808291
Balaji PG for Boys,hostel,12.9191363,77.6488536,"8th cross SECTOR 1 HSR LAYOUT, 560102",N/A,N/A,N/A,4371004691
"Sai ram Ladies PG, Koramangala",hostel,12.9259212,77.6389613,N/A,N/A,N/A,N/A,4373986291
Unnamed Location,guest_house,13.0740663,77.6325397,N/A,N/A,N/A,N/A,4394591389
Apartment,guest_house,12.9269593,77.5454463,Ittamadu road,N/A,N/A,N/A,4400948694
Nava Jyothi Girls Hostel,hostel,13.0557074,77.6437416,56007,N/A,N/A,N/A,4432924790
Sri Annapoorneshwari Nilaya,guest_house,13.1193315,77.6264834,"Behind Panchayat office,  kattigenahalli, 560064",N/A,N/A,N/A,4433840889
Sri Sai Balaji PG,hostel,12.927817,77.6717213,"Ramaiah raju layout, outer ring road behind aswini astoriya,2nd main cross,, Bangalore",+91-7676751499,N/A,N/A,4443775288
Sri Laxmi PG,guest_house,12.9217691,77.6649558,"Sobha Garnet, Iblur Village, Bellandur, Bengaluru, 560102",N/A,N/A,N/A,4445059635
Sri Ram Luxury PG for Gents,hostel,12.9362604,77.6869852,"Ramaiah raju layout, outer ring road behind aswini astoriya,2nd main cross, bangalore, 5600109",+919886966483,N/A,N/A,4447114330
Ayodhya Nagar,hostel,12.9013643,77.5885613,"19th Cross Road, 560078",N/A,N/A,N/A,4447789296
Deepa Student Nurses Hostel,hostel,12.9571068,77.6495069,N/A,N/A,N/A,N/A,4472375195
TR Vysya Hostel and Choultry,hostel,12.982693,77.6098436,N/A,N/A,N/A,N/A,4535338190
The Little Blue Window Hostel,hostel,12.9137104,77.6088524,N/A,N/A,N/A,N/A,4556105389
Electric Cats Annexe,hostel,12.9685159,77.6505961,N/A,N/A,N/A,N/A,4569868691
Unnamed Location,hostel,13.01599,77.6435545,N/A,N/A,N/A,N/A,4580702995
Cauvery hostel,hostel,12.9754533,77.5705445,"Gubbi Thotadappa Road, 560023",N/A,N/A,N/A,4590844190
Nandi,hostel,12.9752846,77.5701518,"Gubbi Thotadappa Road, 560023",N/A,N/A,N/A,4590879290
Chamundy Hostel,hostel,12.9762316,77.5704278,N/A,N/A,N/A,N/A,4591203890
Sri Ganesha Lodge,guest_house,12.97916,77.5757304,"6th Cross Road, 560009",41128117,N/A,N/A,4610019489
Syed Manzil,guest_house,13.0041731,77.6068436,"2nd main, 2nd cross, 560046",N/A,N/A,N/A,4619004091
Unnamed Location,guest_house,13.0283719,77.492178,N/A,N/A,N/A,N/A,4634719897
PG,hostel,13.0395696,77.6209443,N/A,N/A,N/A,N/A,4665107093
Sri Sathya Pg for Gents,hostel,12.9531656,77.697046,"Tulasitheatar road 8th main,Marathahalli, 560037",9036726967,N/A,Sathya.rathna@gmail.com,4666617189
goSTOPS Bengaluru,hostel,12.925346,77.5858442,N/A,N/A,N/A,N/A,4704698015
Unnamed Location,hostel,12.9624097,77.6350623,N/A,N/A,N/A,N/A,4733129523
DXmax apartment,guest_house,12.8765157,77.6022719,N/A,N/A,N/A,N/A,4740837022
Arjun Apartment,guest_house,12.8772562,77.6031707,N/A,N/A,N/A,N/A,4813904623
Royal guest house,guest_house,12.9450051,77.5948204,N/A,N/A,N/A,N/A,4847824927
white house,hostel,13.0546213,77.6433584,"THE DEFENSE ENCLAVE, 560077",N/A,N/A,N/A,4867902023
Sri Balaji PG,hostel,12.9827118,77.7490158,"5th Cross Road, Bengaluru",N/A,N/A,N/A,4922958070
Sai Ram PG,hostel,12.9073417,77.6108455,"16th Main Road, 560076",N/A,N/A,N/A,4970242326
Bangalore YWCA,hostel,12.979209,77.6067507,N/A,N/A,N/A,N/A,5180416821
House Nobert,guest_house,12.9758113,77.5045508,N/A,N/A,N/A,N/A,5358515627
Aravind Home,guest_house,12.9423918,77.6204543,"3rd main road, Koramangala 8th block, Bangalore, 560095",N/A,N/A,N/A,5430002764
Ladies PG,hostel,12.9655441,77.6497286,N/A,N/A,N/A,N/A,5524162719
LoCul.Uptown,hostel,12.9925545,77.5860651,"Sankey Cross Road, Abshot Layout, Bangalore, 560052",+918073488380,https://www.loculhostels.com/,loculhostels@gmail.com,5555666432
Tirumala PG,hostel,12.9702428,77.7122327,N/A,N/A,N/A,N/A,5571222372
Ashwini PG for Men,hostel,12.9243173,77.6741733,Bengaluru,N/A,N/A,N/A,5643902791
Shyamala Pappu Nurses Hostel,hostel,12.9759883,77.6415288,N/A,N/A,N/A,N/A,5713272022
Unnamed Location,hostel,12.9252978,77.6162436,1st Main Road,N/A,N/A,N/A,5740099421
Boys Hostel II,hostel,13.1256571,77.6201353,N/A,N/A,N/A,N/A,5936153691
Girls Hostel,hostel,13.126172,77.6208084,N/A,N/A,N/A,N/A,5936153696
Zostel,hostel,12.9648911,77.6421279,"1st Cross Road, Bangalore, 560038",+91-444-011-5819,https://www.zostel.com,N/A,6092824885
2 Stay,hostel,12.9084688,77.6838018,N/A,N/A,N/A,N/A,6137594016
Amulya Womens' PG,hostel,12.9084589,77.6836162,N/A,N/A,N/A,N/A,6137642777
Sreevari Nilaya Boys PG,hostel,12.9791647,77.6313885,18th B Cross Rd,+919945625509,N/A,N/A,6140340436
FF21,hostel,13.0279188,77.6309851,N/A,N/A,N/A,N/A,6175814008
Girls Hostel,hostel,13.0280598,77.6306422,N/A,N/A,N/A,N/A,6175817433
Girls Hostel,hostel,13.027731,77.6317491,N/A,N/A,N/A,N/A,6175841450
The Hood Co-Living Hostel,hostel,12.9349622,77.6221915,N/A,N/A,N/A,N/A,6313710085
Chaitanya PG for gents,guest_house,13.0890233,77.6344376,Thirumenahalli Main Road,N/A,N/A,N/A,6336817029
Royal PG For Ladies,hostel,12.898651,77.6280784,"2nd Main Road, 4th Cross, Hongasandra, Begur Road, Bengaluru - 68",8884400878,N/A,N/A,6347782781
Danveer Sheth kapurchand rajmalji Jain shwetamber dharmshala,guest_house,12.9693715,77.5769148,N/A,N/A,N/A,N/A,6419027189
Ravindra PG for gents,hostel,12.9219011,77.6765701,"NR Layout Road, 560103",N/A,N/A,N/A,6761308188
Amaravathi PG for gents,hostel,12.9832096,77.733053,N/A,N/A,N/A,N/A,6795635866
Utse Suites,guest_house,12.9849136,77.6115895,"Kamaraj Road, Bangalore, 560042",N/A,https://utsesuites.com/,N/A,6806249922
JK Tyre & Industries Limited - Transit House,guest_house,12.9876873,77.5929824,Cunningham Road Cross,08022260331,N/A,N/A,6975264554
The Jamun,guest_house,13.036702,77.5699098,"2nd Main, Bengaluru, 560094",+91 80 2351 6403,https://thejamun.com/,office@thejamun.com,7003932062
SKL Grand Rooms,hostel,12.9347724,77.511431,N/A,N/A,N/A,N/A,7007305754
Vemana Boys Hostel,hostel,12.9089151,77.6240472,"roopena agrahara, bommanahalli, Bengaluru, Karnataka",N/A,N/A,N/A,7159471513
Sion PG,guest_house,12.9154137,77.6106349,N/A,N/A,N/A,N/A,7164365775
Nimhans Staff Quarters,hostel,12.9389909,77.6015027,N/A,N/A,N/A,N/A,7528043669
Sri Balaji Men's PG,hostel,13.0369061,77.6148395,4 th criss road,N/A,N/A,N/A,8288379217
Be Animal Hostel,hostel,12.9407828,77.6233139,N/A,N/A,https://www.beanimaljourney.com,N/A,8603257104
Casa Cottage,guest_house,12.9643604,77.6041802,"Clapham Street, 560025",+91 98440 19710,https://www.casacottage.com/,casacottage@gmail.com,9007481217
Spruce Tree Suites,hostel,12.9134312,77.610206,N/A,N/A,N/A,N/A,9173864232
Alpha Living,hostel,12.9319793,77.6975119,N/A,N/A,N/A,N/A,9792404388
Central Government Touring Officers Guest House,guest_house,12.9594735,77.6393375,N/A,N/A,N/A,N/A,9801217767
Sri Rama PG For Gents,hostel,12.9587993,77.7216549,N/A,N/A,N/A,N/A,9884929791
SLVR PG for Gents,hostel,12.9541893,77.699008,N/A,9901406666,N/A,N/A,9920707822
Aadi Comforts,hostel,12.9541962,77.6988356,N/A,9886933206,N/A,N/A,9920708897
Mohan Gents PG,hostel,12.9565819,77.7104098,N/A,N/A,N/A,N/A,9920825258
Seef Lodge,hostel,12.8642313,77.5746635,"2nd block BDA layout JP nagar 8th phase, Bengaluru, 560083",+91 81470 86459,N/A,N/A,9925141414
Sri Balaji HomeStay PG for Ladies,hostel,12.9594801,77.7169424,N/A,N/A,N/A,N/A,9934208905
Nikhil Sai Luxury PG,hostel,12.959071,77.7214103,N/A,+91 8884440885,N/A,N/A,9947832266
Sherisha Reddy PG for Ladies,hostel,12.9599014,77.7187182,N/A,+91 7022560773,N/A,N/A,9949731459
Arcade Living Ladies PG,hostel,12.9604797,77.7159194,N/A,+91 9972567802,N/A,N/A,9952811071
Royal Comforts PG,guest_house,12.9413521,77.6277788,N/A,N/A,N/A,N/A,9961691817
Heidelberg House,hostel,12.9586998,77.7211629,N/A,N/A,N/A,N/A,9972777644
Sri Skanda Enterprises;Sri Balaji Ladies PG,hostel,12.96005,77.7172358,N/A,N/A,N/A,N/A,9977771293
Pooja PG for Ladies,hostel,12.9600852,77.7180849,N/A,+91 9900660222,N/A,N/A,9981114384
Dwell PG for Gents,hostel,12.9573494,77.7188774,N/A,N/A,N/A,N/A,9981114386
Easy Stay,guest_house,12.9408404,77.6275169,N/A,N/A,N/A,N/A,10047410822
Sri Balaji PG for Ladies,hostel,12.9643869,77.7152721,N/A,+91 6363540256,N/A,N/A,10109541439
Jeevith Gardens PG for Ladies,hostel,12.9626601,77.7192806,N/A,N/A,N/A,N/A,10111815203
Kings & Queens Co Living PG,hostel,12.9918753,77.7131856,N/A,+91 9164805777,N/A,N/A,10651168095
Vaishnavi Luxury PG,hostel,12.9590437,77.7216761,N/A,+91 77603 45522,N/A,N/A,10676226621
Venkata Ramana PG for Ladies,hostel,12.9596391,77.7029058,N/A,N/A,N/A,N/A,10719499933
Livora - PG for Men,hostel,12.860815,77.5426918,"Holiday Village Road, Mallasandra, 560062",N/A,N/A,N/A,10801924282
Sri Lakshmi Venkateshwara PG for Ladies,hostel,12.9611373,77.7185673,N/A,N/A,N/A,N/A,10814735751
KVR Premium PG,hostel,12.9613621,77.7185927,N/A,N/A,N/A,N/A,10814735752
Locul Hostel Central,hostel,12.9757149,77.6024048,N/A,N/A,N/A,N/A,10910526191
Sri KNS Luxury PG,hostel,12.960282,77.7180246,N/A,N/A,N/A,N/A,11003390004
Sri Sai Guest House,hostel,12.9602446,77.7181888,N/A,N/A,N/A,N/A,11003395605
SLN Classic PG for Ladies,hostel,12.9339687,77.618757,N/A,N/A,N/A,N/A,11153257896
New Sai Baba PG for Gents,hostel,12.9573222,77.5694607,N/A,N/A,N/A,N/A,11178091272
SRM PG for Gents,hostel,12.9602989,77.5691407,N/A,N/A,N/A,N/A,11178140428
Sir Puttannachetty Veerasiva Free Boarding Home,hostel,12.9508302,77.5677823,N/A,N/A,N/A,N/A,11178156320
Sri Mahalakshmi PG for Ladies,hostel,12.9607951,77.7160178,N/A,+91 80957 65388,N/A,N/A,11192491326
Saanvi PG for Ladies,hostel,12.9609353,77.7159864,N/A,N/A,N/A,N/A,11192491327
Sri Sai Balaji PG for Ladies,hostel,12.9671151,77.714216,N/A,N/A,N/A,N/A,11193554734
Rajans Cafe,hostel,12.9548129,77.6427059,N/A,N/A,N/A,N/A,11210437037
PSR Luxury PG for Gents,hostel,12.9126681,77.6284933,N/A,N/A,N/A,N/A,11259898775
Zolo Vinson,hostel,12.9127243,77.6290049,N/A,N/A,N/A,N/A,11259898776
Anarghya PG for Ladies,guest_house,12.9142759,77.6127753,N/A,N/A,N/A,N/A,11287892332
Perfect Ladies PG,guest_house,12.9135755,77.603733,N/A,N/A,N/A,N/A,11290812038
Vaka Living,hostel,12.911743,77.6098567,N/A,N/A,N/A,N/A,11292715482
SVNS PG for Ladies,hostel,12.9135075,77.6082455,"11th Main Road, Bangalore, 560076",N/A,N/A,N/A,11296660892
"The Hosteller Bangalore, Brigade Road",hostel,12.9672722,77.6067298,"Brigade Road, 560025",09810187717,N/A,N/A,11297786869
Sri Venkateshwara PG for Ladies,hostel,12.9606385,77.7151392,N/A,+91 94930 84827,N/A,N/A,11308977985
S.V.S. PG,hostel,12.9607251,77.7145658,N/A,+91 80508 08444,N/A,N/A,11308977987
Mannat Safestay,hostel,12.9168151,77.6071622,N/A,N/A,N/A,N/A,11393362103
Rithun Residency,hostel,12.9166246,77.5960581,N/A,N/A,N/A,N/A,11397272610
LIC VIP Guest House,guest_house,12.966594,77.5948144,N/A,N/A,N/A,N/A,11476370286
Sri Venkateshwara PG,guest_house,12.9784836,77.6300026,N/A,N/A,N/A,N/A,11630772964
Sri Lakshmi PG,hostel,12.9190676,77.6710363,N/A,+91 96633 84856,N/A,N/A,11640105922
Amber,hostel,12.9933123,77.5905954,N/A,N/A,N/A,N/A,11658782434
Blue bells clover,hostel,12.9921246,77.5900621,N/A,N/A,N/A,N/A,11659012412
Alpha Suites,hostel,12.9885553,77.5930653,N/A,N/A,N/A,N/A,11676514142
Starlive Co Living PG,guest_house,12.905101,77.6119457,N/A,+91 90191 60966,N/A,N/A,11683483664
Sri S Swami PG for Gents,guest_house,12.9054456,77.6124051,N/A,+91 90005 55475,N/A,N/A,11683483666
Queens Lounge,hostel,12.9736744,77.7154492,N/A,+91 9030383879,N/A,N/A,11799139353
Sri Lakshmi PG,hostel,12.9736326,77.7153271,N/A,+91 968669609,N/A,N/A,11799139354
Sri Dharani Ladies PG,hostel,12.9072014,77.5611853,N/A,N/A,N/A,N/A,11801896103
Ladies PG,hostel,12.9070772,77.5612731,N/A,N/A,N/A,N/A,11801896104
Sri Sai Brindavan PG for Gents,hostel,12.9673883,77.718698,N/A,+91 6364223355,N/A,N/A,11832800806
Sri Yogeshwara Gents PG,hostel,12.9675654,77.7187047,N/A,N/A,N/A,N/A,11832800811
NMIT Boys Hostel,hostel,13.1279573,77.5879517,N/A,N/A,N/A,N/A,11860460499
NMIT Boys Hostel,hostel,13.1293117,77.5873241,N/A,N/A,N/A,N/A,11860460536
NMIT Girls Hostel,hostel,13.1298981,77.5872262,N/A,N/A,N/A,N/A,11860460558
NMIT Boys Hostel,hostel,13.1274584,77.5875588,N/A,N/A,N/A,N/A,11860460613
NMIT Guest House,guest_house,13.1272207,77.5867729,N/A,N/A,N/A,N/A,11860460690
NMIT Girls Hostel,hostel,13.1298648,77.5867943,N/A,N/A,N/A,N/A,11860460736
Manohara PG,hostel,12.9593836,77.7164443,N/A,+91 81057 67605,N/A,N/A,11887025469
AHS Ladies PG,hostel,13.0040837,77.5694752,N/A,N/A,N/A,N/A,11897958368
SS PG for boys,hostel,13.0581713,77.6438904,K Narayanapura - Kristu Jayanti Rd.,+919902437113,N/A,N/A,12088166849
Tavizoe Stays,guest_house,13.0013658,77.6237109,N/A,N/A,N/A,N/A,12169400828
Sri Lakshmi Shankri PG,hostel,12.9138402,77.6035796,N/A,N/A,N/A,N/A,12247876727
Aditya Colive,guest_house,12.9665457,77.7171571,N/A,N/A,N/A,N/A,12366591901
Happy Living for Ladies,guest_house,12.9664834,77.7171499,N/A,N/A,N/A,N/A,12366591902
The Hosteller Indiranagar,hostel,12.9726554,77.647479,N/A,N/A,N/A,N/A,12433473073
NMIT Girls Hostel,hostel,13.1272397,77.5878227,N/A,N/A,N/A,N/A,12500766592
Indiranagar Ladies PG,hostel,12.9819034,77.6412425,"5th cross, 5th Main Road,1st Stage, Indiranagar, Bengaluru, 560038",N/A,N/A,N/A,12538615408
Swananda PG,hostel,12.9616349,77.7205509,N/A,N/A,N/A,N/A,12541209973
Karthikeya Studio Rooms,hostel,12.9804217,77.7466414,N/A,N/A,N/A,N/A,12556066002
Shri Harshita Pg For Ladies,hostel,12.9390874,77.6317348,N/A,N/A,N/A,N/A,12617079068
SV Lodge,hostel,13.0191934,77.5576766,N/A,N/A,N/A,N/A,12676261315
Adler Stays,hostel,12.9863422,77.5982398,N/A,N/A,N/A,N/A,12695892247
Leela Mansion,guest_house,12.9268189,77.6088028,"6th cross tavarekere main road, 560029",N/A,N/A,N/A,12717557701
MGS Studio Room,hostel,12.9605095,77.7198198,"4th Main Rd, BEML Layout, Brookefield, Bengaluru, 560066",N/A,N/A,N/A,12718892599
Urban Living,hostel,12.9824733,77.7516151,N/A,N/A,N/A,N/A,12901421215
Sri Raksha PG,hostel,12.9823071,77.7515524,N/A,N/A,N/A,N/A,12901421216
Co-live,hostel,12.9822422,77.7515323,N/A,N/A,N/A,N/A,12901421217
Uru,hostel,12.9821625,77.7515047,N/A,N/A,N/A,N/A,12901421218
Laxmi,hostel,12.9502925,77.7140288,N/A,N/A,N/A,N/A,12911752063
BMS College Hostel,hostel,12.9399255,77.5647425,N/A,N/A,N/A,N/A,12944464151
BMS College Hostel,hostel,12.9402769,77.5647965,N/A,N/A,N/A,N/A,12944464152
BMS College International Hostel,hostel,12.9394935,77.5654169,N/A,N/A,N/A,N/A,12944464153
Sri Sai Premium Co-living,hostel,12.9823851,77.7515859,N/A,N/A,N/A,N/A,12955879002
Sunrise Coliving PG,hostel,12.9831515,77.7528422,N/A,N/A,N/A,N/A,12965773686
Home Living PG,hostel,12.9820748,77.7514765,N/A,N/A,N/A,N/A,12972935993
Satya Durga,hostel,12.9848107,77.7479851,N/A,N/A,N/A,N/A,12993716006
Zest,hostel,12.9847623,77.7473914,N/A,N/A,N/A,N/A,13022417937
LivX,hostel,12.9846426,77.747714,N/A,N/A,N/A,N/A,13022417938
Home Awaits,hostel,12.9655047,77.7155724,N/A,N/A,N/A,N/A,13049405748
DBrooks,hostel,12.9651861,77.7164438,N/A,+91 88844 47033,N/A,N/A,13049418762
Hector Co-live,hostel,12.9859441,77.7452695,N/A,N/A,N/A,N/A,13068316575
Cambridge Girls Hostel,hostel,13.0138584,77.7040527,N/A,N/A,N/A,N/A,13070773909
Vijayalakshmi PG,hostel,12.9364574,77.6190999,N/A,N/A,N/A,N/A,13070773911
Blue Bell PG,hostel,12.9534504,77.7180679,N/A,N/A,N/A,N/A,13076291755
Hombelaku PhD Hostel,hostel,13.081003,77.5806709,N/A,N/A,N/A,N/A,13100360801
The Arrow Inn,hostel,12.9591929,77.7197114,N/A,N/A,N/A,N/A,13105129737
Hombelaku PhD Hostel,hostel,13.0811012,77.5805678,560065,N/A,N/A,N/A,13105209101
Hombelaku PhD Hostel,hostel,13.0809941,77.5806644,560065,N/A,N/A,N/A,13105209201
Hombelaku PhD Hostel,hostel,13.0810084,77.5806834,N/A,N/A,N/A,N/A,13112728702
Apex Co-Living,hostel,12.9634108,77.7130447,N/A,+91 9964703666,N/A,N/A,13128777127
Stopover Backpackers Stay,hostel,12.9401156,77.5839124,9th Main Road,+91 73497 59930,https://stopoverbp.in/,stopover.bp@gmail.com,13176353841
Sri Vishnumata PG,hostel,12.958458,77.7192485,N/A,+91 8374719199,N/A,N/A,13198389307
Glance,hostel,12.9586129,77.7211402,N/A,+91 9008790588,N/A,N/A,13199999873
TreeWay,hostel,12.9577353,77.7175058,N/A,N/A,N/A,N/A,13208017659
Unnamed Location,hostel,12.9579405,77.7186283,N/A,N/A,N/A,N/A,13215180243
Zolo,hostel,12.9896295,77.7122748,N/A,N/A,N/A,N/A,13245235395
Annapurna PG,hostel,13.0043224,77.6284767,N/A,N/A,N/A,N/A,13257879655
Kings Star House,hostel,12.9260341,77.672125,N/A,N/A,N/A,N/A,13323350042
Sri Durga Bhavani PG,hostel,12.9567814,77.7169855,N/A,N/A,N/A,N/A,13357278877
Nextdoor Livinn PG for Gents,hostel,12.9395677,77.6264907,"3rd Cross Road, 80 Feet Road, 6th Block, Koramangala, 560095",+91 81399 91234,https://nextdoorlivinn.com,info@nextdoorlivinn.com,13358927234
Sri Venkateswara PG For Gents,guest_house,12.9899704,77.7174707,N/A,N/A,N/A,N/A,13407014166
Yello Living,hostel,12.9840244,77.7322867,N/A,N/A,N/A,N/A,13447426902
Arcade Inn,hostel,12.9640865,77.7162943,N/A,N/A,N/A,N/A,13495888434
The Pink PG,hostel,12.9643475,77.7160817,N/A,N/A,N/A,N/A,13495888435
Hosteller,hostel,12.9132871,77.636336,"11th Main Road, Bengaluru",N/A,N/A,N/A,13563529760
"The Hosteller Bangalore, Koramangala",hostel,12.9355268,77.6131504,N/A,N/A,N/A,N/A,13568684301
SLV delux PG for gents,hostel,13.0575879,77.5990344,"2nd Cross Road, 560092",N/A,N/A,N/A,13690167801
S R Ladies P G,hostel,12.9791366,77.7119903,N/A,N/A,N/A,N/A,13708291567
Shubham,hostel,12.9714782,77.7056939,N/A,N/A,N/A,N/A,13732119505
Sri Lakshmi Venkateshwara PG For Ladies,hostel,12.9604853,77.6374549,N/A,N/A,N/A,N/A,13913776912
GMR pg for gents,hostel,12.9664807,77.7195618,1st A Cross Road,N/A,N/A,N/A,13924497301
Hostel,hostel,12.9317188,77.5029363,N/A,N/A,N/A,N/A,31536195
Maruti Dental College Hostel,hostel,12.8649476,77.6012007,N/A,N/A,N/A,N/A,52332336
Sampige,guest_house,13.0715424,77.6565869,N/A,N/A,N/A,N/A,56435252
MSRIT Boys Hostel Engg,hostel,13.032236,77.5647068,N/A,N/A,N/A,N/A,69042638
Guest House,guest_house,12.9341262,77.5036559,N/A,N/A,N/A,N/A,128624629
Yoho Student Living,guest_house,12.8733239,77.6473915,"Manipal County Road, bengaluru, 560068",N/A,N/A,N/A,133182894
Diana Hostel,hostel,13.0833301,77.6357979,"1st Cross Rd, Devin Paradise Enclave, N. Nagenahalli AKC, Bengaluru, 560064",N/A,N/A,N/A,188208699
Unnamed Location,guest_house,12.9830326,77.589666,N/A,N/A,N/A,N/A,208686730
Government Classified Boys Hostel,hostel,12.9169523,77.6429141,"11th Cross Rd, Sector 4, HSR Layout, Bengaluru, 560102",N/A,N/A,N/A,240665269
Royal Luxury PG For Gents,hostel,12.9184936,77.6322358,"1st Ave, Teacher's Colony, Jakkasandra, 1st Block Koramangala, HSR Layout 5th Sector, Bengaluru, 560034",N/A,N/A,N/A,255762670
Welive Co-Living,hostel,12.9284907,77.6721112,N/A,N/A,N/A,N/A,308857573
IM Compact Tea Square,hostel,12.9278089,77.6723501,N/A,N/A,N/A,N/A,308857579
Stanza Living Rimini House,hostel,12.9232309,77.6739012,N/A,N/A,N/A,N/A,309674941
SLV PG,hostel,12.9769593,77.6381341,6th Cross Road,N/A,N/A,N/A,313857486
Sri Krishna PG for Gents,hostel,12.9072954,77.6072161,"19th b cross, 7th Main Rd, NS Palya, BTM 2nd Stage, Bengaluru, 560076",N/A,N/A,N/A,335370078
Boys' Hostel,hostel,13.0710314,77.5113218,N/A,N/A,N/A,N/A,346233442
Girls' Hostel,hostel,13.0730967,77.5105592,N/A,N/A,N/A,N/A,346233778
Karnataka Judicial Academy Hostel,hostel,12.985607,77.5823045,"Crescent Road, Bangalore, 560001",+918022382894/96,N/A,N/A,346501475
Ebenezer Suites,guest_house,12.9696097,77.7352776,N/A,N/A,N/A,N/A,346530304
Casa 29,hostel,12.9916215,77.5919653,"7th Cross Road, Vasanth Nagar, Bangalore, 560052",N/A,N/A,N/A,346698368
Rajput Sabha,hostel,12.9918075,77.5935986,Rajput Bhavan,N/A,N/A,N/A,346698703
Casa 39,hostel,12.9917923,77.5917108,"7th Cross Road, Bengaluru, 560051",+91 88610 62760,N/A,N/A,346707229
Shree Manjunath Ladies PG,hostel,12.9592431,77.7183346,8th Main Road,+91 7382660369,N/A,N/A,346740199
Unnamed Location,hostel,12.9830989,77.749339,N/A,N/A,N/A,N/A,346754138
Unnamed Location,hostel,12.9665078,77.7191434,N/A,N/A,N/A,N/A,346759379
Sai Lake View PG,hostel,12.9586976,77.7084174,N/A,N/A,N/A,N/A,346778796
Centenary Visitors House,guest_house,13.0272387,77.57045,N/A,N/A,N/A,N/A,346807867
Sri Ramdev PG,hostel,12.9592049,77.7192364,8th Main Road,N/A,N/A,N/A,346821556
Bluebell PG,hostel,12.9593051,77.7206235,7th Main Road,N/A,N/A,N/A,346821913
Sri Thirumala Residency,hostel,12.9604946,77.7200038,4th Main Road,+91 6366677877,N/A,N/A,346822050
Srinivasa PG,hostel,12.9544435,77.708034,2nd Cross Road,N/A,N/A,N/A,346829621
FF21,hostel,12.9537723,77.7197478,N/A,N/A,N/A,N/A,346871578
Jawahar Visitors House,guest_house,13.016715,77.5595205,N/A,N/A,N/A,N/A,346876258
Unnamed Location,hostel,12.9623483,77.7188848,N/A,N/A,N/A,N/A,347030431
SLV PG for Gents,hostel,12.9679323,77.7184049,N/A,N/A,N/A,N/A,347066689
Sri Balaji PG,hostel,12.9812905,77.7170048,N/A,N/A,N/A,N/A,347066917
Vijaya PG,hostel,12.9832834,77.7180582,N/A,N/A,N/A,N/A,347066985
Global Nursing Girls Hostel,hostel,12.9247551,77.5225968,N/A,N/A,N/A,N/A,347078610
SLN Classic PG for Ladies,hostel,12.9339349,77.6187915,N/A,N/A,N/A,N/A,347187700
Sri Manjunatha Luxury Ladies PG,hostel,12.9813379,77.6445924,"Michael Palya, 4th Cross, Kalyan Nagar, Indira Nagar 1st Stage, Stage 1, Indiranaga, Bangalore, 560038",N/A,N/A,N/A,347412137
Central Government Touring Officers Guest House,guest_house,12.9247278,77.6213535,N/A,N/A,N/A,N/A,347418314
Signature Co-Living PG,hostel,12.9282223,77.6735221,N/A,N/A,N/A,N/A,348106832
Saranga Pg for Gents,hostel,12.926341,77.6718626,N/A,N/A,N/A,N/A,348107359
Atithi Executive PG for Gents,hostel,12.906474,77.6036117,"4th Main Road, Bengaluru, 560076",N/A,N/A,N/A,348124176
Lotus Premium PG,hostel,12.9274207,77.6709522,N/A,N/A,N/A,N/A,348140608
Unnamed Location,hostel,12.9277576,77.672916,N/A,N/A,N/A,N/A,348150444
Haveli studio rooms bellandur,hostel,12.9259339,77.6705348,N/A,N/A,N/A,N/A,348169801
Yeti PG for Gents,hostel,12.925478,77.6715379,N/A,N/A,N/A,N/A,348169804
Castor Co-Living,hostel,12.9211754,77.6530027,N/A,N/A,N/A,N/A,348182237
Unnamed Location,guest_house,12.9401642,77.5083872,N/A,N/A,N/A,N/A,348222781
Colive Novara,hostel,12.9227687,77.6119646,"1st Cross Road, Bangalore, 560029",9619068047,https://colive.com,N/A,349711244
Girls Hostel,hostel,13.0182886,77.5074508,N/A,N/A,N/A,N/A,349961993
Unnamed Location,hostel,12.8921593,77.4650551,N/A,N/A,N/A,N/A,352314051
Sri Kamakshi Thayi,hostel,12.9570176,77.6548892,"Church St, Murugeshpalya, Kaveri Nagar, Bengaluru, 560017",N/A,N/A,N/A,354455058
BCW PG Girls Hostel,hostel,12.9362886,77.5023049,"Near Government Press, Bengaluru, 560060",N/A,N/A,N/A,367419231
Unnamed Location,hostel,12.9250159,77.6671878,N/A,N/A,N/A,N/A,367605350
Girls' Hostel,hostel,13.072603,77.5115857,N/A,N/A,N/A,N/A,383573340
Balabrooie Guest House,guest_house,12.987715,77.5882213,"Balabrooie, Sankey Road",N/A,N/A,N/A,403473921
Official Residence of Chief Minister of Karnataka,guest_house,12.9928397,77.5832334,N/A,N/A,N/A,N/A,437536512
Chief Minister's Guesthouse,guest_house,12.9933896,77.5837535,N/A,N/A,N/A,N/A,437536515
AURA Corporate Suites,guest_house,13.0523103,77.6211476,"2nd A Cross Road, 560045",08049590359,https://www.auramanyata.com/,contact@auramanyata.com,558313899
Apple PG for Gents,hostel,12.9233659,77.673921,N/A,N/A,N/A,N/A,609993410
Cozy Rooms Men's Premium PG,hostel,12.9229659,77.6741967,N/A,N/A,N/A,N/A,609993412
Unnamed Location,hostel,13.0279808,77.630985,N/A,N/A,N/A,N/A,659622086
High Court Guest House,guest_house,13.0371842,77.5887939,N/A,N/A,N/A,N/A,695554345
sri sai hitech pg for gents,hostel,13.0383993,77.6205106,N/A,N/A,N/A,N/A,782089146
SFGC Hostel,hostel,13.0994666,77.5881089,N/A,N/A,N/A,N/A,867500409
Naidile Hostel,hostel,13.0718492,77.5761415,"BLiSC Hostel, GKVK Road",N/A,N/A,N/A,891414546
Government Arts College Boys Hostel,hostel,12.9707357,77.6117583,N/A,N/A,N/A,N/A,997966820
SS Elite Ladies PG,hostel,12.9321152,77.6970333,N/A,N/A,N/A,N/A,1061038563
Colive Palmer,hostel,12.9258532,77.672591,N/A,N/A,N/A,N/A,1066396961
Unnamed Location,hostel,12.9514925,77.700833,N/A,N/A,N/A,N/A,1066506650
Unnamed Location,hostel,12.9301269,77.6971621,N/A,N/A,N/A,N/A,1066848426
ALNS Co-Living Pg,hostel,12.930108,77.6972525,N/A,N/A,N/A,N/A,1066848427
Zolo Lakefront PG,hostel,12.9221987,77.6650279,N/A,N/A,N/A,N/A,1070107466
Amaravthi Ladies PG,hostel,12.9221567,77.675973,N/A,9739755557,N/A,N/A,1070818636
Godess PG For Ladies,hostel,12.95729,77.7156359,N/A,N/A,N/A,N/A,1072561557
Laavish Pro-4 Living,hostel,12.9567462,77.7097509,N/A,N/A,N/A,N/A,1075549051
MP Homes,hostel,12.9540116,77.71775,1st Cross Road,N/A,N/A,N/A,1076871236
R Co-living Stays,hostel,12.9778872,77.7117736,N/A,9620048749,N/A,N/A,1076883034
Savoy,hostel,12.9564367,77.7204901,N/A,N/A,N/A,N/A,1077454683
Sri Lakshmi Ladies PG,hostel,12.9606136,77.718336,3rd A Cross Road,N/A,N/A,N/A,1078000864
Raintree Colive PG,hostel,12.9605926,77.7185142,4th Main Road,N/A,N/A,N/A,1078000865
Lux Living,hostel,12.9624274,77.719164,N/A,N/A,N/A,N/A,1079266919
Unnamed Location,hostel,12.9830629,77.7494449,N/A,N/A,N/A,N/A,1083394793
Unnamed Location,hostel,12.9829051,77.7497033,N/A,N/A,N/A,N/A,1083394799
Lotus Luxury PG for Gents,hostel,12.9674842,77.7186009,N/A,8792481805,N/A,N/A,1083556566
SLV Royal PG for Ladies,hostel,12.9673001,77.7185836,"benaka Towers residency, Brookefield, Bengaluru, 560037",8884633666,N/A,N/A,1083556568
Unnamed Location,hostel,12.9515809,77.6986224,N/A,N/A,N/A,N/A,1086017969
Unnamed Location,hostel,12.9515597,77.6987031,N/A,N/A,N/A,N/A,1086017970
SHS Luxury Ladies PG,hostel,12.967694,77.7181145,N/A,8880066224,N/A,N/A,1102153950
Reddy's PG for Ladies,hostel,12.9615082,77.7137189,N/A,+91 9738682217,N/A,N/A,1121455992
Sudarshan Women's Hostel,hostel,12.9984208,77.5485548,N/A,N/A,N/A,N/A,1126243350
Stanza Living Seattle House,hostel,12.9252723,77.6781514,"Rama 2 Property, 500, Adarsh Palm Retreat, Bangalore, 560103",N/A,https://www.stanzaliving.com/bengaluru/pg-hostel-in-bellandur/co_ed/seattle-house,N/A,1127578173
Stanza Living Brussels House,hostel,12.925639,77.6781822,"Rama Reddy, 500, Adarsh Palm Retreat, Bengaluru, 560103",N/A,https://www.stanzaliving.com/bengaluru/pg-hostel-in-bellandur/co_ed/brussels-house,N/A,1127579498
Unnamed Location,hostel,12.9664691,77.7186272,N/A,9066409960,N/A,N/A,1130963779
Unnamed Location,hostel,12.9737686,77.7150441,N/A,N/A,N/A,N/A,1135846637
Brundavan PG for Gents,hostel,12.9736593,77.7150431,N/A,+91 7411726677,N/A,N/A,1135846638
Sri Krishna Co-Living,hostel,12.9737076,77.7151802,N/A,+91 6366278884,N/A,N/A,1135846639
SLNS PG,hostel,12.9734913,77.7148183,N/A,+91 9533378968,N/A,N/A,1135846645
SD Comforts Studio Rooms,hostel,12.9735768,77.7148201,"Sri Durga Mansion, 7th Cross Road",+91 8197222033,N/A,N/A,1135846646
Unnamed Location,hostel,12.9736767,77.7148235,N/A,N/A,N/A,N/A,1135846647
Nivanshi Reddy PG for Gents,hostel,12.9734076,77.714816,N/A,N/A,N/A,N/A,1135846648
Unnamed Location,hostel,12.9739934,77.7143853,Maa Eleganza,N/A,N/A,N/A,1135846649
Unnamed Location,hostel,12.9739939,77.714282,Maa Eminence,N/A,N/A,N/A,1135846650
Unnamed Location,hostel,12.9739924,77.7141831,Maa Elite,N/A,N/A,N/A,1135846651
SS Co-Living,hostel,12.9662417,77.7333157,N/A,N/A,N/A,N/A,1153852669
LOCL LOCAL Colive & Work,hostel,12.9232065,77.6745566,N/A,N/A,N/A,N/A,1188254675
Unnamed Location,hostel,12.9790611,77.7126631,N/A,N/A,N/A,N/A,1190294276
Unnamed Location,hostel,12.9790609,77.7127487,N/A,N/A,N/A,N/A,1190294279
Unnamed Location,hostel,12.9790628,77.7128303,N/A,N/A,N/A,N/A,1190294282
Unnamed Location,hostel,12.9790595,77.7129154,N/A,N/A,N/A,N/A,1190294283
Unnamed Location,hostel,12.9790638,77.7132539,N/A,N/A,N/A,N/A,1190294296
Unnamed Location,hostel,12.9790621,77.7130887,N/A,N/A,N/A,N/A,1190294297
Unnamed Location,hostel,12.9790566,77.7133336,N/A,N/A,N/A,N/A,1190294298
Unnamed Location,hostel,12.9790613,77.7134171,N/A,N/A,N/A,N/A,1190294299
Unnamed Location,hostel,12.9790597,77.7135842,N/A,N/A,N/A,N/A,1190294300
Unnamed Location,hostel,12.9790623,77.7135012,N/A,N/A,N/A,N/A,1190294301
Unnamed Location,hostel,12.9790618,77.7136721,N/A,N/A,N/A,N/A,1190294302
Hive Coliving,hostel,12.9587429,77.7155877,"Trinity Square, Kundalahalli Main Road",N/A,N/A,N/A,1193082970
ADIKAA CO-LIVING (PG),hostel,12.9257831,77.6704881,N/A,N/A,N/A,N/A,1212554480
Anvith PG for ladies,hostel,12.9271154,77.6701477,N/A,N/A,N/A,N/A,1212554487
Sri Sai Manasa PG for Ladies,hostel,12.9269744,77.670149,N/A,N/A,N/A,N/A,1212554488
Raj Living,hostel,12.9270358,77.6690854,N/A,N/A,N/A,N/A,1212554492
Zolo Symphony,hostel,12.9266924,77.6699272,N/A,N/A,N/A,N/A,1212554494
Colive Alpha,hostel,12.9264364,77.6699209,N/A,N/A,N/A,N/A,1212554495
Oxygen PG for Ladies,hostel,12.9253229,77.6693607,N/A,N/A,N/A,N/A,1212554504
ELEV8 Co-Living,hostel,12.9253468,77.6714932,N/A,N/A,N/A,N/A,1212566051
NS Stays Colive,hostel,12.9266426,77.6714808,N/A,N/A,N/A,N/A,1212566057
Pro4 Co-Living PG,hostel,12.9268886,77.6715706,N/A,N/A,N/A,N/A,1212566058
Colive Overland Park,hostel,12.9263801,77.6710402,N/A,N/A,N/A,N/A,1212566059
Unnamed Location,hostel,12.9256005,77.6688355,N/A,N/A,N/A,N/A,1212566063
Unnamed Location,hostel,12.9255311,77.6688345,N/A,N/A,N/A,N/A,1212566064
Unnamed Location,hostel,12.9256875,77.6686107,N/A,N/A,N/A,N/A,1212566065
Unnamed Location,hostel,12.9253549,77.6687319,N/A,N/A,N/A,N/A,1212566066
Unnamed Location,hostel,12.9255496,77.6686083,N/A,N/A,N/A,N/A,1212566067
Unnamed Location,hostel,12.9255325,77.6682206,N/A,N/A,N/A,N/A,1212566068
Unnamed Location,hostel,12.9256951,77.668204,N/A,N/A,N/A,N/A,1212566069
Unnamed Location,hostel,12.9250991,77.6671781,N/A,N/A,N/A,N/A,1215838594
DRDO Transit Accomodation,guest_house,12.9866395,77.6699046,N/A,N/A,N/A,N/A,1217530867
Unnamed Location,hostel,12.9539906,77.7178589,N/A,N/A,N/A,N/A,1217554953
SLNS PG for Ladies,hostel,12.9274483,77.6722331,N/A,N/A,N/A,N/A,1219342632
Krish PG for Gents,hostel,12.9275641,77.6722596,N/A,N/A,N/A,N/A,1219342633
Elite Premium PG Gents,hostel,12.9281196,77.6711902,N/A,N/A,N/A,N/A,1219342652
Ravindra PG for Ladies,hostel,12.9276824,77.6712365,N/A,N/A,N/A,N/A,1219342654
Sthira PG For Ladies,hostel,12.9277052,77.6713924,N/A,N/A,N/A,N/A,1219342655
ICICI Manipal,hostel,13.0843818,77.6389462,N/A,N/A,N/A,N/A,1220313724
Sai Vasavi Gents PG,hostel,12.9221843,77.6646312,N/A,N/A,N/A,N/A,1227075554
Unnamed Location,hostel,12.9543895,77.7183419,N/A,N/A,N/A,N/A,1232081764
Unnamed Location,hostel,12.9543032,77.7183325,N/A,N/A,N/A,N/A,1232081765
Unnamed Location,hostel,12.9542176,77.7183232,N/A,N/A,N/A,N/A,1232081766
Unnamed Location,hostel,12.9541333,77.7183173,N/A,N/A,N/A,N/A,1232081767
Unnamed Location,hostel,12.9540484,77.718317,N/A,N/A,N/A,N/A,1232081768
Unnamed Location,hostel,12.95394,77.7183087,N/A,N/A,N/A,N/A,1232081769
Yuva Vikas,hostel,12.9276533,77.6057625,N/A,N/A,N/A,N/A,1242193136
Maria Bhavan,hostel,12.9298811,77.6050729,N/A,N/A,N/A,N/A,1242193144
Unnamed Location,hostel,12.9664534,77.719396,N/A,N/A,N/A,N/A,1252296340
Unnamed Location,hostel,12.9572802,77.7157456,N/A,N/A,N/A,N/A,1256797589
Jayalakshmi Luxury PG for Gents,hostel,12.9288886,77.6783863,N/A,N/A,N/A,N/A,1257688044
Goodwill Co-living Pg,hostel,12.929123,77.678703,N/A,N/A,N/A,N/A,1257688050
JRS,hostel,12.9562107,77.7064366,N/A,N/A,N/A,N/A,1260649106
BARC Guest House,guest_house,13.0849475,77.5576491,N/A,N/A,N/A,N/A,1264881592
Sri Lakshmi Srinivasa PG,hostel,12.9733417,77.7148166,N/A,+91 9663057766,N/A,N/A,1270575612
Unnamed Location,hostel,12.9737892,77.7148227,N/A,N/A,N/A,N/A,1270575616
Unnamed Location,hostel,12.9539504,77.7181797,3rd Cross Road,N/A,N/A,N/A,1272693981
Sai Moksha PG - Coliving,hostel,12.9642721,77.7226792,N/A,7996544555,N/A,N/A,1274352559
SL Prime PG for Ladies,hostel,12.9233053,77.5044365,N/A,N/A,N/A,N/A,1286468259
Aryabhatta Hostel,hostel,13.0189629,77.5596369,"MS Ramaiah Road, Yeshwanthpur, 560012",N/A,N/A,N/A,1286609386
Bha Living,hostel,12.9059662,77.6040338,"4th Main Road, Bengaluru, 560076",N/A,N/A,N/A,1313410395
Sudarshan Luxury Living,hostel,12.8806681,77.5944243,N/A,N/A,N/A,N/A,1314102991
Siddaganga Student Hostel,hostel,12.9748506,77.5461418,N/A,N/A,N/A,N/A,1343404376
Unnamed Location,hostel,12.9120093,77.6999025,N/A,N/A,N/A,N/A,1346342105
Unnamed Location,hostel,12.9120822,77.7000338,N/A,N/A,N/A,N/A,1346342106
BNR Living in Ladies,hostel,12.9271288,77.6690881,N/A,N/A,N/A,N/A,1346908272
Unnamed Location,hostel,12.9255335,77.6683208,N/A,N/A,N/A,N/A,1346908277
Unnamed Location,hostel,12.9255396,77.6684186,N/A,N/A,N/A,N/A,1346908278
Unnamed Location,hostel,12.9255444,77.6685114,N/A,N/A,N/A,N/A,1346908279
Unnamed Location,hostel,12.9255552,77.6687031,N/A,N/A,N/A,N/A,1346908280
Unnamed Location,hostel,12.925343,77.6684421,N/A,N/A,N/A,N/A,1346908282
Unnamed Location,hostel,12.9253478,77.6685386,N/A,N/A,N/A,N/A,1346908283
Unnamed Location,hostel,12.9253502,77.6686389,N/A,N/A,N/A,N/A,1346908284
Unnamed Location,hostel,12.9253598,77.6688281,N/A,N/A,N/A,N/A,1346908285
Ushodaya New Gents PG,hostel,12.9270618,77.6743198,N/A,09381055884,N/A,N/A,1366166764
Brindavan PG,hostel,12.927899,77.6729711,N/A,N/A,N/A,N/A,1366554284
Sri Raama PG for Ladies,hostel,12.9261209,77.670519,N/A,N/A,N/A,N/A,1366567527
AA Epsilon Premium Best Coliving Pg,hostel,12.9252475,77.6726417,N/A,N/A,N/A,N/A,1366762774
Feb 30 Daffodil Co-Living Pg,hostel,12.9253862,77.6726872,N/A,N/A,N/A,N/A,1366762775
Feb 30 Marigold Coliving Pg,hostel,12.9255184,77.6727372,N/A,N/A,N/A,N/A,1366762776
Paradise Studio Rooms pg for ladies,hostel,12.9260163,77.6758123,N/A,N/A,N/A,N/A,1368219742
SNS PG For Ladies,hostel,12.9265147,77.6713486,N/A,N/A,N/A,N/A,1368377112
Colive 554 Minneapolis,hostel,12.9245308,77.6746003,N/A,N/A,N/A,N/A,1370798180
CSR Stay Inn PG for Ladies,hostel,12.924281,77.6749139,N/A,N/A,N/A,N/A,1371158696
Unnamed Location,hostel,12.9221867,77.6647323,N/A,N/A,N/A,N/A,1412403626
Unnamed Location,hostel,12.979043,77.7137608,N/A,N/A,N/A,N/A,1413024988
Unnamed Location,hostel,12.9790612,77.7131694,N/A,N/A,N/A,N/A,1413024989
Unnamed Location,hostel,12.9790612,77.7130037,N/A,N/A,N/A,N/A,1413024990
Unnamed Location,hostel,12.9543169,77.7179041,N/A,N/A,N/A,N/A,1423240841
Unnamed Location,hostel,12.9543285,77.7177875,1st Cross Road,N/A,N/A,N/A,1423240842
Unnamed Location,hostel,12.9541452,77.7178824,N/A,N/A,N/A,N/A,1423240843
Unnamed Location,hostel,12.9542058,77.7177774,1st Cross Road,N/A,N/A,N/A,1423240844
Unnamed Location,hostel,12.9541226,77.7177694,1st Cross Road,N/A,N/A,N/A,1423240845
Blue Bells PG,hostel,12.9621331,77.5976144,"Langford Road, Bangalore",N/A,N/A,N/A,1447168047
Unnamed Location,hostel,12.9744917,77.7132981,N/A,N/A,N/A,N/A,1455376028
Unnamed Location,hostel,12.9744394,77.7131869,N/A,N/A,N/A,N/A,1455376029
Unnamed Location,hostel,12.9743913,77.7130989,N/A,N/A,N/A,N/A,1455376030
Unnamed Location,hostel,12.974323,77.713002,N/A,N/A,N/A,N/A,1455376031
Unnamed Location,hostel,12.9747741,77.7131916,N/A,N/A,N/A,N/A,1455376032
Unnamed Location,hostel,12.9746723,77.713262,N/A,N/A,N/A,N/A,1455376033
Unnamed Location,hostel,12.9746771,77.7130481,N/A,N/A,N/A,N/A,1455376034
Unnamed Location,hostel,12.9746328,77.7128905,N/A,N/A,N/A,N/A,1455376035
Unnamed Location,hostel,12.9751818,77.7129446,N/A,N/A,N/A,N/A,1455376036
Unnamed Location,hostel,12.9751486,77.7128045,N/A,N/A,N/A,N/A,1455376037
Unnamed Location,hostel,12.975122,77.7127067,N/A,N/A,N/A,N/A,1455376038
Unnamed Location,hostel,12.9749205,77.7128387,N/A,N/A,N/A,N/A,1455376039
Unnamed Location,hostel,12.9748996,77.7127613,N/A,N/A,N/A,N/A,1455376040
Unnamed Location,hostel,12.9750193,77.7129936,N/A,N/A,N/A,N/A,1455376041
Unnamed Location,hostel,12.9540555,77.7181884,3rd Cross Road,N/A,N/A,N/A,1458659841
Unnamed Location,hostel,12.954211,77.7182038,3rd Cross Road,N/A,N/A,N/A,1458659842
Unnamed Location,hostel,12.9541313,77.7181964,3rd Cross Road,N/A,N/A,N/A,1458659843
Unnamed Location,hostel,12.9543308,77.7182147,3rd Cross Road,N/A,N/A,N/A,1458659844
