Name,Category,Latitude,Longitude,Address,Phone,Website,Email,OSM_ID
Swamy Hospital,hospital,12.8550625,77.6642727,Bengaluru,,,,266740082
Clinic,hospital,12.9134182,77.6774852,Bengaluru,,,,267214379
Shanti Hospital,hospital,12.9235041,77.5857517,Bengaluru,,,,303924572
Apollo Hospital,hospital,12.9263714,77.6765455,"74/1 Outer Ring Road Belandur, Bangalore 560037",+91-80-40222555,http://www.apolloclinicbangalore.com/,whitefield@theapolloclinic.com,307401529
Unnamed Medical Location,pharmacy,12.9314045,77.5924636,Bengaluru,,,,307413315
Narayana Hrudayalaya Dental Clinic,hospital,12.9155759,77.6349897,Outer Ring Road Bengaluru,,,,308866071
Dr Ganesh Medical and Diabetic Clinic,hospital,12.9129006,77.6419101,Bengaluru,,,,310393723
Ashwin Pharma,pharmacy,12.9600171,77.6454021,HAL Airport Road Bengaluru,,,,316995046
Unnamed Medical Location,pharmacy,12.9600511,77.6371358,Bengaluru,,,,316996472
Unnamed Medical Location,pharmacy,12.9586589,77.6375328,Bengaluru,,,,316996475
Unnamed Medical Location,pharmacy,12.9581727,77.6402029,Bengaluru,,,,316996550
Apollo Pharmacy,pharmacy,12.9686175,77.6489441,Bengaluru,,,,316999477
JBS Hospital,hospital,12.9207173,77.5745968,Kanakapura Road Bengaluru,,,,364629422
Unnamed Medical Location,veterinary,12.9232772,77.5819096,Bengaluru,,,,364629579
Jayanagar heart Centre,hospital,12.9231684,77.584433,Bengaluru,,,,364629734
Srujan Dental Care,dentist,13.0605539,77.6251495,Bengaluru,,,,412944393
Sri Vijayalakshmi Pragathi Hospital,hospital,13.0371728,77.6409543,Bengaluru,,,,443612463
MedPlus,pharmacy,13.0310427,77.6353019,Bengaluru,,,,454081212
Dental and Orthodontic Clinic,dentist,13.0192548,77.6366323,Bengaluru,,,,454141789
Sathya Hospital,hospital,13.0185503,77.6364728,Bengaluru,,,,454142398
Sathya Medicals,pharmacy,13.0183245,77.6364269,Bengaluru,,,,454142399
Ramakrishna Hospital,hospital,12.8500655,77.6624706,Bengaluru,+918040800300,http://rkhealth.com/,,459464857
Little Angel Clinic for children,doctors,12.9661723,77.7154277,"B Block, AECS Layout Kundalahalli, Bangalore 560037",+91 99020 00934,http://www.littleangelsclinic.com/,narmada@littleangelsclinic.com,514178762
Srinivasa Medicals,pharmacy,12.9919585,77.7178824,"ITPL Main Road, near Hoodi Circle Hoodi, Mahadevapura, Bangalore 560048",,,,514314695
Chord Road Hospital Pvt Ltd,hospital,12.9981215,77.5404836,"100 West of Chord Road (LIC Colony) Basaveshwara Nagar, Bangalore 560079",+91-80-23225858;+91-80-23225868;+91-80-23225878,http://www.chordroadhospitalent.com/,chordroadhospital100@yahoo.co.in,519549595
Unnamed Medical Location,pharmacy,13.0360931,77.5317332,Bengaluru,,,,520091555
Pristline Hospital,hospital,12.9978931,77.5436127,"877 Modi Hospital Road (West of Chord Road) Basaveshwara Nagar, Bangalore 560079",+91-80-41354444;+91-80-51270776,http://www.pristinehospitals.com/,pristinehospitals@pristinehospitals.com,530353033
"Bengaluru Hospital, Susruta Medical Aid AndResearch Home Limited",hospital,12.9376734,77.5802836,Rashtriya Vidyalaya Road Bengaluru 560001,,http://dpal.kar.nic.in/Kanunu%20padakosha%20PDF%20Files/Recognised%20Hospitals.pdf,info@Bengaluruhospital.co.in,582384953
Sri Manjunath Medical & General stores,pharmacy,12.9248306,77.6642849,Bengaluru,,,,590753378
Dava Sagar,pharmacy,13.0257078,77.6517029,Bengaluru,,,,595305844
Apollo Pharmacy,pharmacy,13.0230704,77.6508206,Horamavu Agara Main Road Bengaluru,,,,595305848
Pushyamee,pharmacy,13.0006252,77.5652425,"8th Main Malleswaram, Bangalore",,,,617760063
Manipal Northside Hospital,hospital,13.0011275,77.5639285,"71 11th Main Road, Opp Railway Station, Malleswaram bangalore 560003",080 2222 1111,,,625856709
Manipal North Side Pharmacy,pharmacy,13.0009721,77.5640265,Bengaluru,,,,625857657
Arvind Diagnostics,laboratory,13.0072994,77.5784789,Bengaluru,,,,661056777
Dr. S. Shetty,doctors,13.010717,77.5755578,Jeevaraj Alva Road Bengaluru,,,,661056780
Government Primary Health Centre,hospital,12.9503234,77.6162619,Bengaluru,,,,663604723
Keshava Medical & General Stores,pharmacy,13.0059079,77.578507,Bengaluru,,,,664332016
Divakars speciality Hospital,hospital,12.9100629,77.5924585,Bengaluru 560078,,http://www.healthforher.in/,,665727326
S. S. Pharma,pharmacy,12.9965785,77.6045552,Benson Cross Road Bengaluru,,,,665871294
Glitz Dental Care and Health Centre,dentist,12.9965348,77.6045413,Benson Cross Road Bengaluru,,,,665871295
Dr. Afrose Parveen Dental Clinic,dentist,12.9973171,77.6037642,Benson Cross Road Bengaluru,,,,665871312
A K Medicals,pharmacy,12.9568547,77.7148261,Bengaluru,,,,671185204
Trust Medicals,pharmacy,12.9606501,77.7138068,Bengaluru,,,,671185205
Hema Poly Clinic,hospital,12.960765,77.7137961,Bengaluru,,,,671185206
Saisudha Medical,pharmacy,13.0129089,77.5742856,Bengaluru,,,,673860153
BMTC Hospital,hospital,12.9234317,77.5923374,Bengaluru,,,,691930445
Greeshma,pharmacy,12.8761792,77.6169752,Bengaluru,,,,731781098
Ramakrishna Nursing Home and Hospital,hospital,12.9364329,77.583477,Bengaluru,,,,769216417
Shilpa Homeopathic Clinic,clinic,12.9267313,77.6346384,Bengaluru,,,,839826450
Unnamed Medical Location,pharmacy,12.960424,77.646233,Kodihalli Main Road Bengaluru,,,,844434365
Unnamed Medical Location,pharmacy,12.9622433,77.6470269,Kodihalli Main Road Bengaluru,,,,844434369
Amruth Medicals,pharmacy,13.0050896,77.623376,Bengaluru,,,,860057144
Apollo Pharmacy,pharmacy,13.0052518,77.6233121,Bengaluru,,,,860057145
"SBF Health, Bengaluru Urban",clinic,12.9774296,77.6955308,Bengaluru 560037,,,,937026991
Shashi Clinic,clinic,12.9140267,77.613838,Bengaluru,,,,949313543
Sri Murti medicals,pharmacy,12.9141731,77.6134947,Bengaluru,,,,949313544
MedPlus,pharmacy,12.9136384,77.6074718,Bengaluru,,,,949313551
The Family Dental Care,dentist,12.9138855,77.6138005,Bengaluru,,,,949313554
Apollo Pharmacy,pharmacy,12.9133476,77.6101635,Bengaluru,,,,951203531
Radhakrishna Pharmacy,pharmacy,12.9408942,77.5456204,Bengaluru,,,,953639347
Sri Balaji Medicals and General Stores,pharmacy,12.9403595,77.5458556,Bengaluru,,,,953661272
Sri Vinayaka Poly Clinic,hospital,12.939058,77.5510802,"8/45 80 Feet Road, SBM Colony, Near-Bank Colony Bus Stop, Banashankari 1st Stage bangalore 560050",080 2672 8455,,,954623054
Apollo Pharmacy,pharmacy,12.9332899,77.5427058,Bengaluru,,,,959268235
RMV Hospital,hospital,13.0322788,77.576876,Bengaluru,,,,966863252
SNR Pharmacy,pharmacy,12.989865,77.717934,"Hoodi, Mahadevapura, Bangalore 560048",,,,973472346
Yashomathi Hospitals,hospital,12.9559302,77.7112689,Varthur Road Bangalore,,,,975680681
Aruna Medicals,pharmacy,12.9855008,77.718421,"Hoodi, Mahadevapura, Bangalore 560048",,,,980038314
Apollo Pharmacy,pharmacy,12.9602864,77.7136786,Arvind Avenue Bengaluru,,,,1001584630
Mallya Audikesh Diagnostics Center,hospital,12.9815051,77.6011944,55 Infantry Road Bangalore 560001,+918022868423,https://www.medinovaindia.com/,bengaluru@medinovaindia.com,1005544881
Mallige Medical Centre,hospital,12.985247,77.5803846,"31/32 Crescent Rd,Nehru Nagar,Gandhi Nagar Bangalore 560001",080 2220 3333,https://www.mallige.com/,,1006462338
Devine Hospital,hospital,13.0038999,77.6039313,Bengaluru 560046,,,,1067181192
Vijay Medicals,pharmacy,13.0044271,77.6037741,Bengaluru,,,,1067181200
Unnamed Medical Location,pharmacy,12.9192711,77.6684296,Sarjapur Road Bengaluru,,,,1067307517
Trust,pharmacy,12.9851522,77.6737584,Kaggadasspura Main Road Bengaluru,,,,1076571318
Lalbagh Nursing Home,hospital,12.9452313,77.5861734,Siddapura Road Bengaluru,,,,1085786951
Dr. Batra Clinic,hospital,12.9797287,77.7271089,Bengaluru,,,,1093355153
Government Maternity Hospital,hospital,12.9988604,77.5817424,Bengaluru,,,,1101622501
Sancheswar Clinic,doctors,12.9910481,77.7178239,Bengaluru,,,,1107350598
Vikas Medicals,pharmacy,12.9672449,77.5427653,Bengaluru,,,,1107984443
MedPlus,pharmacy,12.9670358,77.5428833,Bengaluru,,,,1107986012
Soujanya Clinic,hospital,12.9681189,77.54325,Bengaluru,,,,1108014134
Kanva Diagnostics Collection Centre,hospital,12.967291,77.5429164,Bengaluru,,,,1108040901
Unnamed Medical Location,pharmacy,12.9611813,77.7054148,Bengaluru,,,,1135052608
New Akshay Mallya Hospital,hospital,12.9568527,77.6990468,Varthur Road Bengaluru 560037,,,,1150839598
Balaji Medicals,pharmacy,12.8502958,77.6551514,Bengaluru,,,,1152805167
Presidency Hospital,hospital,12.9951629,77.69923,Whitefield Road Bengaluru,,,,1186831410
BGS Gleneagles Hospitals,hospital,12.90306,77.4974982,Bengaluru 560060,,https://bgsgleneaglesglobalhospitalbengaluru.com/,web.enquiries@globalhospitalsindia.com,1228960966
Srinivas Clinic,hospital,12.9073391,77.5830655,29 Main Bengaluru,,,,1272424543
Unnamed Medical Location,clinic,12.913914,77.6372735,Bengaluru 560102,,,,1279246450
Trust Pharma,pharmacy,13.0226434,77.6481609,Bengaluru,,,,1283697988
Queens Nursing Home,clinic,12.9903369,77.5874909,Bengaluru,,,,1289949443
Sri Ganesh Medicals,pharmacy,13.0077106,77.5640402,8th Main Road Bangalore 560055,,,,1290107605
Unnamed Medical Location,hospital,13.0043642,77.5652959,Bengaluru,,,,1290125198
MedPlus,pharmacy,13.0067295,77.5642274,Bengaluru,,,,1290125219
Shivakumar Medicals & General Store,pharmacy,12.9180833,77.6515737,27th main Bengaluru 560102,,,,1307450638
Metro Hospital,hospital,12.8915893,77.560715,Bengaluru,,,,1318987638
Unnamed Medical Location,pharmacy,12.9787344,77.6451837,Bengaluru,,,,1328610672
Health and Glow,pharmacy,12.9701421,77.6314807,Sai Baba Mandira Road Bengaluru,,,,1328617013
Sri Vinayaka Medicals,pharmacy,12.9725356,77.6511018,Bengaluru,+91 84531 18830,,,1339413322
Apollo Pharmacy,pharmacy,12.909578,77.5641601,Bengaluru,,,,1339731852
Brookefield Hospital(A Unit Of Sanjeevani Hospital),hospital,12.9668213,77.7168891,Bengaluru 560037,,,,1365797756
Laksmi Medical,pharmacy,12.9658455,77.7184852,Bengaluru,,,,1366802622
Satya Sai Medicals,pharmacy,12.9663904,77.718256,Bengaluru,,,,1366802631
Pavan Medical,pharmacy,12.9674469,77.7166937,Bengaluru,,,,1366802650
Ryan Medical,pharmacy,12.9659944,77.7141093,Bengaluru,,,,1370301764
Medplus,pharmacy,13.0383104,77.6072338,Bengaluru,,,,1370783346
Vita Life clinic,clinic,12.9648939,77.7180556,Bengaluru,,,,1371859178
MedPlus,pharmacy,12.9711033,77.7119389,Bengaluru,,,,1373903942
Shakti Medical,pharmacy,12.9360494,77.6149821,Bengaluru,,,,1375978247
Health And Glow,pharmacy,12.9351354,77.6134273,Bengaluru,,,,1375978268
"The Apollo Clinic, Bengaluru Urban",clinic,12.9339266,77.6161393,"143 1st Cross, 5th Block, Koramangala, Near Nagarjuna Hotel Bangalore 560095",+91860 500 2244,https://www.apollospectra.com/,,1375978269
Apollo Pharmacy,pharmacy,12.9363466,77.6146761,Bengaluru,,,,1375978276
Aravind Medicals and General stores,pharmacy,12.9115937,77.6062818,Bengaluru,,,,1388103603
Tenet diagnostics,hospital,12.9573067,77.7087044,"S1,S2 Spice Garden Compound Road Marathahalli, Bangalore",,,,1428600902
Trust Pharmacy,pharmacy,12.9573761,77.7086858,"Marathahalli, Bangalore",,,,1428601793
Pushpa Medicals,pharmacy,12.9688745,77.7496287,284 Whitefield Main Road Bangalore 560066,,,,1434028772
ESI Hospital,hospital,12.995242,77.6523255,Bengaluru,,,,1436177631
Karunalayam Hospital,hospital,12.9111263,77.7073377,Bengaluru,,,,1437213383
SDS Tuberculosis Research Centre and Rajiv Gandhi Institute of Chest diseases,hospital,12.9367955,77.5907094,Bengaluru,,,,1438212033
Maiya Multispecialty Hospital,hospital,12.942614,77.5854533,Bengaluru 560011,,,,1440343668
Ramdev Medicals,pharmacy,12.9354499,77.5925943,Bengaluru,,,,1440356371
Wellness Forever,pharmacy,12.9358054,77.5927686,Bengaluru,,,,1440356373
The Cash Pharmacy,pharmacy,12.9683152,77.6004368,74/5 Saint Mark's Road Bangalore 560001,080 3361 8456,,,1446122916
Residency Pharmacy,pharmacy,12.9668907,77.5986274,Bengaluru,,,,1449018888
Narayana Netralaya,hospital,12.9671401,77.6094485,37 Castle Street Bengaluru 560025,,,,1454651986
The Apollo Clinic,clinic,12.9971262,77.5715091,"5th Cross Malleswaram, Bangalore",,,,1459879075
MedPlus,pharmacy,13.0820745,77.5471589,Bengaluru,,,,1462231357
Apollo Pharmacy,pharmacy,13.0581352,77.546243,Bengaluru,,,,1462448663
Nagappa Hadli Hospital,hospital,13.0829889,77.5489026,Bengaluru 560097,,,,1463452754
Maruti Medicals,pharmacy,13.0827434,77.5484962,Bengaluru,,,,1463453140
"Vasan Eye Care Hospital, Nagarabhavi",hospital,12.9746134,77.5129757,Bengaluru 560091,,http://www.vasaneye.in/,,1463507632
Rc Hospital,hospital,12.930936,77.5153776,Bengaluru 560098,,,,1463555571
Trust,pharmacy,12.9309289,77.5154272,Bengaluru,,,,1463556053
Veturi Child Health Centre,hospital,12.9263226,77.5156579,Bengaluru,,,,1463563608
Ketham's Hospital Pvt. Ltd,hospital,13.0686568,77.5582571,Bengaluru 560097,,,,1463656830
Ragavendra Hospital,hospital,13.0425433,77.5155377,Bengaluru,,,,1464742684
Guru Kripa Clinic,hospital,13.0349833,77.5676844,Bengaluru,,,,1464772262
Deeksha Orthopaedic Hospital,hospital,13.0973922,77.5964894,Bengaluru,,,,1464782617
Shushrusha Hospital,hospital,13.0997316,77.5980216,Bengaluru,,,,1464783198
Apollo Pharmacy,pharmacy,12.9373048,77.6244506,"17th b main, 6th block Bengaluru 560095",,,,1464885140
Chirag Hospital and Maternity Center,hospital,12.9126298,77.5913594,17th Main Road Bengaluru 560078,,,,1464921265
St Theresa Pharmacy,pharmacy,13.0061311,77.5536439,Bengaluru,,,,1465059607
Apollo Pharmacy,pharmacy,12.9162325,77.5949182,Bengaluru,,,,1465122326
Dr Shah Clinic,pharmacy,13.0325996,77.5589529,Bengaluru,,,,1465454653
Sagar Pharmacy,pharmacy,12.9370493,77.5686801,Bengaluru,,,,1466380358
Udhbhava Hospital,hospital,12.9256842,77.5489346,Bengaluru 560085,,,,1466477036
DG Hospital,hospital,12.9206648,77.5598673,Bengaluru 560073,,http://dpal.kar.nic.in/Kanunu%20padakosha%20PDF%20Files/Recognised%20Hospitals.pdf,,1466576385
Sharadha Nursing Home,clinic,12.9429573,77.6174085,Bengaluru 560034,,,,1466631787
Srinivasa Nursing Home,hospital,12.9423039,77.6174893,Bengaluru,,,,1466638204
Apollo Pharmacy,pharmacy,12.9423666,77.6174611,Bengaluru,,,,1466650618
Apollo Pharmacy,pharmacy,12.9175358,77.5934343,Bengaluru,,,,1467149940
Maruthi Medical Store,pharmacy,13.0282784,77.5715263,Bengaluru,,,,1467359289
Karuna Clinic,clinic,12.9364316,77.5673584,Bengaluru,,,,1467750614
Kangila Clinic,hospital,12.9336501,77.5660602,Bengaluru,,,,1467778591
Rakesh Medicals,pharmacy,12.9336091,77.5661398,6th Main Bengaluru 560028,,,,1467778592
Subramanya Medicals,pharmacy,12.9334734,77.5661076,"6th Cross, 6th Main Bengaluru 560028",,,,1467794454
T R Medicals,pharmacy,12.9327937,77.5677437,2nd Main Bengaluru 560028,,,,1467794502
Sree Shakthi medicals,pharmacy,12.9076312,77.6492635,24th main hsr 2nd sector Bengaluru 560102,,,,1467831581
Chaitanya Hospital,hospital,13.0990911,77.5861904,Bengaluru,,,,1467969798
"Vasan Eye Care Hospital, Koramangala",hospital,12.9402371,77.6253403,Bengaluru 560095,,http://www.vasaneye.in/,,1468540733
A K Clinic,clinic,12.9076284,77.6493158,Bengaluru,,,,1468908276
Apollo Pharmacy,pharmacy,12.9081132,77.6493238,24th main hsr 2nd sector Bengaluru 560102,,,,1468908281
MedPlus,pharmacy,12.9071172,77.6491754,24th main hsr 2nd sector Bengaluru 560102,,,,1468908295
health nest,hospital,12.9075992,77.6488507,Bengaluru,,,,1468908300
St John's Medical Camp,pharmacy,13.0268364,77.5798131,Bengaluru,,,,1469035491
Amma's ENT Clinic,hospital,13.0281613,77.5793947,Bengaluru,,,,1469035492
MedPlus,pharmacy,13.0268965,77.5799419,Bengaluru,,,,1469035493
Krishna Specialty Clinic,hospital,13.026721,77.5789272,Bengaluru,,,,1469036754
Seventh Day Adventist Hospital,hospital,12.995625,77.6113272,Saunders Road Bengaluru 560005,,,,1469181813
Santosh Diagnostic & Scan Center,clinic,12.9933614,77.6080259,Saint John's Church Road Bengaluru,,,,1469196557
Park View Clinic,clinic,12.9935915,77.6086664,Saint John's Church Road Bengaluru,,,,1469196573
Government Veterinary Hospital,veterinary,12.9917256,77.5991714,Bengaluru,,,,1469249217
Srinivasa Nursing Home,hospital,12.9965077,77.6220456,Bengaluru,,,,1469314053
Apollo Pharmacy,pharmacy,12.9323571,77.5676123,2nd Main Road Bengaluru 560028,,,,1470553353
Kids Care Clinic,hospital,12.914434,77.6050207,Bengaluru,,,,1470603498
Krishna Pharma,pharmacy,12.941581,77.617208,Bengaluru,,,,1470707052
Balaji Medicals,pharmacy,12.8737728,77.6449481,Bengaluru,,,,1470731018
Dental Clinic,dentist,12.918466,77.638068,Bengaluru,,,,1470758421
Basha Clinic,dentist,12.924661,77.638669,Bengaluru,,,,1470765801
Apollo Pharmacy,pharmacy,12.9698357,77.7497385,Bengaluru 560066,,,,1470833610
Pristine Health care,hospital,12.9382768,77.6186753,Bengaluru,,,,1471128628
Apollo Pharmacy,pharmacy,12.9175661,77.6319413,Bengaluru,,,,1471712111
Mhaskars Srishti Clinic,doctors,12.917678,77.6317772,Bengaluru,,,,1471712151
Prerana Dental Clinic,hospital,12.9186845,77.630774,Bengaluru,,,,1471719697
Mamtha Health Center,hospital,12.9180492,77.6318764,Bengaluru,,,,1471720698
Balaji Medical Store,pharmacy,13.0078494,77.5473216,Bengaluru,,,,1471737562
Suprabha Hospital,hospital,13.0079383,77.5469059,Bengaluru,,,,1471737564
Sri Dhanvantri Ayurved Bhandara,pharmacy,13.0082414,77.5468871,Bengaluru,,,,1471738634
Sangolli Nursing Home,hospital,13.0083564,77.5469273,Bengaluru,,,,1471738635
Religare,pharmacy,13.0939199,77.5827167,Bengaluru,,,,1471774578
Diacon Hospital,hospital,13.0037682,77.5498337,Bengaluru 560010,,,,1471781028
Nelamangala General Hospital,hospital,13.0987847,77.3912296,Bengaluru 562123,,,,1471781389
Agarwal Eye Hospital,hospital,12.9273417,77.6221301,Bengaluru,,,,1472015890
Sri Sapthagiri Clinic,hospital,12.8736928,77.6449626,Bengaluru,,,,1472037865
Sagar Dental Clinic,hospital,12.9169725,77.6300572,Bengaluru,,,,1472111625
Sanjeevani Medicals,pharmacy,12.8780838,77.6384592,Bengaluru,,,,1472212559
Vijaya Shree Diagnostics,pharmacy,12.9271081,77.6226087,Bengaluru,,,,1472248473
Venkateshwara Hospital,hospital,12.9257842,77.6170828,Hosur road Bengaluru,,,,1472735174
Medical Shop,pharmacy,13.0552619,77.6020449,Bengaluru,,,,1472761524
Medi House Pharma,pharmacy,12.9636019,77.7481495,Bengaluru,,,,1472800108
Namratha Hospital,hospital,13.0047859,77.543073,Bengaluru,,,,1472808792
Devi Eye Hospital,hospital,12.9162576,77.6374069,Bengaluru,,,,1472878021
Mysore Hospital,hospital,13.0275337,77.5397051,Bengaluru 560022,,,,1473023593
Prakash Clinic,clinic,13.027027,77.539442,Bengaluru,,,,1473023915
Balaji Medicals,pharmacy,12.9275755,77.6160908,15/95 Hosur Road Bengaluru,,,,1473082673
Apollo Pharmacy,pharmacy,12.9123293,77.6326323,Bengaluru,,,,1473224706
Jayanagar Orthopaedic Centre,hospital,12.9293288,77.5877091,Bengaluru 560041,,,,1473296715
Himalaya Health care - druggists,pharmacy,12.9377532,77.6266479,Bengaluru,,,,1473308076
Arathi medicals,pharmacy,12.9353953,77.6233434,Bengaluru,,,,1473308080
Shekar Hospital,hospital,12.9458714,77.5675192,Shyamaraja Iyengar Road Bengaluru 560019,,,,1473921774
Punya Hospital,hospital,13.0011459,77.5359798,Bengaluru,,,,1474001855
Vasan Eye Care,hospital,12.9102705,77.6265538,Hosur road Bengaluru,,,,1474104406
Apollo Clinic,hospital,12.8517246,77.6681472,Bengaluru,,,,1474106961
Heart lung clinic,clinic,12.9787052,77.6443155,Chinmaya Mission Hospital Road Bengaluru,,,,1474220548
Amar Jyoti Nursing Home And P M P Medical Centre,clinic,12.9786335,77.6421434,Bengaluru 560038,,,,1474220553
Lotus Diagnostic centre,clinic,12.9786597,77.6424063,Bengaluru,,,,1474220555
Trust Medicals,pharmacy,12.9786322,77.642362,Bengaluru,,,,1474220576
Sri Kirshna Pharmacy,pharmacy,12.9783513,77.6456344,Bengaluru,+91 91643 45443,,,1474220588
Maiyya's Pharmacy,pharmacy,12.9425654,77.5854098,Bengaluru,,,,1474244819
Ramkrishna Nursing Home,clinic,12.9364201,77.5828954,Bengaluru 560011,,,,1474259226
Balaji Medicals,pharmacy,12.9115238,77.5783798,Bengaluru,,,,1474277935
Parimala Clinic,hospital,12.9135707,77.5788941,Ayodhyarama Road Bengaluru,,,,1474277938
Vidya Medicals,pharmacy,12.9135528,77.5787869,Bengaluru,,,,1474277950
Karanth Speciality Hospital,hospital,12.9160081,77.6193573,Bengaluru 560068,,,,1474317196
Gangothri Hospital,hospital,12.9162878,77.6138218,Outer Ring Road Bengaluru 560076,,,,1474323515
Tooth N Care,dentist,12.930861,77.6069707,Christ School Road Bengaluru,,,,1474432226
Spurthy Hospital,hospital,12.9239335,77.61116,Bengaluru 560029,,,,1474449391
Prasad Eye Hospital,hospital,12.9351929,77.6086817,Bengaluru,,,,1474458358
NIMHANS Screening block,hospital,12.9387115,77.5937737,Bengaluru,,,,1474472488
NIMHANS OPD,hospital,12.9388056,77.5942994,Bengaluru,,,,1474472859
Manjunath Hospital,hospital,12.9483598,77.5940621,Bengaluru 560027,,,,1474511948
Karthik Hospital,hospital,12.9484356,77.5942592,8th Cross Bengaluru,,,,1474512442
Aswad Hospital,hospital,12.9147871,77.6247622,Hosur road Bengaluru 560068,,,,1474819060
TSR heart care,hospital,13.0264438,77.5933686,Bengaluru,,,,1474819111
Sri Rama Medicals and General Stores,pharmacy,12.9971233,77.5512976,Bengaluru,,,,1474819885
Fortis Hospital,hospital,13.0022409,77.5490879,Bengaluru 560086,,,,1474819886
Citi Hospital,hospital,12.9956506,77.5510696,25/91 Chord Road Bangalore 560010,+(91)-80-23131778,,,1474819896
"Vasan Eye Care Hospital, Rajaji Nagar",hospital,12.9995223,77.5505328,46 19th Cross Road Bengaluru 560010,,,,1474819897
Ananya Hospital,hospital,12.9998205,77.55045,Bengaluru 560010,,https://www.ananyahospital.org/,enquiries@ananyahospital.org,1474819898
Religare Medicals,pharmacy,13.0002224,77.5688175,Bengaluru,,,,1474819903
Baptist,hospital,12.9970915,77.5719766,Bengaluru,,,,1474820321
Supra's Diagnostic Centre,clinic,12.9970758,77.5721536,Bengaluru,,,,1474820322
Apollo Pharmacy,pharmacy,12.9240181,77.5533888,Bengaluru,,,,1474821033
Shivakrupa Hospital,hospital,12.973967,77.5479135,Bengaluru,,,,1474827898
Dr. Ambedkar Medical College Hospital,hospital,13.0248621,77.6139585,Bengaluru,,,,1474875685
Unnamed Medical Location,pharmacy,12.9322462,77.5894525,Bengaluru,,,,1491765447
Ayurveda Clinic,alternative,12.8913581,77.6044902,Bengaluru,,,,1568844087
Devi Medicals,pharmacy,12.9674654,77.5413752,Bengaluru,,,,1575706224
National Pharma,pharmacy,12.9683188,77.7494966,Bengaluru 560066,,,,1579616035
E-City Family Dental Centre,dentist,12.8406178,77.6511117,Bengaluru,,,,1595181171
Swetha Clinic,doctors,12.9510846,77.5955162,Bengaluru,,,,1603318755
Narayana Hridayalaya / Axiss dental,dentist,12.8490725,77.6575599,Bengaluru,,,,1603379667
Lakshmi Medicals,pharmacy,12.9233957,77.588428,Bengaluru,,,,1604968794
"Sri Maruthi hospital, Sheshadripuram",hospital,12.9926441,77.5742046,"67 Link Rd, Malleswaram, Jai Bheema Nagar, Seshadripuram bangalore 560020",080 2344 9632,,,1617398469
Anjana Ramesh,doctors,12.9735423,77.6476618,1st Main Road Bengaluru,,,,1643047902
Vital Medi Health Care Pvt Ltd,clinic,12.9664535,77.6363465,3rd Cross Road Bengaluru 560071,,,,1655556512
Apollo Pharmacy,pharmacy,12.9582464,77.6412466,Bengaluru,,,,1659137304
MedPlus,pharmacy,12.9339016,77.5414815,Bengaluru,,,,1661797104
Prabha Eye Clinic and Research Centre,clinic,12.9197167,77.5753405,40th Cross Road Bengaluru 560070,,https://www.prabhaeyeclinic.com/,nfo@prabhaeyeclinic.com,1666757194
Apollo Pharmacy,pharmacy,12.9048437,77.6445035,19th Main Bengaluru,,,,1666879095
Apollo Pharmacy,pharmacy,12.9240468,77.5707766,Bengaluru,,,,1671675592
Bangalore Pet Hospital,veterinary,12.9556064,77.720658,5 Bengaluru,,,,1683088879
Sunny Medicals Hospital Clinic,hospital,12.9267954,77.6699091,Bengaluru,,,,1693120843
Maruthi Clinic,clinic,12.9912991,77.6878913,Bengaluru,,,,1717908330
Dr.Chandar Clinic,clinic,12.9960796,77.6933786,Whitefield Road Bengaluru,,,,1717909484
Unnamed Medical Location,pharmacy,12.9918615,77.6883761,Bengaluru,,,,1719522409
Unnamed Medical Location,pharmacy,12.99131,77.6878396,Bengaluru,,,,1719523296
Sudha Parimala Medical Store,pharmacy,12.9345466,77.5895421,Bengaluru,,,,1719595655
Vikram Eye Clinic,clinic,12.9352377,77.589655,Bengaluru 560011,,,,1719597042
Karunya Homoeopathy Centre,hospital,13.0307899,77.653594,Bengaluru,,,,1722802205
Ayur Seva Hospital,hospital,13.0148188,77.6653699,Bengaluru,,,,1724416882
Vinayaka Specialty Hospital,hospital,12.8990004,77.6218548,Bengaluru,,,,1727637379
Apollo Pharmacy,pharmacy,12.9272813,77.6693957,Bengaluru,,,,1729033459
Unnamed Medical Location,pharmacy,12.933396,77.5626216,Bengaluru,,,,1741794881
Unnamed Medical Location,pharmacy,12.9352471,77.5607927,Bengaluru,,,,1741797182
Unnamed Medical Location,pharmacy,12.9557166,77.6979892,Bengaluru,,,,1752648998
Unnamed Medical Location,pharmacy,12.9536608,77.6980039,Bengaluru,,,,1752649580
MSR Pharma,pharmacy,13.0282873,77.5705701,Bengaluru,,,,1756144063
MedPlus,pharmacy,12.968117,77.6504466,Bengaluru,,,,1760015499
Unnamed Medical Location,pharmacy,12.9662438,77.649815,Bengaluru,,,,1760015506
Koshys Hospital,hospital,13.0207033,77.6760593,Bengaluru,,,,1761866934
Gurushree Hitech Multispeciality Hospital,hospital,12.9593144,77.5265054,Bengaluru 560048,,,,1778854020
"Shobha Hospital, Bengaluru Urban",hospital,12.9755854,77.5313495,Bengaluru 560040,,,,1778897704
"Gayathri Hospital, Bengaluru Urban",hospital,12.9744053,77.5426819,Bengaluru 560040,,http://dpal.kar.nic.in/Kanunu%20padakosha%20PDF%20Files/Recognised%20Hospitals.pdf,,1778953072
Lavish Medical,pharmacy,12.9410107,77.6176795,Bengaluru,,,,1781815219
Clinic,doctors,12.8424567,77.6517883,Bengaluru,,,,1782809596
Dental Lavelle,dentist,12.9683617,77.5964631,Bengaluru,,,,1786240417
MEDSOL Hospital,hospital,12.9309944,77.4929837,Bengaluru 560059,,,,1794111895
Government Primary Health Centre,hospital,13.003447,77.504284,Bengaluru 560091,,,,1794166166
Unnamed Medical Location,pharmacy,13.0228142,77.6373977,Bengaluru,,,,1808847109
Bharathy Hospital,hospital,12.9761294,77.5326369,Bengaluru 560079,,,,1809734261
Yogananda Medical and Research Centre,hospital,12.9202791,77.5598033,Bengaluru 560070,,,,1812673570
"Government Primary Healthcare Center, Begur",hospital,12.8778532,77.6246582,Bengaluru 560068,,,,1818494842
Shakti Medicals,pharmacy,12.9215211,77.5935613,Bengaluru,,,,1825094796
Balaji Medical,pharmacy,12.8411107,77.6502059,Bengaluru,,,,1826301785
Cure & Care Dental Clinic Dr. Moumita Mukherjee,hospital,12.9074968,77.6492213,Bengaluru,,,,1835512586
Priyanka Pharma,pharmacy,13.0055429,77.6252364,32/2 Wheeler Road Extension Bangalore 560084,,,,1851792669
Apple Pharma,pharmacy,12.9997824,77.5681888,Bengaluru,,,,1863318903
Mediplus,pharmacy,13.0814337,77.5880604,Bengaluru,,,,1868817336
"Siddheshwara Medicals, Judicial Layout, Allalasandra, Bangalore",pharmacy,13.0797146,77.5876527,Bengaluru,,,,1868820078
Shirdi Sai Hospital,hospital,13.0372438,77.5648754,Bengaluru 560054,,http://shirdisaihospital.in/,,1871539757
MSR Medicals,pharmacy,13.0290021,77.5687628,Bengaluru,,,,1871547607
Balaji Medicals,pharmacy,12.8989456,77.6218388,Bengaluru,,,,1893269543
Kanyashree Daignostics,pharmacy,12.8921612,77.6257291,Bengaluru,,,,1894266650
Nayantara Opticals,hospital,12.8924828,77.6198497,Bengaluru,,,,1894298053
Trust Chemists & Druggists,pharmacy,12.8928095,77.6197262,Bengaluru,,https://www.trustpharmacy.co.in/,,1894298063
Religare Wellness,pharmacy,12.892659,77.6106015,Bengaluru,,,,1896211359
Shraddha Dental Care,clinic,12.8926407,77.6106417,Bengaluru,,,,1896211378
Shobha Hospital Medical Store,pharmacy,12.9754858,77.531294,Bengaluru,,,,1897599780
MedPlus,pharmacy,12.9729792,77.5290087,Bengaluru,,,,1897599781
Samarth Clinical Laboratory,laboratory,12.9453201,77.572698,Bengaluru,,,,1902387822
Kottakkal Arya Vaidya Sala,hospital,12.9411061,77.5850591,Bengaluru,,,,1905152108
Kasturi Medicals,pharmacy,12.9535215,77.5780606,Bengaluru,,,,1916533478
Cure N Care Homoeopathic clinic,clinic,12.9696677,77.7507305,first floor Immidahalli road Bengaluru 560066,9742543753,,,1916984937
Meenakshi ENT Speciality Centre,doctors,12.8832766,77.5829876,Bengaluru,,,,1923264401
Kids Care Clinic,doctors,12.8885876,77.5820492,Bengaluru,,,,1923916887
Nagashree Medicals,pharmacy,12.8920083,77.5789638,Bengaluru,,,,1951179042
Narayana Hrudayalaya Dental Clinic,dentist,12.8855512,77.5823969,Bengaluru,,,,1952902143
"Charan Homeopathy, Ramamurthy Nagar",hospital,13.0100409,77.6674667,Bengaluru,,,,1958294905
Dhanavantri Hospital,hospital,13.0834023,77.6348642,Bengaluru,,,,1988322107
T.R.Hospital,hospital,12.8807554,77.5841671,Bengaluru 560078,,,,2002686385
Dental Art,dentist,12.8899469,77.5776761,Bengaluru,,,,2010713146
Rainbow Clinic and Diagnostic Laboratory,hospital,12.891484,77.5816961,Bengaluru,,,,2012122119
Aryavaidyasala Ayurvedic Hospital,alternative,12.9818956,77.5599551,Bengaluru,,,,2016215978
Cloud Nine Hospital,hospital,13.0078742,77.5625316,"11th Main Road,17th Cross Bangalore",9972999729,,,2019362244
DenTotal,dentist,12.8919438,77.5801537,Bengaluru,,,,2021552674
Apollo Pharmacy,pharmacy,12.892026,77.5808384,Bengaluru,,,,2021556248
"Nayak Hospital, Gayathri Nagar",hospital,12.9993857,77.5606403,Bengaluru 560021,,,,2026076836
Royal Pet Care,veterinary,12.8926333,77.5812405,Bengaluru,,,,2030152914
Sri Dental Clinic,dentist,12.8913808,77.5767986,Bengaluru,,,,2034797465
Bajaj Medical Shop,pharmacy,13.0260861,77.5799826,Bengaluru,,,,2041904694
Sowmya Dental Care,dentist,13.0057078,77.5668318,Bengaluru,,,,2090041316
Mediplus Medical Store,pharmacy,13.0580068,77.588161,Bengaluru,,,,2108922891
"Rajnandani Hospital, Bangalore",hospital,12.8845448,77.5701276,Bengaluru 560062,,,,2122595759
"Maharaja Agrasen Hospital, Bengaluru Urban",hospital,12.915903,77.5550223,Bengaluru 560070,,,,2123564200
Banashankari Referral Hospital,hospital,12.9231342,77.5642974,Bengaluru 560070,,,,2123630630
Bangalore Kidney Foundation - NU Hospital,hospital,12.9179548,77.555816,Bengaluru,,,,2124813862
Unnamed Medical Location,pharmacy,12.9178868,77.5561969,Bengaluru,,,,2124814950
New Pushyamee,pharmacy,13.0037706,77.5653221,Bengaluru,,,,2196138330
Unnamed Medical Location,pharmacy,13.0235333,77.6000246,Bengaluru,,,,2210807119
"Panacea Hospital, Nagarabhavi",hospital,12.9613237,77.511726,Bengaluru 560072,,http://www.panaceahospital.com/,,2212459207
Shanbhag Hospital,hospital,12.9856882,77.5435424,Bengaluru 560079,,http://snsvo7.seekandsource.com/shanbhag/,,2249069522
Trupti Nursing Home,hospital,12.9946566,77.5397544,Bengaluru 560079,,,,2268407035
Srivijaya Speciality Hospital,hospital,13.0124345,77.6580271,Bengaluru 560043,,,,2272455276
MedPlus,pharmacy,12.9238923,77.5688355,Bengaluru,,,,2280259685
Magnus Diagnostic Lab,hospital,12.9349187,77.6305022,Bengaluru,,,,2285453337
Ajit Medicals,pharmacy,12.9295466,77.6291289,Bengaluru,,,,2285468610
Trustx,pharmacy,12.9356219,77.631044,Bengaluru,,,,2285469191
Pharma Plus,pharmacy,12.935306,77.6306217,924 1st Cross Road Bengaluru,,,,2285469320
Ganesh Medicals,pharmacy,12.851341,77.651229,Bengaluru,,,,2291228531
Krupa Medical center,hospital,13.000431,77.5411664,Bengaluru,,,,2296638505
Narayana Hrudayalaya Dental Clinic,clinic,12.8932015,77.6114181,Bengaluru,,,,2297421659
Janhavi Medicals,pharmacy,13.0045164,77.5785881,Bengaluru,,,,2298050805
Sri Sai Pharma,pharmacy,12.9786968,77.638473,Bengaluru,,,,2312872639
RMV Medicals,pharmacy,13.0323229,77.5770689,Bengaluru,,,,2319451107
Soukya Hospital,hospital,13.0774744,77.5587548,Bengaluru 560097,,,,2343099977
Greenview Medical Center,hospital,12.9191813,77.6381379,"14th Main Rd, opposite Agara Lake, Sector 5, 1st Sector, HSR Layout Bengaluru 560102",,,,2387173532
Sri Sairam Medicals,pharmacy,12.8981136,77.6186091,Bengaluru,,,,2389645442
Balaji Medicals,pharmacy,12.8980875,77.6182846,Bengaluru,,,,2389645944
Jain Medicals,pharmacy,12.9035518,77.6274068,Bengaluru,,,,2389667841
Trust Medicals,pharmacy,12.8388981,77.6603664,Bengaluru,,,,2399252044
Apollo Pharmacy,pharmacy,12.8928115,77.6199345,Bengaluru,,,,2407965402
Vaidyaratnam Oushadhasala,hospital,12.9121004,77.6485848,Bengaluru,,https://www.vaidyaratnammooss.com/,,2414612953
Blossoms Hospital,hospital,12.9064393,77.6308237,Bengaluru,,,,2447846664
Live100,hospital,12.8791713,77.6454925,Bengaluru,,,,2449294308
Happy Tooth,hospital,12.9744193,77.5336479,Vijayanagar Water Tank Road Bangalore 560040,,,,2480870848
Rishi Women and Child Clinic,hospital,12.9745812,77.532699,Vijayanagar Water Tank Road Bangalore 560040,,,,2480884777
Rishi Medicals,pharmacy,12.974626,77.5326702,Vijayanagar Water Tank Road Bangalore 560040,,,,2480884783
Frank Ross Pharmacy,pharmacy,12.9709607,77.5370233,Chord Road Bangalore 560040,,,,2483744043
Prashanth Dental Clinic,dentist,12.9708823,77.5367282,Chord Road Bangalore 560040,,,,2483744054
Sanjeevani Dental Clinic,dentist,12.9730072,77.5293951,Nagarabhavi Road Bangalore 560040,,,,2483779674
Penta Care Ayurvedic Hospital,hospital,12.9736894,77.5369482,Vijayanagar Water Tank Road Bangalore 560040,,,,2483779679
Shalini Nursing & MAternity Home,hospital,12.9436624,77.5419997,63 6th Main Road Bangalore 560085,,,,2484900084
Ganesh Medicals & General Store,pharmacy,12.9634823,77.5523641,Hosahalli Main Road Bangalore,,,,2487524464
Patanjali Arogya Kendra,pharmacy,12.9737726,77.5360981,Vijayanagar Water Tank Road Bangalore 560040,,,,2487658328
Kottkkal Arya Vaidya Shala,pharmacy,12.9738549,77.5359264,Vijayanagar Water Tank Road Bangalore 560040,,,,2487658329
Shreya Poly Clinic,hospital,12.9729127,77.5394723,6th Main Bangalore 560040,,,,2487658338
Narayana Dental Hospital,dentist,12.9930606,77.5391103,1st Cross Road Bangalore 560079,,,,2503514154
Positive Homeopathy,clinic,12.991912,77.5386905,Siddhaiah Puranik Road Bangalore 560079,,,,2503514688
Future Dentistry,dentist,12.9849948,77.5345955,1st Main Road Bangalore 560079,,,,2505743003
Apollo Pharmacy,pharmacy,12.9195943,77.6670277,Bengaluru,,,,2509415561
Sri Laxmi Medicals,pharmacy,12.8906819,77.5819411,Bengaluru,,,,2512839901
Vaidya Ratnam Ayurvedic Center,pharmacy,12.9785893,77.5736371,"4th Cross Gandhi Nagar, Bangalore",,,,2513569169
Tejas Ayurvedic Center,pharmacy,12.9727738,77.5371175,10th Main Road Bangalore 560040,,,,2513711728
Anurag Medical Center,hospital,12.9612829,77.5271683,4th Main Road Bangalore,,,,2514705828
Mohan Medicals,pharmacy,12.9609849,77.5269939,4th Main Road Bangalore,953555104,,,2514705829
Gentle Dentals,dentist,12.9607496,77.5272299,9th Cross Road Bangalore 560040,,,,2514705835
Clinic,clinic,12.8008985,77.394261,Bengaluru,,,,2519913267
Johnson Dental Clinic,dentist,12.8920933,77.581684,Bengaluru,,,,2520891453
Raga's Skin Care,doctors,12.8920729,77.5816893,Bengaluru,,,,2520891454
United Medical lab,hospital,13.0007683,77.6132902,Bengaluru,,,,2533566686
Maruthi Clinic,clinic,12.9993281,77.6192054,Bengaluru,,,,2533566974
MedPlus,pharmacy,12.9312166,77.6233097,Bengaluru,,,,2542702362
Pragathi Ayurvedic Center,hospital,12.9843701,77.555666,Bengaluru,,,,2554302512
Srujana Hospital,hospital,12.8413465,77.6475451,Neeladri Road Bangalore 560100,+91 80 49152339,,,2623054534
Apoorva Dental Clinic,dentist,12.9681898,77.7494739,Bengaluru,,,,2623324531
Narayana Hrudayalaya Dental Clinic,hospital,12.9231571,77.6728066,Bengaluru,,,,2623332318
MedPlus,pharmacy,13.0219905,77.6577775,Bengaluru,,,,2625677571
Maruthi Medicals,pharmacy,13.0198168,77.6562684,Bengaluru,,,,2625715089
Bhagwan Mahavir Jain Health Center,clinic,12.9814669,77.7523656,Bengaluru,,,,2631448299
"Deepak Nursing Home, Jayanagar",clinic,12.9258821,77.5775932,Bengaluru 560082,,,,2649085495
Nethradarshana Eye Clinic,doctors,12.8919779,77.5787637,Bengaluru,,,,2664957853
Unnamed Medical Location,pharmacy,12.948708,77.707873,Bengaluru,,,,2678583205
Sanjeevini Clinic,clinic,12.9486097,77.707873,Bengaluru,,,,2678583342
unknown clinic,clinic,12.9489302,77.7085732,Bengaluru,,,,2678583395
Hear2Speak Clinic,clinic,12.9555887,77.7196162,Bengaluru,,,,2720459298
Vatsalya Chidren's Clinic,hospital,12.8948505,77.6109105,Bengaluru,,,,2720476857
MedPlus,pharmacy,12.8950571,77.6109237,Bengaluru,,,,2720476861
Kottakkal Arya Vaidya Sala,hospital,12.9002599,77.6271003,Bengaluru,,,,2720498311
Manasa Medical Centre,clinic,12.9399806,77.5853659,Bengaluru,,,,2727229640
BBMP Veterinary Hospital,veterinary,12.990035,77.5643749,Bengaluru,,,,2767232789
Apollo Pharmacy,pharmacy,12.8829285,77.5833726,Bengaluru,,,,2855634917
Laxmi Medicals,pharmacy,12.883368,77.5829816,Bengaluru,,,,2857747051
Aditi Maternity and Genral Nursing Home,clinic,12.8907463,77.5965269,Bengaluru 560076,,,,2892739440
Dr. Reddy's Dental Forum,dentist,12.9028462,77.6240272,Bengaluru,,,,2898982746
Pavithra Medical & General Stores,pharmacy,12.8922399,77.5816934,Bengaluru,,,,2905307841
Sharavathi Hospitals (P) Ltd.,hospital,12.9623406,77.5342853,Bengaluru 560040,,,,2914260121
Ayush Children's Clinic (Dr.Murli),clinic,12.9681257,77.538885,Bengaluru,,,,2914302319
Indian Dental Association Clinic,dentist,12.9586531,77.5282635,Bengaluru,,,,2914344556
"Dr.Agarwal's Eye Hospital Ltd, Padmanabha Nagar",hospital,12.9169288,77.5592568,Bangalore 560070,,,,2932851733
Bharathi Medical Stores,pharmacy,12.9165996,77.5970356,Bengaluru,,,,2934044440
Ram Medicals,pharmacy,12.8978632,77.6215573,Bengaluru,,,,2938949426
Prima Care,clinic,13.0055224,77.6161553,Bengaluru,,https://primecare.in/,,2950498782
Goverment Veterinary Clinic,veterinary,12.8260429,77.6820929,Bengaluru,,,,2952008222
Apollo Pharmacy,pharmacy,12.8919655,77.5817555,Bengaluru,,,,2954412605
Dr. Naline Jayaraj,doctors,12.8886124,77.5776022,Bengaluru,,,,2954412609
Vinayaka Medical & General Stores,pharmacy,12.8831984,77.5830283,Bengaluru,,,,2958334192
MedPlus,pharmacy,12.9573395,77.5278877,Bengaluru,,,,2962224267
Dr. Praveen's Orthopaedics Center,doctors,12.8920801,77.5815212,Bengaluru,,,,2964142634
Shraddha Eye Care,hospital,12.9184617,77.5555842,Bengaluru 560070,,,,2984295033
Medplus Path Labs,clinic,12.9094831,77.5642571,Bengaluru,,,,2985825947
Karnataka Medicals and general stores,pharmacy,12.9049515,77.5676264,Bengaluru,,,,2986480267
"Vasan Eye Care Hospital, Rajarajeswari Nagar",hospital,12.931334,77.5154779,Bengaluru 560098,,http://www.vasaneye.in/,,3004275434
Veterinary Hospital,veterinary,12.9319134,77.580412,Bengaluru,,,,3010283557
Cloud Nine Fertility,hospital,12.9055088,77.5858347,"250 24th Main, 5th Phase, Opp Nandini Hotel, Puttenhalli, JP Nagar bangalore 560078",080 4350 0123,https://www.cloudninefertility.com/,,3016090364
Apollo Pharmacy,pharmacy,12.9664142,77.5925401,Chidananda Maharashi Ashram Road Bangalore 560027,,,,3019539252
Manjula Medicals,pharmacy,12.9668083,77.592647,Chidananda Maharashi Ashram Road Bangalore 560027,,,,3019541639
Trust,pharmacy,12.8896659,77.5974787,Bengaluru,,,,3019860784
Anand Diagnostic Laboratory,laboratory,12.8961904,77.5860178,Bengaluru,,https://www.anandlab.com/,,3022113001
Dr. R Srinivasa,clinic,13.0085323,77.5695736,18th Cross Bangalore 560018,,,,3026584615
Aikya Healthcare,hospital,12.8827229,77.5466715,28 Kanakapura Road Bangalore 560062,,,,3037310855
Bankapura Medicals,pharmacy,12.8943653,77.5815509,Bengaluru,,,,3058697531
Konanakunte Government Hospital,hospital,12.8840897,77.5664029,Bengaluru 560062,8026323311,,,3100475907
Medical Shop,clinic,12.9285342,77.5624936,Bengaluru,,,,3118317375
Saptha Giri Clinic,clinic,12.8015719,77.5085587,banjarapalya main road Bengaluru,,,,3120567206
Balaji Medical,pharmacy,12.8016219,77.5082611,Bengaluru,,,,3120576723
Anand Clinic,hospital,12.8002465,77.5088745,Bengaluru,,,,3120578217
Sanjeevani Clinic,hospital,12.8011096,77.5084507,Bengaluru,,,,3120578218
Government Hospital,hospital,12.8047243,77.5109371,Bengaluru,,,,3120578551
Narayanaswamy Medical Store,pharmacy,12.8001695,77.5084978,bannerughatta road Bengaluru,,,,3120586226
Anand Clinic,clinic,12.8002149,77.5086414,bannerughatta road Bengaluru,,,,3120586227
Trupti Polly Nursing Home,clinic,12.8001878,77.5086427,bannerughatta road Bengaluru,,,,3120587250
Rajarajeshwari Hospital and Medical College,hospital,12.896052,77.4618775,Bengaluru,,,,3120590213
Rajarajeshwari Dental College,hospital,12.9069608,77.418604,Bengaluru,,,,3120594392
Narayanaswamy Medical Store,pharmacy,12.7868301,77.5032742,somnahalli gate Bengaluru,,,,3120601993
Ojus Medicare,clinic,12.9661149,77.6363934,3rd Cross Road Bengaluru,,,,3198716241
Apollo Clinic,clinic,12.9127254,77.6798404,Bengaluru,,,,3199513533
Pampapathi Veterinary Centre,veterinary,12.9065734,77.5823503,Bengaluru,,,,3221380824
Apollo Pharmacy,pharmacy,12.8966309,77.5862714,Bengaluru,,,,3226809435
White Lotus,pharmacy,12.9009271,77.5859552,24th Main Road Bangalore 560078,,,,3226809438
Cloud Nine Hospital,hospital,12.9878709,77.7319773,Whitefield Main Road Bangalore 560066,+91 80 6799 9999,https://cloudninecare.com/,,3268435578
Telerad Rx Dx Health Care Whitefield,hospital,12.9768424,77.7103746,"Mahadevapura, Bangalore 560048",+91-80-49261111;+91-80-40187588,https://rxdx.in/,info@rxdx.in,3270010723
Samrudh Pharma,pharmacy,12.9072675,77.5600601,Bengaluru,,,,3296521511
Unnamed Medical Location,pharmacy,12.95682,77.653741,Bengaluru,,,,3306173192
Lakshmi Dental Clinic,dentist,13.0269386,77.5799437,Bengaluru,,,,3316943068
Kamaldeep Medicals,pharmacy,12.9784519,77.6754752,Bengaluru,,,,3359236276
Dr.Paul's Dental Healthcare,dentist,12.9673907,77.6420498,Bengaluru,,,,3362040053
Homeocare International,clinic,12.9633105,77.6422202,13 17th Main Bengaluru,,,,3362040054
Indiranagar Specialist Center,clinic,12.9676644,77.6429248,Bengaluru,,,,3362040055
Mascot Speciality Dental Clinic,dentist,12.9767331,77.6365444,Indiranagar Double Road Bengaluru,,,,3369909138
Himalaya,pharmacy,12.9781816,77.6426659,Bengaluru,,,,3370020256
Motherhood Hospital(Unit Of Rhea Healthcare Pvt Ltd),hospital,12.9784409,77.6375845,Bengaluru 560038,,,,3370028968
ClinRad,clinic,12.9783539,77.6454699,Bengaluru,,,,3370084883
Nationwide,clinic,12.9783475,77.6452371,"#723 1st Floor, Chinmaya Mission Hospital Road, 1st Stage, Indira Nagar, Above Siemens Showroom Bengaluru 560038",080 4121 5150,,,3370084884
Ivory Dental Care,dentist,12.9737223,77.6435195,Bengaluru,,,,3370164257
Maple Clinic,clinic,12.9752448,77.6437883,4th Main Road Bengaluru,,,,3370164258
Rajan's Speech & Hearing Center,clinic,12.9737172,77.6435692,Bengaluru,,,,3370164260
Retina Clinic,clinic,12.9737687,77.643565,Bengaluru,,,,3370164261
Dental Care Centre,dentist,12.9808875,77.6391191,Bengaluru,,,,3370171472
Sagar Ayur Pharma,pharmacy,12.9820581,77.6396986,Bengaluru,,,,3370171480
Athos,dentist,12.9820577,77.6404784,Bengaluru,7813004040,http://www.athoz.org,,3370230942
Beyond Smiles,dentist,12.9791963,77.6403166,Bengaluru,08025281309,,,3370230944
Baba Dental care,dentist,12.9772794,77.6379286,Bengaluru,,,,3370242727
Respiratory and womens health clinic.,hospital,12.9762645,77.6376528,Bengaluru,,,,3370244392
Rashmi Hospital,hospital,12.9766951,77.6362278,Indiranagar Double Road (Paramahansa Yogananda road) Bengaluru,,,,3370279044
Speciality Clinic,clinic,12.9754268,77.6359973,1315 Indiranagar Double Road Bengaluru,,,,3370283252
Dr.Spine Clinic,clinic,12.9754222,77.636333,Indiranagar Double Road (Paramahansa Yogananda road) Bengaluru,,,,3370287787
Netradama Eye Hospital,hospital,12.9734836,77.6357281,Bengaluru,,,,3370453173
Healing Touch Pharma,pharmacy,12.9742234,77.6359937,Bengaluru,,,,3370455929
Qi Spine Clinic,clinic,12.9758083,77.6412599,100 Feet Road(S K Karim Khan Road) Bengaluru,,,,3374572371
Unnamed Medical Location,pharmacy,13.0372513,77.5290538,Bengaluru,,,,3374639807
Dr. Mradula's Skin Clinic,clinic,12.8903606,77.582483,Bengaluru,,,,3378187574
Anjana Diagnostics,clinic,12.9803043,77.6354911,Bengaluru,,,,3389064655
Devaki Dental Clinic,dentist,12.982417,77.6383557,Bengaluru,,,,3389118174
Dr NVS Krishnan,doctors,12.9826636,77.6386451,631 Bengaluru,,,,3389118182
Samatvam Diabeties Center,clinic,12.9827342,77.6396804,640 1st Main Bengaluru,,,,3389118184
Unnamed Medical Location,clinic,12.9825619,77.639917,Bengaluru,,,,3389138576
Mangesh Clinic,clinic,12.9811714,77.6379161,Bengaluru,,,,3389142592
Apollo Pharmacy,pharmacy,12.9976064,77.5512613,Bengaluru,,,,3391133321
SLN medical and general stores,pharmacy,13.0161215,77.5438434,Bengaluru,,,,3391133323
Apollo Pharmacy,pharmacy,13.0087585,77.5432729,Bengaluru,,,,3391835399
The Oxford Children's Dental Clinic,dentist,12.9100928,77.5811668,Bengaluru,,,,3393478953
Apollo Pharmacy,pharmacy,12.9105063,77.5819403,Bengaluru,,,,3393485024
Life Care Medicals,pharmacy,12.9108052,77.5786692,Bengaluru,,,,3393528194
JP Nagar Diagnostic Centre,clinic,12.9110032,77.5786913,Bengaluru,,,,3393528606
JP Nagar Physiotherapy Clinic,clinic,12.9110205,77.578656,Bengaluru,,,,3393529289
Sree Venkateshwara Speciality Hospital,hospital,12.9425246,77.6025303,#1 Bannerghatta Road Bengaluru 560030,,,,3394753831
Shree Sai Ram Drug House,pharmacy,12.9104137,77.5818078,Bengaluru,,,,3394938755
Maruthi Medical Stores,pharmacy,12.9169861,77.596996,Bengaluru,,,,3395243171
Sri Manjunatha Medical & General Stores,pharmacy,12.9606852,77.5715513,Bengaluru,,,,3395246644
We Care Homeopathy,clinic,12.9365401,77.5838134,Bengaluru,,,,3395246645
MedPlus,pharmacy,12.9625591,77.6430964,18th Main Road Bengaluru,,https://medplus.com/,,3396324855
Leela Hospital and Diagnostic Center,hospital,13.0002667,77.5694894,Bengaluru 560003,,,,3400223539
Dr. Rajkumar Blood Bank,hospital,12.968031,77.5878222,Bengaluru,,,,3400223541
Leela medicals,pharmacy,13.0003234,77.5693738,Bengaluru,,,,3400223636
Cessna Lifeline Veterinary care clinic,veterinary,12.956519,77.6425504,Bengaluru,,,,3401269524
Jnanakshi Eye Clinic,clinic,12.9382238,77.5838823,Bengaluru,,,,3401975611
Dental Health Clinic,dentist,12.9382066,77.582902,Bengaluru,,,,3401988084
CKV Clinic,clinic,12.9895832,77.5560181,Bengaluru,,,,3412399842
Standard Medicals,pharmacy,12.9896302,77.5560208,Bengaluru,,,,3412401298
Kanva Dental Super Specialty Center,dentist,12.9892743,77.5559849,Bengaluru,,,,3412643476
Santosh Clinic - Family Physician,clinic,12.9891936,77.5559165,Bengaluru,,,,3412649472
Sairam Medicals and General Stores,pharmacy,12.9891599,77.5559116,Bengaluru,,,,3412651166
Sangam Dental Center,dentist,12.9890532,77.5559703,Bengaluru,,,,3412667782
Sri Prasamshi Medical Stores,pharmacy,12.9904639,77.5569256,Bengaluru,,,,3412690280
Reddy's Pharma,pharmacy,12.9079522,77.6062306,Bengaluru,,,,3424841452
Apollo Pharmacy,pharmacy,12.9090104,77.606404,Bengaluru,,,,3424841457
Supriya Diagnostic Center,clinic,12.9895641,77.6636078,Bengaluru,,,,3451665997
Ram Medicals,pharmacy,12.9587021,77.6384108,Bengaluru,,,,3453556776
Sri Balaji Medicals,pharmacy,12.9582908,77.6382738,Bengaluru,,,,3453556780
Dr Thomas,clinic,12.9604518,77.6369417,Bengaluru,,,,3453556783
Kanaka,dentist,12.9602449,77.6378691,Bengaluru,,,,3453556785
Aadhi,dentist,12.9599473,77.6384148,Bengaluru,,,,3453556791
Srinidhi Pet Pharma,pharmacy,13.0272029,77.5859484,Ganga Nagar Flyover Bangalore,,,,3461018660
Unnamed Medical Location,pharmacy,13.0385823,77.5273889,Bengaluru,,,,3462836062
Nile Hair and Skin Care,clinic,12.9253364,77.674637,Bengaluru,,,,3463462866
Sculptura Aesthetic Centre,dentist,12.9420247,77.6227252,Bengaluru,,,,3463769192
Dr. Ravi Lab And Research Center,clinic,12.9247848,77.6747717,Bengaluru,,,,3477797059
Nelivigi Eye Hospital,hospital,12.9241818,77.6737518,Bengaluru 560103,,https://www.nelivigieyehospital.com/,,3477797688
Smile Elements Dental,dentist,12.9243181,77.6736859,Bengaluru,,,,3477797689
Bhargavi Clinic,clinic,12.9777681,77.6388155,4th Cross Road Bangalore 560038,+91 80 2528 9292,https://drshobhavenkat.com/,,3514613490
Mannat Fertility Clinic,clinic,12.9512522,77.6993745,Bengaluru,,,,3541784357
Sanghi Medical Centre (P) Ltd,hospital,12.9517397,77.6994832,Bengaluru,,,,3541798347
32 Smiles,dentist,12.9530775,77.6997915,Bengaluru,,,,3541804536
"Sri Sai Krupa Hospital, Bengaluru Urban",hospital,13.0294181,77.5593857,Bengaluru 560021,,,,3555393844
Swathi Medical Store,pharmacy,12.9780448,77.6332441,Bengaluru,,,,3556046905
Remuka Deltal Clinic,dentist,12.9784851,77.633077,6 17th F Cross Bengaluru,,,,3556052607
ALDOS Medical Service Pvt LTD,hospital,12.9826672,77.6381036,Bengaluru,,,,3556103531
Cosmetic Dental clinic,clinic,12.9821782,77.6381107,Bengaluru,,,,3556124475
Apollo Pharmacy,pharmacy,12.9800601,77.6386765,"No.119 5th Main Rd, near Kairleenikethan School, Binnamangala, Stage 1, Indiranagar Bengaluru, Karnataka 560038",,,,3556214253
Health Total,clinic,12.9801812,77.6372616,Bengaluru,,,,3556256975
Sree Maruthi Medicals,pharmacy,12.9800438,77.6380403,Bengaluru,,,,3556262809
Apollo Pharmacy,pharmacy,12.8866579,77.605946,Bengaluru,,,,3607116326
Government Hospital,hospital,12.8870605,77.603414,Bengaluru,,,,3607116665
Rajashree Granthim hospital,hospital,12.8893134,77.602422,Bengaluru,,,,3607404261
Apollo Pharmacy,pharmacy,12.8504211,77.6556681,Bengaluru,,,,3633415009
Good Health Pharma,pharmacy,12.8511825,77.6524372,Bengaluru,,,,3633415014
NH Narayana municipal clinic,clinic,12.8490202,77.6575628,Bengaluru,,,,3633415015
NH pharmacy,pharmacy,12.8489576,77.6575769,Bengaluru,,,,3633415016
Sri Laxmi Hospital,hospital,12.8504718,77.6553058,Bengaluru,,,,3633415798
Vijaya Ent Care Centre,clinic,13.000058,77.5696143,Bengaluru 560003,,http://www.drhvijayendra.com/,vijayentblr@vsnl.net.in,3646944064
Unnamed Medical Location,pharmacy,13.0319123,77.576777,Bengaluru,,,,3665552667
Wipro First Aid Clinic,hospital,12.8377272,77.6584571,Bengaluru,,,,3671907239
Krishna Nursing Home,hospital,12.9474222,77.5986921,Bengaluru,,,,3710210170
Padmavathi Medicals,pharmacy,12.9483481,77.6000553,Bengaluru,,,,3710229278
Roshni Nursing Home,clinic,12.9486255,77.600076,BTS Main Road Bengaluru 560030,,,,3710229281
Sanjana Medicals,pharmacy,12.948665,77.6001706,Bengaluru,,,,3710229282
"Shifa Hospital, Bengaluru Urban",hospital,12.9900105,77.5988107,Queen's Road Bengaluru,,http://dpal.kar.nic.in/Kanunu%20padakosha%20PDF%20Files/Recognised%20Hospitals.pdf,,3714125744
Milann Fertility Center,hospital,12.9159249,77.5856011,Bengaluru 560041,,,,3719549886
Padam Pharma,pharmacy,12.9827789,77.6405257,Bengaluru,,,,3725656677
Dr. Supriya's Dental Clinic,dentist,12.9744163,77.6412334,100 Feet Road(S K Karim Khan Road) Bengaluru,,,,3725708023
Root Canal Center,dentist,12.9743463,77.6412311,100 Feet Road(S K Karim Khan Road) Bengaluru,,,,3725708024
Gift IVF center,hospital,12.962951,77.6418711,Bengaluru,,,,3725710400
Apollo Clinic,pharmacy,12.9654532,77.6417318,100 Feet Road(S K Karim Khan Road) Bengaluru,,,,3725719374
Smile Lounge Dental Care,dentist,12.9724108,77.6414024,100 Feet Road Bengaluru,,,,3725721587
Supriya Dental Clinic,dentist,12.9740336,77.6408747,Bengaluru,,,,3725850701
Ittina Welness,dentist,12.9187904,77.6698156,Bengaluru,,,,3760066224
Nurture IVF,clinic,12.9185394,77.6705565,Bengaluru,,,,3760067974
Oasis Artificial Kidney Care (P) Ltd,clinic,12.9687118,77.6139361,Bengaluru,"8971151515, 9886756813",,,3760131454
HCG Cancer Hospital,hospital,12.9603157,77.5930493,Bengaluru 560027,,https://www.hcgoncology.com/,,3773028057
Neuro Centre,clinic,13.001457,77.5692378,Bengaluru,,,,3781792271
Dr. Batra's Clinic,clinic,12.9577112,77.7009592,Bengaluru,,,,3805157267
Deepika Pharma and General Stores,pharmacy,12.9567914,77.6987064,Bengaluru,,,,3806283876
Jeanne Medicals,pharmacy,12.9579892,77.7009753,Bengaluru,,,,3806502332
Dr. Pal's Path Lab,laboratory,12.9373776,77.6926326,Bengaluru,,,,3807017019
Healios,clinic,12.9368818,77.5820785,Bengaluru,,,,3832806736
Fortis Healthworld,pharmacy,12.9663977,77.6372165,225 Indiranagar Double Road Bengaluru,,,,3839535785
Physio by Nightingales Welness Drive,physiotherapist,12.9702493,77.6472264,Bengaluru,,,,3851667723
Kapila Eye Clinic,clinic,12.9702623,77.6466852,12th Main Road Bengaluru,,,,3851739908
Nobel Chemist,pharmacy,12.9562023,77.6944986,Bengaluru,,,,3851955056
Sri Lakshmi Medical Stores,pharmacy,12.9562141,77.6945978,Bengaluru,,,,3851970757
APM Optics,clinic,12.9591233,77.661584,Bengaluru,,,,3853992011
ATR Dental Clinic,dentist,12.9592168,77.6551073,Bengaluru,,,,3854005755
Miracle Homeopathy And Ayurveda,clinic,12.9591707,77.6529125,Bengaluru,,,,3854021544
Sri Raghavendra Medicals,pharmacy,12.9742654,77.534553,Vijayanagar Water Tank Road Bangalore 560040,,,,3861909163
Megha Medicals and General Stores,pharmacy,12.9739047,77.5305291,Nagarabhavi Road Bangalore 560040,,,,3861909164
Saraswati Medicals,pharmacy,12.9724688,77.5295366,3rd Main Saraswathi nagar Bangalore 560040,,,,3861909169
MedPlus,pharmacy,12.9759953,77.5332486,Nagarabhavi Road Bangalore 560040,,,,3861909816
National Medical Center,clinic,12.9674907,77.5998658,Bengaluru,,,,3862137594
Dr. Patel's Homeopathy Clinic,clinic,12.9647271,77.5964702,Bengaluru,,,,3862550432
Balaji Pharma,pharmacy,12.9674186,77.5997528,Bengaluru,,,,3862572029
Chetak Pharmacy,pharmacy,12.9678054,77.6002865,Bengaluru,,,,3862572657
St. Mary's Pharmacy,pharmacy,13.0714139,77.5118738,Bengaluru,,,,3868532355
St. Mary's Clinic,clinic,13.0713802,77.5118447,Bengaluru,,,,3868532356
Bengalore Veterinary Hospital,veterinary,12.9948763,77.6282673,Bengaluru,,,,3897575411
Shiva Medicals,pharmacy,13.0016906,77.630597,Bengaluru,,,,3899682773
The Medicals,pharmacy,13.0020057,77.6321604,Bengaluru,,,,3899682777
Health Care Global,hospital,12.9584755,77.5919279,Bengaluru,,,,3922280181
SN Dental Avenue,dentist,12.9645916,77.5308035,Subbanna Garden Main road Bangalore 560040,,,,3957993459
Apollo,pharmacy,12.964602,77.5306989,Subbanna Garden Main road Bangalore 560040,,,,3957994139
Aashuhadi Chemists and Druggists,pharmacy,12.9575611,77.6550565,Bengaluru,,,,3993281427
Sshiradi Sai Family Care Clinic,clinic,12.9575422,77.6550504,Bengaluru,,,,3993281432
MedPlus,pharmacy,13.0814825,77.5881095,Bengaluru,,,,3994774229
Unnamed Medical Location,doctors,13.0084004,77.5631918,Bengaluru,,,,4008910195
Medreich,pharmacy,13.00281,77.6336462,Bengaluru,,,,4024967046
Unnamed Medical Location,pharmacy,12.9477767,77.7090085,Bengaluru,,,,4039838374
Chirayu medical shop,pharmacy,12.9510234,77.7066549,Bengaluru,,,,4040026807
Unnamed Medical Location,dentist,12.9482372,77.7059827,Bengaluru,,,,4040044245
Unnamed Medical Location,dentist,12.9447632,77.6289263,Bengaluru,,,,4062937545
Gulecha Dental Care,hospital,12.9292418,77.5893625,"32/29 4th Cross Road, KV Layout, Jayanagar 4th Block Bangalore 560011",,https://www.gulechadental.com/,,4097027897
Bangalore Medical,pharmacy,12.9640156,77.5510964,Hosahalli Main Road Bengaluru,,,,4100763598
star hospital,pharmacy,12.9641843,77.5502624,Hosahalli Main Road Bengaluru,,,,4101097393
3G Medicals,pharmacy,12.979213,77.6413298,Bengaluru,,,,4101455698
Dr. Rama's Test Tube Baby Centre,clinic,12.9792883,77.6429513,Bengaluru,,,,4101531445
Dento Facial,dentist,12.9786052,77.6414493,Bengaluru,,,,4101994933
Dr. Batra's,clinic,12.9786379,77.6410899,Bengaluru,,,,4101994934
Jay Medicals,pharmacy,13.0014659,77.6306068,Bengaluru,,,,4109508587
Pavan Pharma,pharmacy,13.0014222,77.6291289,Bengaluru,,,,4111128617
Chandra Medicals,pharmacy,13.0013994,77.6288185,Bengaluru,,,,4111128819
KDC Dental Clinic,dentist,12.9551584,77.6512286,BR plaza SR Layout Main Road Bengaluru 560017,+918296879540,,,4127160595
Murugeshpalaya Medicals,pharmacy,12.9550419,77.6533125,22 Wind Tunnel Road Bengaluru,,,,4127160596
Srinivasa Medicals,pharmacy,12.9554817,77.6534635,5 Wind Tunnel Road Bengaluru,,,,4127160896
Unnamed Medical Location,clinic,12.9609208,77.5490696,Bengaluru,,,,4130913192
Kashif Medical,pharmacy,12.9633542,77.5487215,Hosahalli Main Road Bengaluru,,,,4130913291
Ashvini,clinic,12.9677777,77.545264,Pipeline Road Bengaluru,,,,4130913292
Mysore Medical,pharmacy,12.9640984,77.5506116,Hosahalli Main Road Bengaluru,,,,4130913294
Mustafa Doctor,doctors,12.964313,77.5489284,Hosahalli Main Road Bengaluru,,,,4130929490
Shahid Doctor,clinic,12.9621886,77.5493658,Bengaluru,,,,4130929493
saty doctor,clinic,12.9609197,77.5483084,Bengaluru,,,,4130960197
Unity Hospital,pharmacy,12.9626651,77.5482596,12th cross Hosahalli Main Road Bengaluru,,,,4130960389
Unnamed Medical Location,pharmacy,12.9618971,77.552098,Bengaluru,,,,4130960392
Unnamed Medical Location,clinic,12.9616399,77.5484171,Bengaluru,,,,4130960394
Shifa Medical,pharmacy,12.9642578,77.5489199,Hosahalli Main Road Bengaluru,,,,4130960489
Unnamed Medical Location,pharmacy,12.9621356,77.5493894,Bengaluru,,,,4130960490
Global Medical,pharmacy,12.9634155,77.5520086,Bengaluru,,,,4130960990
Unnamed Medical Location,clinic,12.9640632,77.5509417,Bengaluru,,,,4130962589
Unnamed Medical Location,pharmacy,12.9608525,77.5490077,Bengaluru,,,,4130962590
Unnamed Medical Location,veterinary,12.9274912,77.6373711,Bengaluru,,,,4133355897
Unnamed Medical Location,veterinary,12.9274912,77.637341,Bengaluru,,,,4133355898
Unnamed Medical Location,clinic,12.9869198,77.532286,Bengaluru,,,,4134992091
My Family Doctor,clinic,12.9799211,77.6394964,5th Main Road Bengaluru,,,,4135914110
CGHS Dispensary No.10,clinic,12.9871041,77.6620214,Dr. APJ Abdul Kalam Road Bengaluru 560093,,http://nb.bsf.gov.in/CGHS%20DIspenseries.pdf,,4141966889
Srivaari Drug House,pharmacy,12.9566762,77.6550445,435 1st Cross Road Bengaluru,,,,4144224389
Unnamed Medical Location,pharmacy,12.9653807,77.5941925,Bengaluru,,,,4151360961
Pet Vet Shop,veterinary,12.8353006,77.6846424,Bangalore 560100,,,,4161522490
SLV Medical and Chemist,pharmacy,12.8353449,77.6826672,Anantha Nagar Road Bangalore 560100,916604797,,,4161531691
Apollo Pharmacy,pharmacy,12.8356189,77.6915158,Bengaluru,,,,4161597989
Apollo Pharmacy,pharmacy,12.9919663,77.6802606,PWD Road Bengaluru,,,,4163019289
S S Clinic,doctors,12.9926543,77.6803272,PWD Road Bengaluru,+91 99453 50257,,,4163019489
Smile Dental Clinic,clinic,12.9830395,77.6805944,Kaggadasspura Main Road Bengaluru,,,,4163020089
Sai Smile Venue Dentist,dentist,12.9917025,77.6802757,Bengaluru,,,,4167678892
Trust medical store,pharmacy,12.9894846,77.6639748,Bengaluru,,,,4167717190
Unnamed Medical Location,hospital,12.9767055,77.5424167,8th cross Bengaluru,,,,4171032289
Homeopathic Self Reliance Forum,clinic,12.9862101,77.6623936,Bengaluru,,,,4171465001
Ambica Clinic,clinic,12.9724885,77.6509541,Thippasandra Main Road Bengaluru,,,,4172465495
Max Pharma,pharmacy,12.9970034,77.6911331,Mahadevapura Main Road Bengaluru,,,,4172475591
NURA,laboratory,12.9717607,77.6414138,Bengaluru,,https://nura.in/health-screening-packages/bengaluru,,4178906395
Apollo Pharmacy,pharmacy,12.8833623,77.5897411,Bengaluru,,,,4186993789
Rajbal Skin Clinic,hospital,13.0206063,77.6445361,"4th B cross, 7th C Main Bangalore 560043",,,,4189843307
Brindavan Aerion Hospitals,clinic,12.9577751,77.5688772,Bengaluru 560018,,,,4197221689
Apollo Pharmacy,pharmacy,13.0632698,77.5912514,Bengaluru,,,,4198040362
Prashanth Hospital,hospital,12.9066637,77.6287463,Bengaluru 560068,,http://dpal.kar.nic.in/Kanunu%20padakosha%20PDF%20Files/Recognised%20Hospitals.pdf,prashanthhospital1996@gmail.com,4203857493
Care Pharma,pharmacy,13.092746,77.5822152,Bengaluru,,,,4208532145
Yogeshwara Clinic,clinic,12.918753,77.520891,Bengaluru,,,,4210670193
Garden City Polyclinic,clinic,12.9852284,77.6740857,Bengaluru,,,,4235494001
Care Medicals,pharmacy,12.9857434,77.6717154,Kaggadasspura Main Road Bengaluru,,,,4235525003
Toothzone Dental Studio,doctors,12.9794006,77.6803999,Bengaluru,,,,4250298694
Dianova Diabetes Center and Hospital,hospital,13.0147612,77.6335463,Bengaluru,,,,4263313808
Vijaya Speciality Clinic,clinic,12.9783826,77.6358475,Chinmaya Mission Hospital Road Bengaluru,,,,4272785490
Crowns + Ridges,dentist,12.9783764,77.6351219,Bengaluru,,,,4272786189
Kiran Homeopathic,clinic,12.9704543,77.6531443,6th Main Road Bengaluru,,,,4281904892
Ameena Medical centre,hospital,12.9777082,77.6323407,111(3/1) 18th Cross Road Bengaluru,,,,4286285517
Sundeep Medical Shop,pharmacy,12.9676134,77.6061839,Bengaluru,,,,4294252468
Model Medical Stores,pharmacy,12.9687933,77.6063684,Bengaluru,,,,4294257524
Green Apple,pharmacy,12.9814081,77.6012679,Bengaluru,,,,4294281307
Shree Guru Ganesh Pharma,pharmacy,12.9719937,77.635835,Bengaluru,,,,4294801429
The Homeo Centre,pharmacy,12.9729985,77.6357302,Bengaluru,,,,4294801431
SLV Sagar Pharma,pharmacy,12.9737814,77.6359277,Bengaluru,,,,4294810899
Asha Nursing Home,clinic,13.0134659,77.6605864,Bengaluru 560043,,,,4296135863
Herz Care Medisolutions,doctors,13.0488673,77.5972326,Bengaluru,,,,4303792196
Fortis HealthWorld,pharmacy,12.9592405,77.6528797,Bengaluru,,,,4307393648
Green Apple,pharmacy,12.9683737,77.5948809,Bengaluru,,,,4307677591
Sagar Clinic,clinic,12.9701903,77.6433281,Bengaluru,,,,4314330394
Diacure Diagnostics,clinic,12.9696986,77.6362493,Bengaluru,,,,4315512757
Specialists Dental Center,dentist,12.9722993,77.6372001,Bengaluru,,,,4319165252
CGHS Dispensary,clinic,12.9605285,77.640123,Bengaluru 560038,,http://nb.bsf.gov.in/CGHS%20DIspenseries.pdf,,4322754690
Kerala Ayurvedic clinic,clinic,12.9701484,77.6372594,Bengaluru,+91 80 2526 2515,,,4322772454
Dr.Agarwal Eye & Dental Hospital,hospital,12.9700356,77.6362439,Bengaluru,,,,4322812542
Apollo Pharmacy,pharmacy,12.9810274,77.6366103,Indiranagar 2nd Stage Bengaluru 560038,,,,4324811748
SRL Diagnostics,hospital,12.9599306,77.7160447,Bengaluru,,,,4325331196
Srinivasa Ultrasound Scan Centre,clinic,12.9511087,77.5697771,Bengaluru,,,,4342399492
Dr Raos Maternity Hospital,hospital,12.9850421,77.5460481,Bengaluru 560079,,,,4343881190
Unnamed Medical Location,pharmacy,12.9567335,77.5513304,Mysore Road Bengaluru,,,,4344769202
Sagar Chandramma Hospitals,hospital,12.9485535,77.5748248,Bengaluru,,,,4349307192
Pavitra Medicals,pharmacy,12.9455735,77.5712921,Bengaluru,,,,4349316995
Trilife Hospital,hospital,13.0169826,77.6432959,Bengaluru 560043,,,,4349443891
Basavangudi Medical Centre,pharmacy,12.9453043,77.5798656,Bengaluru,,,,4362723794
Universal Pharma,pharmacy,12.9988718,77.5498125,Bengaluru,,,,4383686517
Maruti Medicals and Genral Stores,pharmacy,13.0240798,77.6032686,Bengaluru,,,,4386500090
Dental Care Center,clinic,13.0244383,77.6032696,Bengaluru,,,,4386500091
AB EyeCare,clinic,13.0253734,77.60357,Bengaluru,,,,4386500098
Mankind Medical and Cosmetics,pharmacy,13.025445,77.6036945,Bengaluru,,,,4386500101
Sakshi Medical And General Stores,pharmacy,13.0271281,77.6042299,Bengaluru,,,,4386500116
Hemant Clinic,clinic,13.0273712,77.6043059,Bengaluru,,,,4386500117
Maruti Clinic,clinic,13.0240899,77.603228,Bengaluru,,,,4386506493
Mohite Medicals,pharmacy,13.0249104,77.6034717,Bengaluru,,,,4386506497
Kushal Medical Devices,pharmacy,13.0268576,77.6041118,Bengaluru,,,,4386506504
A.K Medicals,pharmacy,13.023763,77.6029395,Bengaluru,,,,4386506590
Anagha Polyclinic,clinic,13.0275104,77.6043235,Bengaluru,,,,4386506792
Anagha Pharma,pharmacy,13.0275425,77.6043333,Bengaluru,,,,4386506793
Gandhi Dental Clinic,clinic,13.0272795,77.6042868,Bengaluru,,,,4386506900
Rudra Medicals and General Store,pharmacy,13.025341,77.6036943,Bengaluru,,,,4386507094
Vignesh Lab and Diagnostics,hospital,13.0267226,77.6041132,Bengaluru,,,,4386507095
Medplus,pharmacy,13.0270235,77.6041889,Bengaluru,,,,4386507096
Apollo Pharmacy,pharmacy,12.9916552,77.6638354,Bengaluru,,,,4391425089
Apollo Cradle,hospital,12.9368104,77.6206345,Bengaluru 560095,,https://www.apollocradle.com/,contactus@apollocradle.com,4392383890
Shree Vinayaka Clinic,doctors,13.0450684,77.5206611,Govt. High School Road Bengaluru 560057,,,,4394745871
Sri Krishna Medicals,pharmacy,13.0450933,77.5206074,172 Govt. High School Road Bengaluru 560057,,,,4394745872
Pradhan Mantri Bharatiya Jan Aushadi Kendra,pharmacy,13.1053106,77.577008,Bengaluru,,,,4399049933
Sudarshan Medicals,pharmacy,12.9898833,77.5374156,Bengaluru,,,,4402345272
Shiva Kumaraswamy Building,hospital,12.9717049,77.5493718,Bengaluru,,,,4406333893
Krishna medicals,pharmacy,12.9489452,77.7082197,Bengaluru,,,,4417325162
Navkar medicals,pharmacy,12.9516961,77.7064343,Bengaluru,,,,4417325164
Myo Medex - Ace Speciality Clinic,hospital,12.8615976,77.5999324,Bengaluru,,,,4440769883
Stanford Speciality Hospital,hospital,12.911533,77.6764094,"Kasvanahalli Road, Behind State Bank of Mysore, Sarjapur Road, Kaikondrahalli Bangalore 560035",080 6566 6689,,,4440829279
MedPlus,pharmacy,12.9131442,77.6792129,"Shop No.4, No.71/1A Opp South India Bank, Sarjapur Main Road, Kaikondrahalli Bangalore 560035",+91-080-41621415,https://www.medplusindia.com/,,4440925791
Dr Mohan Nursing Home,hospital,12.9124371,77.6813917,No.7/1 Sarjapur Road Bangalore 560035,+91-80-42119084,,,4440931106
Sparsh Clinic,hospital,12.9072384,77.6755805,4/21 Kasavanahalli Road Bengaluru 560035,+91-99000 19567,,,4440939217
Raksha Orthopaedic And Multi Speciality Centre,hospital,12.9041502,77.6741043,"9 IAS layout Lake Shore HomesRoad, Amrita college road, off sarjapur road, Kasavanahalli Bangalore 560035",+91-74115 27777,,,4440946384
Sai Clinic,clinic,12.9067775,77.6837164,"Rainbow Residency,  Junnasandra Bangalore 560035",+91-80 6608 5255,,,4440954583
Piles and Fistula Clinic,clinic,12.956045,77.6936485,"336 Ground Floor Varthur Road, Marathahalli Bangalore 560037",+91-80 2523 1126,,,4440983687
Narayana Nethralaya,hospital,12.8750879,77.5950098,Bengaluru,,,,4440987271
Naadi Ayurveda Center,hospital,12.9121008,77.6820003,"No. 65/1, 1st Floor Doddakannelli, Sarjapur Road Bangalore 560035",+91-9980016089,,,4441670838
Kottakkal Arya Vaidya Sala,hospital,12.9217604,77.6618321,"Service Rd, Agara, Iblur Village, Bellandur Bengaluru 560103",+91-80 6450 4434,https://aryavaidyasala.com/,,4441681632
Sri Sai Dental & Medical Care,clinic,12.9185476,77.6708429,"2nd Floor Chandra Mension, Bellandur, Sarjapur Main Road Bangalore 560035",+91-8041467774,,,4441692008
Ittina Wellness Centre,clinic,12.9188314,77.6697997,"No. 18/2A Ambalipura, Sarjapur Main Road Bangalore 560102",+91-80 4110 1898,https://www.ittinawellness.com/,,4441696317
Carewell Homoeo Clinic,clinic,12.9151576,77.6995704,"3/1 Sarjapur Main Road, Carmelaram, Hadosiddapura, Chikkakannalli Bengaluru 560035",+91-96631 22267,,,4441715692
Shaivi Homeopathic Clinic,clinic,12.926508,77.6698733,"211 Palm Ave, Green Glen Layout Bangalore 560103",+91-97408 33100,,,4441727139
Dr. Arpita Agarwal Clinic,clinic,12.9142524,77.6651948,"309 Mahaveer Cottage, Off Sarjapur Road Bangalore 560068",+91-080 6741 7785,,,4441739099
Vaatsalya Homeopathy Clinic,clinic,12.9142471,77.6791715,"#52 Kaikondrahalli,Sarjapur main road, Bangalore 560035",+91-80 6741 7786,,,4441779908
32Smiles Multispecialty Dental clinic,dentist,12.919686,77.6670282,"No. 5, 1st Floor, Bellandur Gate, Sarjapura Road Bengaluru 560103",+91-93434 33222,https://www.32smilesdentalclinics.com/,,4441796157
Bright Smiles Family dental Care,dentist,12.9391292,77.696313,87 Panathur Main Road Bengaluru 560087,+91-78990 10100,,,4441797658
The Smile Kraftz Speciality Clinic,dentist,12.9055322,77.6757546,"No.01 Mathrusree Plaza, Tulsi Lyt, Kasavanahalli Main Road Bengaluru 560034",+91-9738123415,,,4441820056
Aditi Dental Care,dentist,12.9192616,77.668534,"955 Ambalipura, Sarjapura Road Bangalore 560102",+91-96119 80263,http://www.aditidentalcare.com/,,4441825260
Banashankari Medicals,pharmacy,12.9058599,77.6756805,"8 Amruth College Main Road, Varthur Hobli, Kasavanahalli Bengaluru 560035",+91-9535509099,,,4441853154
Trust Chemists & Druggists Ltd,pharmacy,12.9263384,77.6168571,"Hosur Rd, Zuzuvadi, Madiwala, 1st Stage, BTM Layout Bangalore 560068",+91-80 2563 0022,https://www.trustpharmacy.co.in/,,4441888253
Krishna Medical & General Stores,pharmacy,12.9079549,77.6758087,"70 CSB Layout, Kasavanahalli, Sarjapur Road Bangalore 560034",+91-9980276727,,,4441894194
Bhagavathi Hospitals Private Limited,hospital,12.9161259,77.6311505,.L-168 HSR Layout Sector 6 bangalore 625009,+91-80 4124 5860,,,4442511855
Gunasheela Hospitals,hospital,12.9250105,77.6278708,"365 Sulochana Building, 1st Cross Rd, 3rd Block, Sarjapura Main Road, Koramangala bangalore 560034",+91-80 - 4646 2626,http://gunasheela.co.in/,,4442516055
Dr. Dhirendra H Deshpande,clinic,12.9261953,77.5847378,"51 Chintal Plaza, 10th Main, 33rd Cross, 4th Block, Jayanagar bangalore 560011",+91-80 4121 1945,,,4442518792
Ganesh Medicals,pharmacy,12.8613103,77.7862784,KH No 357/347 Sarjapur Road Bangalore 562125,+91-99648 49887,,,4442536083
navyashree medicals & general stores,pharmacy,12.9074727,77.6951371,"124/5 doddakannehalli carmaleram post, Sarjapura Main Road Bangalore 560035",+91-99724 20206,,,4442561627
Mahaveer Orthopeadic Clinic,clinic,12.9140773,77.6668361,"Shub Enclave, 47 Haralur Rd, Ambalipura Bangalore 560103",+91-80 3221 8709,http://www.mahaveerorthopodiatryclinic.com/,,4442577373
SK Eye and Skin Clinic,clinic,12.9220379,77.6720713,"17/1 ARB Complex, Ambalipura, Bellandur Gate, Bellandur Main Road Off Sarjapur Main Road Bangalore 560102",+91-80 4121 4683,www.skeyeskin.com,,4442597478
A & J Ayur Care,clinic,12.9052805,77.6957796,"Chikkanayakanahalli Road, Doddakanahalli Junction, Sarjapur Road Bangalore 560035",+91-9243112373,,,4442605672
Addresshealth Child Health Clinic,clinic,12.9164549,77.6732085,"14 Kaikondrahalli, Sarjapur Road Bangalore 560034",+91-8066815572,https://www.addresshealth.com/,,4442628971
Alpha Clinics,clinic,12.9080736,77.6758988,"177 Kasavanahalli main road, sarjapur road Bangalore 560035",+91-080 4171 7070,,,4442637795
Esthetix Orthodontic and Cosmetic Dental Clinic,clinic,12.9001458,77.6753736,"Kristal Jasper Commercial Complex, Kasavanahalli Main Road, Sarjapur Road Bangalore 560035",+91-9986003860,,,4442645351
Murthy Health and Research Centre,clinic,12.9247643,77.6382862,"97 Sarjapura Road, Jakkasandra Extension Bangalore 560034",+91- 80 2553 6090,,,4442655749
Annayya Healthcare Pvt Ltd,clinic,12.9182603,77.6381293,"14 14th Main, 5th Sector, HSR Layout Bangalore 560034",+91-9845504949,,,4442661797
NRS Medical & Dental Specialists Centre,hospital,12.9151071,77.5624888,"5 80 feet road,banashankari bangalore 560050",08026696054,,,4443301971
Dr. Suresh's Dia Care,pharmacy,12.9898377,77.5550568,"723/B 11th Main Rd, 3rd Block, Rajaji Nagar bangalore 560010",080 2338 2867,drsureshdiacare.com,,4443484964
Amrutha Medicals,pharmacy,12.9861471,77.5598537,"403 Dr. Rajkumar Road, 6th Block, 80 Feet Rd, 4th Block, Ramchandrapuram, Rajaji Nagar bangalore 560010",080 2311 7929,,,4443494165
Health Shopee by Manjushree Medicals,pharmacy,12.9988814,77.5552883,"2941/5 Mahakavi Kuvempu Road, 2nd Stage, Rajajinagar, Near Varalaxmi Nursing Home, D-Block, Gayatrinagar, Rajaji Nagar bangalore 560010",+91 98861 14333,,,4443504959
Sri Srinivasa Medicals,pharmacy,13.0272204,77.593535,"16 Hmt Layout, Near-R T Nagar Bus Depot, R T Nagar, HMT Layout, Dinnur, RT Nagar bangalore 560032",080 2353 5499,,,4443560972
Sri Venkateshwara Medicals,clinic,13.00546,77.5563835,"E block, Subramanyanagar,2 State, Rajaji Nagar bangalore 560010",+91-96327 00311,,,4443574301
Nandhi Medical And General Stores,pharmacy,12.9882463,77.5584271,"2/835/64/1 4th Block, Amulya Corner, 3rd Main, 3rd Main Road, 4th Block, Rajaji Nagar bangalore 560010",080 2314 5334,,,4443592306
Dental Clinic,dentist,12.9704013,77.641641,"3281 12th Main, Hal 2nd Stage, Indiranagar Bangalore 560008",080 2529 4257,,,4443674292
Anurag Medical Centre,hospital,12.9060641,77.6049776,"#349/352/6/1/1 Main Road, Chandra Layout, Vijayanagar, bangalore 560070",,,,4444988626
Sarvodaya Hospital,hospital,12.9390944,77.5619057,11/2 Magadi Main Road bangalore 560079,098440 74946,,,4444989840
Indianova Healthcare Pvt Ltd,hospital,12.9703581,77.63022,"58/1 3rd main shridi sai baba mandir road, Cambridge layout halasuru Bangalore 560008",+9197390 07505,https://indianovahealthcare.com/,,4445139977
Siddaiah Multi Speciality Clinic And Lab,pharmacy,13.0023897,77.629504,"#2/5 4th Cross Road, jai bharathnagar Bengaluru 560033",+919916130707,,,4445141696
Indian Medicals,pharmacy,13.0197971,77.6782178,"No.534 Kalkere Main road, 1st Cross, B Block, Aecs Layout, Kundalahalli Bangalore 560037",+919448481490,,,4445151589
Vishwas Medicals,pharmacy,12.931055,77.5418888,"# 633 2nd Main Road, 7th Block, Banashankari 3rd Stag Bangalore 560085",080-33055342,,,4445160433
Sky Diagnostic Centre kumbena agrahara,hospital,12.9977711,77.7548105,"817/744 Kk White Castle Apartment, Vijaya Lakshmi Colony, Kumbena Agaraha Main Rd, Kadugodi Bangalore 560067,",08033051529,,,4445163720
Dr Rachna - Homeopathy,hospital,12.9179831,77.6691258,"Sarjapur Main Rd, Bellandur Bangalore 560034",+9195909 10963,,,4445167354
Divine Medical Centre,clinic,13.0241409,77.637316,"#4BM-403 Kammanahalli Main Road, HRBR Layout 2nd Block Bangalore 560043",080 2545 1143,https://divinemedicalcentre.in/,,4445169666
Pavan Medicals,pharmacy,12.995301,77.6524627,"ITPL Main Road, Kundalahalli, Brookefield, Bangalore 560037",080 2847 5700,,,4445171554
Regal Hospital,hospital,13.0830463,77.6347174,"No.30 Thanisandra Main Road, Chokkanahalli Bangalore 560064",08033082383,https://regalhospital.com/,,4445179843
Thyrocare,hospital,13.0158543,77.7033173,"53 Near Sathya Sai Lake Side Hospital, 3rd Main, Vinayaka Layout, Old Madras Road, Battarahalli, K.R. Puram, Vidya Nagar, Krishnarajapuram Bengaluru 560049",080 6568 0365,,,4445183934
Bilva Hospital,clinic,12.999009,77.5797442,"Palace Guttahalli Main Road, No 21 And 22, 2nd Main Road Bangalore 560003",+9198444 56346,,,4445192526
SRS Hitech Diagnostic Laboratory,pharmacy,12.8701786,77.6548332,"736 11th Cross, Mico Main Road, Hosur Rd, CK Nagar, Electronic City Bangalore 560100",+9177956 39577,,,4445197443
Kubra Maternity And Nursing Home,clinic,12.927082,77.6034417,"No.26/10 Bismillanagar, BTM Layout 1st Stage Bangalore 560029",+9198444 56346,,,4445200414
Clumax Diagnostic Center,pharmacy,12.9238866,77.6195995,"1543 Ground Floor, 19th Main, Opposite to BMTC bus depot, Sector 1, HSR Layout, 1st Sector, HSR Layout, Bangalore 560102",080 6940 7777,https://www.medall.in/,,4445201629
Welnext,hospital,12.9240063,77.6545058,"65/8 Third Floor, H.S.R Agara Circle, Sarjapura, Outer Ring Rd, Agara Village, HSR Layout, Bangalore 560102",+9196960 00222,https://welnext.com/,,4445213681
Kaya Skin Clinic,clinic,12.970248,77.6470414,"80 feet Road, 12th Main Road, HAL 2nd Stage, Indiranagar, 80 Feet Road(Sir C.V. Raman Hospital Road) Bangalore 560008",080 6567 4475,https://www.kaya.in/,,4445276361
Employees State Insurance Dispensary,hospital,12.966771,77.5349228,"17th Cross Rd, Service Road, Opp. Maruthi Mandir, TTMC Bus Stop, Govindaraja Nagar Ward, PF Layout, Vijayanagar Bangalore 560040",080 2845 2785,globalhospitalsindia.com,,4445356902
Dr Solankis Eye Hospital,hospital,12.9951627,77.5738144,"191/1 , 2nd cross, Link Road, Malleswaram Bangalore 560020",080 2356 2211,,,4445397516
Ramani Orthopaedic Hospital,clinic,13.0009261,77.5732095,"5/19 1st Main, Vyalikaval Bangalore 560003",080 2331 1295,,,4445426218
Sri Sanjeevini Cold Laser Therapy,hospital,13.0053923,77.5713352,"316 3rd Flr, Srikrupa, Nxt To Adiga Hotel, 15th Crs, Sampige Mn Rd, Malleswaram bangalore 560003",080663 79862,,,4445430292
Keshava Medicals And General Stores,pharmacy,13.0057354,77.5763934,"33 2nd Main Road, Near-Pizza Hut, Vyalikaval bangalore 560003",080 4113 8233,,,4445433675
Sri Ranga Pulmonary Clinic,clinic,13.0072979,77.5708356,"17th Cross, Sampige Road, Malleshwaram Bangalore 560003",080 2334 7483,,,4445443065
Sri Ganesh Medicals And Surgicals,pharmacy,13.0081894,77.5638484,"112 8th Main, 18th Cross, H V Nanjundaiah Rd, Malleshwaram Bangalore 560055",080 2331 2346,,,4445451366
Koramangala Poly Clinic,clinic,12.9366734,77.6228961,69 17th E Main Road Koramangala Bangalore 560095,080 2553 0685,,,4445505534
Lahari Medicals,pharmacy,12.991518,77.6838598,"#16/2 7th Cross Road, B Narayanapura, Mahadevapura Bangalore 560048",080 2560 5559,,,4445551689
Mass pharma,pharmacy,12.9950766,77.6967056,"# 90A Whitefield Road, R.H.B. colony, Mahadevapura Bangalore 560048",+9197408 10151,,,4445573505
Dr. Bhargavi Reddy Women & Children Hospital,hospital,12.975403,77.6470594,"Indiranagar 80ft Road, New Thippasandra, Hal 3rd Stage, Via Indira Nagar 80ft Road bangalore 560075",080 2525 6666,https://drbhargavireddyhospital.com,,4445578787
Axon Speciality Hospital,hospital,12.973892,77.6460904,"321 6th Main Road, HAL 2nd Stage, Indira Nagar BENGALURU 560038",080 4334 6333,,,4445586944
Mother And Child Clinic,clinic,12.9717331,77.6357884,"3146 7th Main Road Shirdi Sai Baba Mandir Road, Eshwara Layout, Indira Nagar Bengaluru 560038",+9198455 59050,,,4445595170
Deseeya Ayurvedic Pharmacy,pharmacy,12.9627947,77.6419191,"124 HAL II Stage, 18th Main Road, Indira Nagar, Kodihalli, Bengaluru 570008",080 2520 1188,https://deseeya.com/,,4445603184
Shri Siddhanth Pharma,pharmacy,12.9702378,77.6356539,"3155 Service Road, Hal 2nd Stage, Near-ESI Hospital, Indiranagar Bangalore 560038",080 2520 0422,,,4445607998
NationWide Primary Healthcare Services,pharmacy,12.9929014,77.7027759,"113 Whitefield Road,Garudachar Palya, Mahadevapura Bangalore 560048",080 4205 5422,,,4445639834
Bright Children's Clinic,hospital,12.9891818,77.689783,"#56/2 ORR Service Road, Shiva Ganga Layout, B Narayanapura, Mahadevapura Bangalore 560048",+9178994 22511,,,4445660067
Shiva Homoeo Medicals,pharmacy,13.0314172,77.6043283,"#56/2 Sulthanpalya Main Road, 1st Floor,R.T.Nagar Post Bangalore 560032",+9199165 21079,,,4445687662
Dattatreya Multispeciality Clinic,clinic,13.037145,77.5916005,"#3 SS Ashram Road, No. 1, 4th Main, Manjunatha Complex Bangalore 560024",+9198806 44753,,,4445709313
MedPlus,pharmacy,13.04937,77.5969095,"#381 Kempapura Main Rd, ayunandana Layout, Hebbal Kempapura Bangalore 560024",080 2295 7575,,,4445729851
Synergy Health Care,clinic,13.0292674,77.6045683,"#53 Sulthanpalya Main Road, 12th Cross,Manorayana Palya, Bangalore 560032",080500 80120,,,4445802548
Sanjeevini Children & Women Clinic,hospital,13.0316481,77.6023154,"Sultanpalya Main Road, Near-Bus Stand, R T Nagar Bangalore 560032",080 2292 4422,,,4445886952
Procare Hospital,hospital,13.0203944,77.6512682,"914, 5th A Cross Road Outer Ring Road BANGALORE 560043",080 4162 0620,080 4162 0620,,4445955282
Parimala Health Care,hospital,12.9003193,77.6008061,2nd Cross Rd Bannerghatta Road Bangalore 560076,080 2658 3117,,,4445973784
"Sriram Hospital, Bangalore",hospital,13.0087504,77.6939806,"107/2, Old Madras Road K.R Puram, Bangalore 560036",080 2561 0988,,,4445986377
Mathru Homoeo Medical,pharmacy,12.9601016,77.7002857,"69 5th Cross,Outer Ring Road, Marathahalli, Behind Venus Bakery Opposite Kalamandir Bangalore 560037",08025400618,,,4445991554
K R Puram Super Speciality Hospital,hospital,13.0110115,77.6935975,"#301 3rd Main Road, Old Extension, Krishnarajapuram, Near Indane Gas Bangalore 560036",080 2561 7799,https://aaxishospitals.com/,,4445998037
Sri Tulsi Medicals General Store,pharmacy,12.9587958,77.7026919,"130 2nd Main, 7th Cross, 6th Cross Road, Aswath Nagar, Marathahalli,Karnataka Bengaluru 560037",08861061489,,,4446005798
Maithri Nursing Home,hospital,13.0048396,77.7036425,"Devasandra Main Road, Krishnarajapuram Bangalore 560036",+918025611928,,,4446018021
Sri Lakshmi Pharma And General Store,pharmacy,12.948849,77.7078682,"106/87 Raja Building, Munnekolala Last Bengaluru,, Thubarahalli, Marathahalli,Karnataka Bengaluru 560037",+9197382 56718,,,4446033865
MedPlus,pharmacy,12.9486405,77.7037644,"37 Ganapa Nilaya, SGR Dental College Road, Maruthi Layout, Kasavanahalli Village, Marathahalli, Karnataka Bengaluru 560037",080 4217 0031,https://www.medplusmart.com,,4446060500
Trust Chemists & Druggists,pharmacy,12.9482486,77.7047648,"SGR Dental College Rd, Belandur, Marathahalli, Karnataka Bengaluru 560037",080 2254 5129,https://www.trustpharmacy.co.in/,,4446085886
Greenhouse Pharma,pharmacy,12.9539548,77.6979312,"Tulasi Theatre Road, Marathahalli Village, Marathahalli, Karnataka Bengaluru, 560037",+917353848217,,,4446098608
Vignesh Medicals,pharmacy,12.957136,77.7392761,"682 Shop No 5 Varthur Main Road, Ramagondanahalli, Whitefield, Karnataka Bengaluru 560066",+9199865 96899,,,4446112113
Lakshmi Medicals,pharmacy,12.956443,77.6964124,"Varthur Main Road, Marathahalli, Marathahalli, Marathahalli Village, Karnataka Bengaluru 560037",080 2523 0759,,,4446150989
Rajeshwari Pharma Shop,pharmacy,12.9556301,77.7222569,"100, 4 Varthur Main Rd, Thubarahalli, Brookefield, Karnataka Bengaluru 560066",088842 24028,,,4446170725
Padma Medicals,pharmacy,12.9785445,77.640549,"292 CMH Road, 100 Feet Road, Indira Nagar II Stage, Hoysala Nagar, Indira Nagar Bangalore 560038",+9194485 42503,,,4446206057
Kosmoderma Skin & Hair Clinics,clinic,12.9666655,77.6366205,"3rd Cross Road, Defence Colony, Indiranagar Stage 2, bangalore 560008",080 2535 2211,https://kosmoderma.com/,,4446217021
Ram speciality clinic,pharmacy,12.9670599,77.7131214,"Munnekollal Main Rd, Munekollal, Karnataka Bengaluru 560037",+919738968438,,,4446225748
New Look Laser Clinic,clinic,12.966146,77.6373342,"1st Floor, 1st Main, Domlur 2nd Stage, Indiranagar bangalore 560071",080 4152 5754,newlookskinclinic.com,,4446227973
Family Care Homeopathy Clinic & Pharmacy,clinic,12.9525048,77.7061945,"First Floor, Trilochan Complex, Opp Govt School, Munnekolala Main Road, Marthahalli, Karnataka Bengaluru 560037",080 3255 2975,family-care.in,,4446234513
Nationwide Indira Nagar Clinic,clinic,12.9783265,77.6450388,"723 1st Floor, Chinmaya Mission Hospital Road, 1st Stage, Indira Nagar, Above Siemens Showroom Bengaluru 560038",080 4121 5150,nationwidedocs.org,,4446234535
Family Dental care,clinic,12.9525519,77.7059853,"Triloachan Complex , Munekollalu main road , Munekollal Bengaluru 560037",+919886130837,,,4446238233
Patanjali Prakritika Bazaar Shop,pharmacy,12.949095,77.7078158,"Munnekollal Main Rd, Munnekollal, Karnataka Bengaluru 560037",+91097427 66401,,,4446242239
Angels Advanced Clinic Pvt Ltd.,clinic,12.9782019,77.6423975,"675 9th A Main Rd, Binnamangala, Hoysala Nagar, Indiranagar Bengaluru 560038",098455 66799,angelsclinic.in,,4446243122
Dental Clinic,dentist,12.964155,77.6387585,"166 2nd Cross, 2nd Stage, 2nd Cross Rd, Stage 2, Domlur Bangalore 560071",080 2535 6707,https://vibhadental.com/,,4446247021
Unnamed Medical Location,hospital,12.9702741,77.6468603,"2989/1A 12th Main, HAL II Stage, Indiranagar Bangalore 560038",080 4530 0300,https://www.nightingales.in/,,4446268170
The Family Doctor & The Family Pharma Indiranagar,clinic,12.980097,77.6391546,"179 Ground Floor, 5th Main, 9th Cross, Indira Nagar 1st Stage, Binnamangala, Stage 1, Indiranagar Bangalore 560038",080 2521 0770,https://modernfamilydoctor.com/,,4446271461
Slv Medical Store,pharmacy,12.9487633,77.7078643,"Thubarahalli, Munnekollal,Karnataka Bengaluru 560037",+919980077242,,,4446277436
Dr. Sujaya Hegde's Dermatology Clinic,clinic,12.9783739,77.6358378,"395 Between Metro Rail Pillars 78-79, 2nd Floor, Chinmaya Mission Hospital Road, Indira Nagar Bangalore 560038",+9198867 02395,,,4446280538
Shree Vet Life Pharma,pharmacy,13.0277184,77.5860886,"#80 Bellary Road, Opposite Veterinary College, Lakshmayya Layout, Vishveshvaraiah Nagar Bangalore 560024",+919845164047,,,4446284603
Medic Star Hospital,hospital,12.9876871,77.6093097,"AM Road, Bharati Nagar, Shivaji Nagar bangalore 560001",080 2554 1337,,,4446285519
Hsis Gosha Hospital,hospital,12.9856985,77.6058578,"Tasker Town, Near-KSPCB Limited, Shivaji Nagar, Sulthangunta, Shivaji Nagar bangalore 560051","""080 2286 6529",,,4446289881
Sanjeevani Netralaya,clinic,12.9821279,77.5982064,"141 Infantry Road, Shivaji Nagar, Bengaluru, Bangalore 560001",099455 44744,https://sanjeevannetralaya.com/,,4446295361
Sri Lakshmi Diagnostic Center,clinic,13.0410852,77.5905288,"#2 Hebbal Flyover, Sri Krishna Complex,Bayanna Layout, Bangalore 560024",+9199862 29773,,,4446298261
Santosh Hospital,hospital,12.9959413,77.6082575,"6/1 Promenade Road, Near Coles Park, Frazer Town bangalore 560005",080 2536 7706,https://santoshhealthcare.com/,,4446300155
CGHS Dispensary No.1,clinic,12.9805291,77.6032027,"111 3rd floor, Ganesh Towers, Infantry Road, Shivajinagar Bangalore 560001",080 2558 9225,http://nb.bsf.gov.in/CGHS%20DIspenseries.pdf,,4446306461
OM Shakthi Medicals & General Stores,pharmacy,13.0291434,77.5579617,"375/A 6th Cross, 8th Cross, 13th Main Rd, Mathikere, HMT Layout, Yeshwanthpur, Karnataka bangalore 560054",+9190351 57235,,,4446306863
Popular Medical And General,pharmacy,13.02454,77.5950447,"#1 Dinnur Main Road,  Dinnur Main Road, Ex Servicemen Colony,RT Nagar Bangalore 560032",08023338662,,,4446306864
Medicure Pharma,pharmacy,12.9720229,77.6803767,"1 Survey Number 158,MarathHalli Post, Vignana Nagar Main Road, Ramaiahreddy Colony, Malleshpalya, Basavanagar, Karnataka Bengaluru 560037",+9196638 70322,,,4446309284
Hospital,hospital,12.9914123,77.6117329,"St Johns Church Rd, Bharati Nagar, Shivaji Nagar bangalore 560001",+9193411 44150,https://www.mirlayeyecare.com/,,4446312027
Trust Chemists Druggists,pharmacy,13.0237176,77.5928768,"#3 RT Nagar Main Road,  80 Feet Main Road, P&T Colony Bangalore 560032",080 4128 4949,,,4446312739
Ismile Dental & Oral Health Care Centre,clinic,12.915785,77.6194045,"KAS Officers Colony, Stage 2, BTM 2nd Stage, Karnataka Bengaluru 560068",+9198863 99310,,,4446317428
Keva Ayurveda Health Care Pvt Ltd,hospital,12.9127062,77.6201668,"7th Cross, 35th Main, BTM 2nd Stage,, Adjacent DSR Naveen Lake View Apartments, Karnataka Bengaluru 560076",080508 01515,https://kevaayurveda.com/,,4446322688
Shriniwas Medicals,pharmacy,12.9257866,77.5861651,"#16/47/1-C 34th Cross Road,Jaya Nagar Bangalore 560011",08026632258,,,4446323286
Ayurvaid Hospital,hospital,12.9552696,77.6428508,"230 Amarjyothi Layout, Off Intermediate Ring Road, Near Dell India/Millennium Motors, Domlur Extension, Amarjyoti Layout, Domlur, Karnataka Bengaluru 560071",080 4092 5555,https://ayurvaid.com/,info@ayurvaid.com,4446329807
H B S Hospital,hospital,12.9891941,77.6037864,"Sultan Gunta,, Cock Burn Rd, Sulthangunta, Shivaji Nagar bangalore 560051",080 2554 1321,,,4446341278
St. Martha's Heart Centre,hospital,12.9705436,77.5834769,"5 Nrupathunga Rd, RBI Colony, Sampangi Rama Nagar Bangalore 560001",+9195380 43453,locations.narayanahealth.org,,4446346449
Sudhir Medicals,pharmacy,12.9243163,77.5770288,"#265/B 36 Cross, near Nethradama Hospital, 7th Block, Jayanagar, Bangalore 560070",08022444382,,,4446351739
J S Homoeo House,pharmacy,12.982224,77.6029281,"Near Bowring Hospital , hospital Road , 22/2, Central St, Shivaji Nagar Bangalore 560001",+9198802 46426,,,4446352742
V L Nathan & Co,pharmacy,12.9855813,77.6071086,"33 Quadrant Road, Sulthangunta, Shivaji Nagar bangalore 560001",080 2551 2993,,,4446357143
Nathans Vet Pharma Centre,pharmacy,12.9762816,77.5991019,"32 Quadrant Road, Shivaji Nagar, Near Taj Hotel, Shanthala Nagar, Ashok Nagar Bangalore 560001",080 2286 1740,,,4446360304
Mahaveer Ayur & Homoeo,pharmacy,12.9813318,77.6041058,"23 Opposite Bowring Hospital, Lady Curzon Rd, Tasker Town, Shivaji Nagar Bangalore 560001",080 2559 3299,ayurhomoeo.com,,4446364966
Patanjali Chikitsalayas,pharmacy,12.9308168,77.5739459,"#36-44 Krishna Rajendra Road,Yadiyur,7th Block, Jayanagara Bangalore 560082",080 2676 8560,,,4446366088
Gururaja Pharmacy,pharmacy,12.9781121,77.5739587,"15 Tank Bund Rd, RK Puram, Gandhi Nagar Gandhi Nagar, Bangalore 560009",080 2235 0038,,,4446378097
Kaya Skin Bar,clinic,12.9920968,77.570594,LG-34 Sampige Road Bengaluru 560003,+918022667211,https://www.kaya.in/,,4446378146
Balaji Vaidyasala,pharmacy,12.9813797,77.6029956,"4/5 Central Square Complex, 47, Central Street, Tasker Town, Shivaji Nagar, Tasker Town, Shivaji Nagar Bangalore 560001",+9198455 01642,,,4446388835
T. K. Diagnostic Centre,pharmacy,12.9843238,77.5984752,"22 1st Floor, NG Chambers, Venkataswamy Naidu Rd, Shivaji Nagar Bangalore 560051",080 2286 0567,,,4446394588
Anand Diagnostic Laboratory,clinic,12.9818448,77.6062936,"54 Bowring Tower, Bowring Hospital Road, Shivajinagar, Tasker Town, Shivaji Nagar, Bangalore 560001",080 2531 8550,https://www.anandlab.com/,,4446399880
elbitdiagnostics,pharmacy,12.9833669,77.5966639,"1 1/2 Indian Express Building, 3rd Floor,, Queens Rd, Vasanth Nagar Bangalore 560001",080 4057 0000,https://elbitdiagnostics.net/,,4446404579
Al Shifa Unani & Ayurvedic Dawa Khana,pharmacy,12.9873157,77.6059871,"28 Charminar Masjid Road, Near-Russel Market, Shivaji Nagar, Sulthangunta, Shivaji Nagar bangalore 560051",080 2530 2786,,,4446406412
Medinova,pharmacy,12.9816041,77.6011061,"55 Infantry Road, Shivaji Nagar Bangalore 560001",080 2286 8423,,,4446409631
Vagh Eye Centre,clinic,12.9799788,77.6056145,"73/1 1st Floor, Infantry Road, Above Icici Bank, Shivaji Nagar, Tasker Town, Shivaji Nagar Bangalore 560001",080 2558 4156,,,4446413304
Sundeep Medicals,pharmacy,12.9674206,77.6058454,"137 Brigade Road, Richmond Town, Shanthala Nagar, Ashok Nagar, Shanthala Nagar, Ashok Nagar Bangalore 560025",080 2221 2968,,,4446433567
Hitesh Medicals & General Stor,pharmacy,12.9713618,77.6062443,C007 Ashok Nagar Bangalore 560025,+91 80 2558 4302,,,4446439863
Bangalore Fetal Medicine Centre,pharmacy,12.9658632,77.5998808,"5/1 2nd Floor, Rich Homes, Richmond Road, Shanthala Nagar, Ashok Nagar, Shanthala Nagar, Ashok Nagar Bengaluru 560025",080 2221 0540,bangalorefetalmedicine.com,,4446442047
Sai Aruna Medicals,pharmacy,12.9643196,77.657532,"5 Shivalingaiah Shopping Complex, BDA Main Rd, Murugesh Pallya, Ananda Puram, Jeevanbheemanagar bangalore 560075",+91 90601 33007,,,4446473853
Sri Vidhya Medicals General Store,pharmacy,12.9679122,77.6517504,"17 10th Main, HAL 3rd Stage, Jeevan Bima Nagar Main Rd, DOS Colony, Jeevanbheemanagar Bangalore 560075",+91 94481 67969,,,4446475362
Unnamed Medical Location,pharmacy,12.9633821,77.6568672,"114/B Shivanna Colony,Hal 3rd Stage,BDA Main Road,Opposite Kemp Fort,Murugesh Palya, Hal Road, Kodihalli, Ananda Puram, Jeevanbheemanagar, bangalore 560075",+9199642 32476,,,4446479133
Sri Sai Ram Medicals,pharmacy,12.9650762,77.6574876,"NR Colony Main Rd, Jeevanbheemanagar bangalore 560075",+9198450 76596,,,4446485823
ISRO Dispensary,pharmacy,12.9661551,77.656368,"DOS Colony, Jeevanbheemanagar bangalore 560075",080 2508 3800,isac.gov.in,,4446495371
Devi Medical,pharmacy,12.964938,77.6572798,"16 Near To J. B. Nagar Bus Stand, NR Colony Main Rd, J. B. Nagar, Jeevanbheemanagar bangalore 560075",080 2521 0038,,,4446497275
Trust Pharmacy,pharmacy,12.9919478,77.5708501,LG-34 Sampige Road Bengaluru 560003,+91 8022667221,https://www.trustpharmacy.co.in/,,4446497849
Sumathi Nursing and Maternity Home,hospital,13.0325717,77.5582602,"#426/12, 2 Cross,Mathikere Layout,Behind Canara Bank bangalore 560054",+9180 2337 2762,,,4446502570
Desai Nursing Home,hospital,12.9863736,77.5793154,"6/6 Kumarakrupa Road, High Grounds, Madhava Nagar, Gandhi Nagar Bangalore 560001",+9180 2226 0307,,,4446518811
Pushyamee Medicals,pharmacy,13.0008545,77.5631699,"19 8th Main Rd, Malleshwaram bangalore 560003",+91 80 2356 5016,,,4446528557
Yemaluru Primary Health Centre,clinic,12.9446323,77.678789,Bellandur Bangalore 560037,+91 80 2522 5927,,,4446533643
Brindhavan pharma,pharmacy,12.9853462,77.5708101,"30 1st Main Road, Jai Bheema Nagar, Seshadripuram bangalore 560020",+91 98456 79745,,,4446599790
Unnamed Medical Location,pharmacy,13.0024248,77.571574,Bengaluru,,,,4446613297
Megha Medicals,pharmacy,13.0023294,77.5719173,"40 12th Cross, Kodandarampura, Near-Prasidh Clinic, Malleshwaram bangalore 560003",+91 80 2334 7034,,,4446613298
Sri Manjunatha Clinic,clinic,13.0021664,77.5742095,"812 11th Cross, Vyalikaval, Near-Sukruthi Eye Care Bangalore 560003",+918023448987,,,4446632255
Sri Ganesh Medicals,pharmacy,13.0078415,77.5617719,"112 8th Main, 18th Cross, H V Nanjundaiah Rd Bangalore 560055",+91 80 2331 2346,,,4446656257
Fortis Hospital,hospital,12.9881648,77.5548179,"111 West of Chord Road,, Opp Rajajinagar 1st Block Junction bangalore 560010",080-2300-4444,fortisbangalore.com,,4446664412
Nandhi Medicals,pharmacy,12.9883267,77.5549712,"2 46th cross, Rajajinagar 4th Block bangalore 560010",+91 80 2314 5334,,,4446670981
Sri Venkateshwara Medical & General Store,pharmacy,12.9898567,77.5542305,"955 3rd Block, Rajajinagar Bangalore 560010,",+91 94491 68854,,,4446692224
Amrutha Medicals,pharmacy,12.9862636,77.5575477,"403 Dr Rajkumar Road, Rajajinagar Bangalore 560010",+91 80 2311 7929,,,4446701038
Sri Ranga Medicals,pharmacy,13.014751,77.5490654,"7 2nd stage a.g,b layout, Yeshwanthpur Industrial Suburb, Mahalakshmi Layout, bangalore 560086,",+91 99020 91732,,,4446726399
Sri Lakshmi Venkateshwara Medicals,pharmacy,12.9886463,77.4880192,"87 BEML Main Rd, GM Palya, C V Raman Nagar bangalore 560075,",+919986468151,,,4446730454
Prasad Medicals,pharmacy,12.9906244,77.5633161,"529 10th Main, 2nd Block, Rajajinagar bangalore 560010",+91 80507 82573,,,4446742748
Healing Earth Multispeciality Ayurveda Hospital,hospital,12.9165359,77.6361865,"149 HSR Ring Road, 5th Sector , HSR Layout, Karnataka Bengaluru 560034",080674 75757,https://www.healingearth.co.in/,,4446826362
Global Ayurveda Multispeciality Hospital,hospital,12.9165795,77.6362187,"149 HSR Ring Road, 5th Sector , HSR Layout, Jakkasandra, 1st Block Koramangala, HSR Layout, Karnataka Bengaluru 560034",080674 75757,https://www.healingearth.co.in/,,4446833350
Brahmi Ayurvedic Center,hospital,12.8830054,77.6073285,"311-B 12th Main Road, Behind Ingu Tengu Restaurant, Off Bannerghatta Road, Shantiniketan Layout, Karnataka Bengaluru 560076",+9190086 54547,brahmi-ayurveda.com,,4446840727
Fj Merrit Hydrotherapy And Wellness,hospital,12.9344224,77.6299785,"101 KAY ARR CORNER STONE 2nd Floor 80 Feet Road 4th Block, Koramangala,Karnataka Bengaluru 560034",080 4095 1282,,,4446849884
Vedam Ayurveda Multispeciality Hospital,hospital,12.9175511,77.6039486,"57 8th B Main Road, BTM Layout 1st Stage, KEB Colony, New Gurappana Palya, BTM Layout 1, Karnataka Bengaluru 560029",080 4120 2911,https://vedamayurveda.co.in/,,4446852004
Dr Priyas Skin And Hair Clinic,clinic,12.9566683,77.7099226,"35/1 1st Floor, CRM Sowbhagya Enclave, Near Spice Garden Bus Stop, HAL-Airport-Varthur Main Road , Marathahalli, Karnataka Bengaluru 560037",080 2847 6999,https://www.drpriyaskinandhairclinic.com/,,4446853180
Ayur jagruti,hospital,12.9667253,77.6378289,"3718 10th Cross Rd, Doopanahalli, Indiranagar, Karnataka Bengaluru 560008",+9196633 81398,facebook.com,,4446857201
Derma Solutions,clinic,12.9523153,77.7002928,"92/6 3rd floor, Outer Ring Road Chandra Layout, Opp Innovative Multiplex, Marathahalli, Karnataka Bengaluru 560037",+9197412 23217,https://www.dermasolutions.co.in/,,4446861327
Sofiyacare Skin And Hair Clinic,clinic,12.955617,77.7193679,"3rd Floor,Saroj Studio, Varthur Main Road, Marathahalli bangalore 560037",+9198458 36519,sofiyacare.com,,4446863533
Revive Aesthetic Clinic Skin Hair And Laser Center,clinic,12.9567879,77.7413601,"1/1 Opp. Jagrithi Apartment,, Varthur Main Road, Whitefield Main Rd, Ramagondanahalli, Whitefield Bengaluru 560066",080 4095 3301,reviveclinic.in,,4446865302
Dr Batra's HealthCare Clinics,clinic,12.9184267,77.6518482,419 27th Main Road HSR Layout Bangalore 560034,080 2258 3860,https://www.drbatras.com/,,4446869487
Kaya Skin Clinic,clinic,12.9969562,77.6966407,106/107 Whitefield Road Mahadevpura Bengaluru 560048,080672 66266,https://kaya.in/,,4446871115
Shradha Nursing Home,clinic,12.9422807,77.6208282,"727 , 8th Block, 1st Main, Opposite Shiva Theater, 2nd C Cross Rd, Koramangala 8th Block, Koramangala bangalore 560095",080 2290 3660,,,4446872947
Herbocare Hospital Pvt,hospital,13.0204424,77.6440607,"714 4th B Cross, 7th A Main, 1st Block, HRBR Layout, Kalyan Nagar Bangalore 560043",+9174064 30003,herbocare.info,,4446876066
""" NRS Medical & Dental Specialists Centre""",hospital,12.9378359,77.5573329,"5 80 Feet Road, 1st Stage, Srinivasa Nagar, Banashankari Bangalore 560050",080-26696054,,,4446881168
Lotus Diagnostic Centre,clinic,12.9785997,77.6419982,"493 , CMH Road, Near ICICI Bank ATM,Indiranagar Bengaluru 560038",080 2525 0392,https://lotusdiagnostic.com/,,4446883154
Tele Rad RX DX Health care Pvt Ltd,hospital,12.9992982,77.7575636,"34/1 B First Floor Above Dominos Pizza Opposite Sai Baba Ashram Kadugodi, Kadugodi bangalore 560067",080 4926 1111,https://rxdx.in/,,4446887432
Spring Leaf Health Care Pvt Ltd,hospital,12.8526731,77.6676459,"60/3 Konappana Agrahara, Electronic City, Opp. Infosys Convention Centre, Hosur Main Road Bangalore 560100",080673 45000,https://www.springleaf-healthcare.com/,,4446889930
Chiranjeevi Hospital & Maternity Home,hospital,12.9386994,77.5518394,"60 2nd Main, Bsk 1st Stage, 80 Feet Road, Srinivasa Nagar,Sree Manjunatha Temple Street bangalore 560050",080 2691 7676,,,4446891375
Newtown Childrens Clinic,clinic,13.1000069,77.5799234,"808 New Town Main Rd, Yelahanka Satellite Town, Yelahanka New Town bangalore 560064",+9197414 55138,https://doctorsdigital.com/,,4446891958
"Vinayaka Hospital, Hanumantha Nagar",hospital,12.9373748,77.5494778,"110 State Bank Of Mysore Colony, 1st Stage,80 Feet Road,, Banashankari bangalore 560050",080 2679 6167,http://dpal.kar.nic.in/Kanunu%20padakosha%20PDF%20Files/Recognised%20Hospitals.pdf,,4446893667
Sri Ganesh Pharma,pharmacy,12.9559132,77.5561779,"9 2nd Main Road valmikinagar Mysore Road, Ramachandra Agrahara, Azad Nagar bangalore 560026",089708 85482,,,4446894387
Meenakshi Hospital,hospital,12.9420715,77.553698,979/A 50 Feet Road Bengaluru 560085,+918026755800,,,4446897063
Royal Medicals,pharmacy,13.013929,77.6389286,"8 Nehru Road, Kullappa Road, Near-Kullapa Circle, Kammanahalli, PNS Layout, Subbayianiah Palyam, Banswadi bangalore 560033",08033792698,,,4446897124
Medi-Tech Multi Speciality Hospital,hospital,12.9408667,77.5603657,"795/1 9th Main, 2nd Block, Hanumantha Nagar, Near-Shaneshwara Temple Road, Banashankari 1st Stage bangalore 560050",080 2660 2910,,,4446899253
Fair Deal Pharma (Medkart),pharmacy,12.9671955,77.5736828,"164 P.o box 7182,1st floor, sultanpet, bangalore 560053",080 2234 1736,,,4446899258
Omkar Medicals,pharmacy,12.870394,77.6559601,"850 3rd Cross, 1st Main Road, C.K Nagar, Electronic City, Chennakeshava Nagar, Hosa Road, Pragathi Nagar, Electronic City Bangalore 560100",+9197398 57963,,,4446900239
Kusuma Hospital,hospital,12.9420124,77.5506918,"237/37 Nagendra Block, 50ft Road, 10th Main Rd, Srinagar, Banashankari bangalore 560050",080 2642 1177,,,4446900247
Bharath Medicals,pharmacy,13.0082692,77.5441674,"27/A 6th A Main, Mahalakshmi Layout, 2nd Stage bangalore 560086",080 2359 8348,,,4446903358
Lions Airport City Medicals,pharmacy,12.9557846,77.7050853,103p Munnekolala Varthur Road bangalore 560037,+9190604 48812,,,4446905132
Trinetraalaya Eye Care and Surgical Centre,clinic,12.943838,77.5537472,"22/2 13th Main Srinagar, Banashankari bangalore 560050",080 2599 0004,,,4446905394
Ring Road Hospital,hospital,12.9274553,77.5516293,"165 1st Main Road, Kathreguppe Cross Road, Kathreguppe, Banashankari 3rd Stage Bangalore 560085",080 2679 7040,,,4446907220
Pulse Multispecialty Hospital,hospital,12.9389007,77.5438808,"5/8/1 20th Main Road, Muneshwara Block, Girinagar, 1st phase Girinagar, Kadavanthra, Banashankari bangalore 560085",080 2672 4466,,,4446907712
Surya Galaxy Hospital,hospital,12.9316792,77.5450887,"103,994 ,2nd Main,1st Block,4th Phase,Kathriguppe,BSK 3rd Stage, Water Tank Road, Banashankari bangalore 560085",080 2642 1051,,,4446909294
Sri Srinivasa Clinic,clinic,12.9263669,77.5546536,"62/1 4th Main Road, Chennamanakere Achukatte, BSK 3rd Stage, Banashankari bangalore 560085",+9198450 26791,,,4446911787
Sri Durga Medicals,pharmacy,13.0120076,77.629801,"Immadihalli Main Rd, Vinayaka Layout, Whitefield bengaluru 560066",+9198456 19107,,,4446912425
Shakti Medicals & Generals,pharmacy,12.9383428,77.5598834,"786 10th Main, BSK 1st Stage, Banashankari Stage 1, Banashankari, bangalore 560050",080 2667 4045,,,4446915143
Wellness Ever,hospital,12.9593576,77.7461682,#183 Whitefield Main Road Bengaluru 560066,095919 89220,https://wellnessever.com/,,4446915481
Hair Loss Treatment in Bangalore - Hairline International,hospital,12.9566858,77.7419283,"32 MCC Tower, Opposite Sigma Tech Park, Varthur Kodi, Varthur Main Rd, Ramagondanahalli, Whitefield Bengaluru 560066",091488 74972,hairline.in,,4446919794
MedPlus,pharmacy,12.9700147,77.7334952,"#669 1st A Main Rd, Whitefield bangalore 560066",085536 54002,,,4446921910
Apollo Pharmacy,pharmacy,12.9383175,77.5549076,"207 7th Main, Near Panchami Chats, 80 Feet Rd, Banashankari Stage I, Srinivasnagar, Banashankari Bangalore 560050",080 2295 7428,https://apollopharmacy.in/,,4446923444
Surya Diagnostics and Health Services,hospital,12.9242825,77.6170883,"#1478/1 Hosur Road, Madiwala, Venkateshwara Layout, Sadduguntepalya Bangalore 560029",080 2552 6667,,,4446924573
add-on Scans & Labs,laboratory,12.911704,77.6817197,"#5 MGR Complex, Sarjapur Road Bangalore 560035",080 4225 5500,https://addonhealthcare.com/,,4446926802
New Life Hospital bangalore,hospital,12.9967611,77.7591252,"Opposite Whitefield Railway Station, Kadugodi Bangalore 560067",080 4954 0540,https://newlifehospital.in/,,4446938197
Central Lab,pharmacy,12.9644242,77.5968789,Lalbagh Road Bangalore 560025,+9180 222 37370,,,4446962739
Isha Diagnostics,pharmacy,13.0058891,77.571338,"311 16th Cross, Sampige Road, bangalore 560003",8023562111,https://ishadiagnostics.com/,,4446967197
Kanva Diagnostics,pharmacy,12.9869612,77.5602264,"2/10 Dr Rajkumar Rd, 4N Block bangalore 560010",+9180 2313 3840,https://kanvadiagnostic.com/,,4446968478
Rajkumar Diagnostics,pharmacy,13.0192775,77.5968129,"76 14th Cross Rd, Thimaiah Garden, Devara Jeevanahalli bangalore 560032",+919538244420,,,4446970715
Nisarga Ayurvedic Medicine Research Centre,pharmacy,12.9469375,77.5981349,"466/1 10th Main, 13th Cross, Near-Brand Factory, Wilson Garden Bangalore 560027",+9180 2212 6994,,,4446974323
Mahaveer medicals,pharmacy,12.9360789,77.5601504,"47/1 11th Cross, Ashok Nagar, Near-Vidya Peeta Circle, Banashankari 1st Stage bangalore 560050",+91 80 2242 7245,,,4446978212
Upadhya Ayurveda Bhandara,pharmacy,12.9258133,77.5936851,"# 1333 26th Main Road, 4th Block, Jayanagar Bangalore 560041",080 2663 9321,,,4446978240
Prashanth Pharma,pharmacy,12.9348997,77.573964,rajajinagar Bangalore 560010,8022512593,,,4446980627
Dr. Suresh's Dia Care,pharmacy,12.9853927,77.5383552,"723/B 11th Main Rd, 3rd Block, Rajaji Nagar Bangalore 560010",+91 80 2338 2867,drsureshdiacare.com,,4446983284
Unnamed Medical Location,pharmacy,12.9857599,77.5386584,Bengaluru,,,,4446985998
Amrutha Medicals,pharmacy,12.9851133,77.5390188,"403 Dr. Rajkumar Road, 6th Block, 80 Feet Rd, 4th Block, Ramchandrapuram Bangalore 560010",+91 80 2311 7929,,,4446985999
Star Homeopathy,pharmacy,12.9267767,77.5838359,"#771 34th Cross Road,  4th Block, Jayanagara Jaya Nagar bangalore 560011",+9191009 60066,https://www.starhomeo.com/,,4446986134
Sridhar Medicals,pharmacy,12.9877039,77.5530939,"13 ,2nd Main Rd, Malleshwaram bangalore 560003",080 2336 3765,,,4446986158
Himalaya Health Care,pharmacy,12.9255939,77.5861537,"# 49 34th Cross Road, 34th T Block East, Pattabhirama Nagar Bangalore 560041",080 2244 0364,https://www.himalayawellness.com/,,4446987269
Health Shopee by Manjushree Medicals,pharmacy,12.9985585,77.5476618,"2941/5, Mahakavi Kuvempu Road, 2nd Stage, Rajajinagar bangalore 560010",+91 98861 14333,,,4446987473
Lifeken Medicines,pharmacy,12.9231418,77.590042,"#1524/29 36 A Cross Road, 4th T Block East, Jayanagara Bangalore 560069",080 2295 6229,,,4446991305
Sri Swaraj Medicals,pharmacy,12.9385698,77.5531314,"415/A 12th Main Road, Bank Colony Circle, Beside NIIT, BSK 1st Stage, 80 Feet Rd, Banashankari Bangalore 560050",+9198864 58232,,,4446992064
Sri Srinivasa Medicals,pharmacy,13.0216774,77.5927881,"16 RT Nagar Main Road bangalore 560032,",+91 80 2353 5499,,,4446992566
Ragavs Diagnostics And Research Centre Private Limited,clinic,12.9306698,77.5812807,"# 14, 27th Cross, 4th Block, Jayanagar Bangalore 560011",080 2653 1556,,,4446993672
Venkateshwara Medicals,pharmacy,13.0053426,77.5542101,"Subramanyanagar,2 bangalore 560010,",+9196327 00311,,,4446994840
Malathi Polyclinic,clinic,12.9384167,77.5572651,"281/B 1st Floor, 10th Main, 2nd Block, Srinivas Nagar, Near Ayyappaswamy Temple, Banashankari Stage I, Banashankari Bangalore 560050",080 2660 3366,malathipolyclinic.com,,4446999694
Nandhi Medicals,pharmacy,12.9887964,77.5555474,"2/835/64/1, 4th Block, Rajaji Nagar Bangalore 560010",+9180 2314 5334,,,4446999695
Clumax Diagnostics,clinic,12.9341676,77.5837638,"#68/150/3;68 9th Main Road, 3rd Block, Jaya Nagar;9th Main Road Bangalore 560011",080 3305 1953;+91 80 49067777,https://www.medall.in/,,4447001526
Ayushman Ayurvedic therapy centre,hospital,12.9946163,77.6023871,"62 Millers Rd, Cantonment Railway Quarters bangalore",+91 95356 68668,ayushmanayurvedic.com,,4447003711
Kottakkal Arya Vaidya Shala,clinic,13.0082375,77.566471,"5/3 margosa 18th Cross, Malleswaram Bangalore 560003",+91 80 2346 2358,https://www.aryavaidyasala.com/,,4447006769
Megha Medicals,pharmacy,13.0026859,77.5738983,"40 12th Cross, Kodandarampura, Near-Prasidh Clinic, Malleshwaram Bangalore 560003",080 2334 7034,,,4447006919
Sun Diagnostic Laboratory,clinic,12.9207711,77.5867591,"#650 14 Main, 4th T Block East, Pattabhirama Nagar, Jayanagara Bengaluru 560041",080 4095 9529,,,4447006972
Sunrise Diagnostics,clinic,12.926767,77.5965015,"32nd ""E"" Cross 28th Main Road, 4th T Block East, Jayanagara Jaya Bangalore 560041",081529 44944,,,4447007998
Janhavi Medicals Malleshwaram,pharmacy,13.0019448,77.5716235,"42 Vyalikaval, 2nd Main, Opposite-Rajesh Hotel, Sadashiv Nagar Bangalore 560003",080 2336 6503,,,4447007999
K C G Pharma And Generals,pharmacy,13.0020076,77.5713914,"17 1, 3rd Cross Rd, Malleshwaram Bangalore 560003",094485 11024,,,4447009028
Pristine Hospital,hospital,12.9984229,77.5403887,"877 Dr. Modi Hospital Road, 2nd stage extension Bangalore 560010",+9180 4135 4444,pristinehospitals.com,,4447009524
Sunrise Diagnostic Laboratory,pharmacy,12.9302815,77.5467741,"56 BMS Plaza, First Floor, Opposite Kathriguppe Water Tank, 3rd Cross Rd, 1st Block, Banashankari 3rd Stage, Banashankari, bangalore 560085",+9189710 01078,,,4447009759
Mera Health Care Private Limited,clinic,13.0081626,77.5645162,"83/87 , Soundarya Apartment, 5, Malleshwaram Bangalore 560003",080 2331 7521,,,4447010696
Anand Diagnostic Laboratory,clinic,13.0034429,77.6629393,"#141 3rd main, Kasturi Nagar, East of NGEF Layout, Kasturi Nagar Bangalore 560043",080 2545 1202,https://www.anandlab.com/,,4447012972
Sri Vinayaka Hospital,hospital,12.9575029,77.5276466,1222 14th Main Road Bangalore 560040,080 2339 8062,,,4447013195
Medall Clumax Diagnostics,pharmacy,13.005882,77.5761593,"Gayathri Devi Park Extension, Kodandarampura bangalore 560003",+9180 4933 7777,https://www.medall.in/,,4447013196
Diabetacare,pharmacy,12.9398696,77.6257338,"914 Venkateshwara Complex, 80 Feet Main Road, 6th Block, Venkappa Garden, Koramangala, Venkappa Garden, Ejipura bangalore 560095",+9180679 19191,https://diabetacare.com/,,4447013605
Shreyaas Diagnostics,clinic,12.9322647,77.5890953,"#79 4th Cross LIC Colony, KV Layout, Jayanagara Bangalore 560011",080 2664 2106,,,4447013606
Shathayu Ayurveda Wellness Centre,hospital,12.9573897,77.5276882,14th Main Road Bangalore 560040,+91 8040999110,,,4447015118
Apollo Diagnostics,clinic,12.937327,77.6240168,"668/A 17th C main, 6th Block, Near Koramangala Club, Koramangala, 6th Block, Koramangala Bangalore 560034",+9180 4162 4433,https://apollowhitedental.com/,,4447017356
Excel Diagnostics,pharmacy,12.9217959,77.6337167,"358/1-10 7th Cross, Venkatapura Main Rd, 1st Block Koramangala, HSR Layout 5th Sector bangalore 560034",+9180 2550 0182,,,4447018763
Pathocon Diagnostics,pharmacy,13.0064642,77.5488867,"1st 'R' Block, Near Mahalakshmi Layout Entrance bangalore 560010",+9180 2347 6990,https://www.pathocondiagnostics.com,,4447018781
Bombay Surgicals,clinic,12.930019,77.584183,"#348 9th Main Road, 4th Block, Jayanagara Bangalore 560011",+919739986012,,,4447020600
Shri Vishnu Ent Speciality Center,hospital,13.0226079,77.4748015,138 NICE Peripheral Ring Road bangalore 560050,+91 80 2672 4211,,,4447020601
Prakash Medicals,pharmacy,12.9730389,77.6468244,"3038 HAL 2nd Stage, Indira Nagar, 80 Feet Road, Next To Bata Showroom BENGALURU 560038",+9194491 59625,,,4447025390
Anand Diagnostic Laboratory,pharmacy,12.9301422,77.6231727,"677 16th main, 3rd Block, Koramangala, Bengaluru Bangalore 560034",080 2550 4207,https://www.anandlab.com/,,4447025891
Hospital Sharavathi,hospital,12.9594984,77.5275515,"1133/f 30 Service Road Rpc Layout Vijaynagar, Chandra Layout Bangalore 560040",+918023300222,,,4447072265
Ruth Medicals,pharmacy,12.9317312,77.6230979,"Koramangala BDA, 6th B Cross Road, Koramangala 3 Block, Koramangala Bangalore 560034",+9180 2553 7424,,,4447072622
Arogya Kendra,hospital,12.9735891,77.5443283,"Adichunchangiri Shopping Complex Adichunchangirishpgcplx Vjyngrb40 Vijaynagar, Attiguppe Bangalore 560040",+918023400463,,,4447072624
The Family Doctor Malleswaram,hospital,13.0029689,77.5526666,10A Crossroad bangalore 560010,+9180 2337 6262,https://thefamilydoctor.co.in/,,4447073029
Venkat Charmalaya,hospital,12.9644231,77.5333324,"3437 7 Subbanna Garden Vijaynagar, Attiguppe Bangalore 560040",+918023392788,,,4447075424
Maxwell Pharma,pharmacy,12.9340694,77.625222,"BDA Complex, Koramangala 4th Block, Koramangala Bengaluru 560034",+9180 2553 1177,,,4447075923
V Care Medical Systems P Ltd,hospital,12.9787049,77.5403581,"30/2 S V Complex Magadi Main Vijaynagar, Magadi Road Bengaluru",+918023110651,,,4447076167
Manasa Hospital,hospital,12.968821,77.5246297,Nagarabhavi Road Bangalore 560040,+918023104640,https://manasa.in/,,4447076314
Roots Advanced Hair Transplant Center,pharmacy,13.0022281,77.5739218,"16 12th cross, Palace Guttahalli main road, Malleshwaram Bangalore 560003",+9194821 66333,https://rootshairclinic.com/,,4447076790
Saikrupa Hospital For Women's and Surgical Centre,hospital,12.9691657,77.5351921,"51/88 20th B Cross, Marenahalli Main Road, Govindaraja Nagar Ward, Vijayanagar Bangalore 560040",+91080 2311 9592,http://dpal.kar.nic.in/Kanunu%20padakosha%20PDF%20Files/Recognised%20Hospitals.pdf,,4447079172
Vijaynagar Orthopedic Center,pharmacy,12.9757744,77.5421307,"770 , 5th main, 8th Cross Rd, Govindaraja Nagar Ward, Anubhav Nagar, Vijayanagar Bangalore 560040",+91080 2330 8644,,,4447081231
Anand Diagnostic Laboratory,pharmacy,12.9744268,77.5377158,"15 , Balu Arcade, 8th Main Road,19th Cross, CHBS Layout, Vijayanagar, CHBS Layout, MC Layout, Vijayanagar, Bengaluru, Karnataka 560040"" Bangalore 560040",080 2311 9138,,,4447081794
Kaya Skin Bar,pharmacy,12.9917005,77.5706529,Sampige Road Bengaluru 560003,+9180 2266 7211,https://kaya.in/,,4447082034
Sri Balaji Medicals,pharmacy,12.9495697,77.6182599,"999 80 Feet Road, Koramangala 1st Block, HSR Layout bangalore 560034",+9180 2552 9317,,,4447082865
Cutis Academy of Cutaneous Sciences,hospital,12.9768117,77.5449094,"5/1 4th Main, MRCR Layout, Vijayanagar, Behind Godrej Interio, Near Veeresh Theatre, Govindaraja Nagar Ward, MC Layout, Vijayanagar Bangalore 560040",080 4115 9049,,,4447082866
Shreya Hearing Clinic,hospital,12.9621516,77.533401,Chord Road Bangalore 560040,""" 080 2318 0012""",,,4447083784
Unnamed Medical Location,pharmacy,12.9681071,77.570295,"76/2 Avenue Road, Bangalore City bangalore 560001",+91 80 2287 7428,https://www.microlabsltd.com/,,4447086612
Acura Speciality Hospital,hospital,12.9353208,77.6205504,"105 5th Block, 17th C Main Road, KHB Colony , Koramangala Bangalore 560095",+9180 4110 5151,https://www.seekandsource.com/acurahospital,,4447087999
Prasad Nethralaya,hospital,12.9603312,77.5300796,"NO.105 Widia Layout, Chandra Layout Main Road, Govindaraja Nagar Ward, Widia Layout, Vijayanagar Bangalore 560040",080 2339 2807,,,4447088630
Health Heal Physio,pharmacy,12.9675638,77.539088,"2260 4th 'A' cross, 1st Main Road Vijayanagar, Club Ave, Vijay nagar, Hosahalli Extension, Vijayanagar Bangalore 560040",+91 88800 04422,,,4447094596
Vijayanagar Global Hospital,hospital,12.9717905,77.5372864,"46 17th Cross, Near Main Bus Stand, M.C. Road, Vijayanagar Bangalore 560040",080 4240 8200,,,4447097087
Blossom Infertility Center,hospital,12.9649703,77.5389842,"221 1st Floor, Next to Sai Prasadam Hotel, 5th Main Rd, Hampi Nagar 2nd Stage, RPC Layout Bangalore 560040",+91 99009 99116,,,4447100075
Suprith Diagnostic Centre,pharmacy,13.0238592,77.5564245,"4/3 Nanjappa Reddy Colony, 1st Main Rd, K. N. Extension, Kamla Nehru. Extension, Yeshwanthpur bangalore 560022",+9198442 96756,,,4447101670
Nirmal Skin & Hair Clinic,clinic,12.9683009,77.5377378,"1st Main Rd, Hosahalli Extension, Vijayanagar Bangalore 560040",080 2338 0138,,,4447102993
Khema Medical Corporation,pharmacy,12.9699062,77.5331512,"315/H 9k, Vijaya Nagar, Vijaya Nagar, MRCR Layout, MC Layout Bangalore 560040",080 2311 6416,,,4447104812
Jailaxmi Medical Store,pharmacy,13.0210205,77.5586533,317/7 Triveni Road Bangalore 560022,+9180 2357 8232,,,4447104932
Padmashree Nursing Home and Maternity Home,hospital,12.958321,77.5350434,"30 1108/30 10Th Main 4Th Cross, Rpc Layout, Vijayanagar Bangalore 560040",080 2311 8372,,,4447105332
Mukesh Medical,pharmacy,12.9715348,77.5439059,"7th Main Rd, Hoshalli Extension, Stage 1, Vijayanagar Bangalore 560040",+91 98441 56552,,,4447108502
Unnamed Medical Location,pharmacy,13.0532902,77.5124539,"353/2 1st Main Road, Near-S K Jewellers, Yeshwanthpur, Bengaluru bangalore 560022",080 2347 2268,,,4447110199
Sri Ganesh Gandhi Medicals,pharmacy,12.973491,77.5374834,"141 Chbs Layout, 8th Main, Vijaya Nagar, CHBS Layout, MC Layout, Bangalore 560040",080 2338 2668,,,4447111786
Sri Harsha Medical & General Stores,pharmacy,13.0141601,77.4903591,"82 Peenya 2nd Stage, Thigalarapalya Main Rd, Balaji Nagar bangalore 560058",+9181233 42872,,,4447114436
Arvind Homoeo Medicals,pharmacy,12.9703808,77.5375679,"2 1st Floor, 14th Main, Next To Kodandaram Temple, Vijayanagar, SBI Staff Colony, Hoshalli Extension, RPC Layout Bangalore 560040",080 2350 3413,,,4447116935
Johnson & Smith Co.,pharmacy,13.0197657,77.4983441,"48 3rd Stage, Peenya Industrial Estate bangalore 560058",+9180 2836 2568,,,4447117390
Unnamed Medical Location,hospital,12.9639998,77.5302683,"17 1st Main Rd, Kaveri Layout, Govindaraja Nagar Ward, Anubhav Nagar, Vijayanagar Bangalore 560040p",080 2335 2200,,,4447119911
Careongo Pharmacy Teachers Colony,pharmacy,12.9705987,77.5153346,"6th cross Rd, Teachers Colony, Nagarbhavi Bangalore 560072",+91 89998 08080,,,4447127001
Nova IVI Fertility,clinic,12.9338298,77.6199371,"143 4th Floor, 1st Cross, 5th Block, Koramangala Bangalore 560034",080673 66244,https://novaivifertility.com/,,4447127002
Dhanush Hospital,hospital,12.9706209,77.5151893,"63 , Byraveshwara Nagar, 2nd Main, Moodalapalya, Nagarabhavi Main Road, 2nd Block, Govindaraja Nagar Ward Bangalore 560072",080 2318 5544,,,4447142720
"S K Hospital, Bengaluru Urban",hospital,12.957572,77.5184436,Nagarabhavi Road Bangalore 560072,080 2321 3699,,,4447155158
"Green City Hospital, Bengaluru Urban",hospital,12.9062193,77.580682,"5 Outer Ring Rd, Rose Garden, JP Nagar Phase 6, JP Nagar, Bengaluru 560078",080 2653 6222,,,4447156427
The Homoeo World,hospital,12.9947201,77.5715879,"1 2nd Cross Rd, Malleshwaram Bangalore 560003",080 2346 1995,,,4447171840
Modern Family Doctor Pvt Ltd,hospital,12.9698405,77.5327211,"17 1st Main Rd, Kaveri Layout, Govindaraja Nagar Ward, Anubhav Nagar, Vijayanagar, Bangalore 560040",080 2335 2200,,,4447213952
Oxford Hospital,hospital,12.9312101,77.5756907,"Mnr Arcade, Saraki Gate, Kanakapura Road, Saraki Gate Bangalore 560078",080 2245 2500,,,4447273084
Oxford Hospital,hospital,12.8584183,77.6653346,"Mnr Arcade, Saraki Gate, Kanakapura Road, Saraki Gate, bangalore 560078",080 2245 2500,,,4447308983
R R Hospital & Trauma Centre,hospital,12.9059465,77.5904192,"11/2 8th cross, Gangadhar Nagar, 100 Feet Ring Road, J P Nagar, Bangalore 560078",080 2671 8785,,,4447316956
Shree Lakshmi Medicals,pharmacy,12.8864701,77.5867609,"94/95 shop no 9, wilson garden society, opp.RBI layout, kothanur main road, j.p nagar 7th phase, bangalore 560078",+9198454 32766,,,4447319197
Durga Medicals,pharmacy,12.9105534,77.5811091,"53/A 9th Cross, Near-Oxford Collage, J P Nagar 1st Phase bangalore 560078",080 2691 1062,,,4447327973
Sri Balaji medicals,pharmacy,12.9314177,77.5913754,"72 73 24th Main End Puttenahalli J. P Nagar 7th Phase, bangalore 560078",080 2653 5363,,,4447329235
Trinity Diagnostic And Imaging Research Centre,pharmacy,12.91032,77.5935628,213 9th Cross Road Bangalore 560078,080 2658 1757,,,4447353516
M N Speciality Clinic,hospital,12.9039905,77.5859569,"9 24th Main Rd, KR Layout, 1st Phase, JP Nagar bangalore 560078",080 2653 0121,,,4447383325
Ritecure Pharmacy,pharmacy,12.9608763,77.5306651,"20/A 2nd cross near hp petrol pump, Govindaraja Nagar Ward, Widia Layout, Vijayanagar Bangalore 560040",+9181518 34646,,,4447398721
Prashanth Hospital,hospital,12.9067129,77.6265085,"90/D Bommanahalli Circle, Hosur Main Road Bangalore 560068",080 4150 3714,https://www.prashanthhospitals.in/,,4447972412
Parimala Health Care,hospital,12.9009278,77.5986641,"Bannerghatta Road, Near Kalyani Kala Mantap, Bilekahalli, 2nd Cross Rd,, Ram Shetty Nagar, Bilekahalli Bangalore 560076",080 2658 3117,,,4447978869
Springleaf Hospital,hospital,12.853228,77.6653506,"60/3 Konappana Agrahara, Electronic City, Opp. Infosys Convention Centre, Hosur Main Road Bangalore 560100",080673 45000,https://www.springleaf-healthcare.com/,,4447985903
Sri Ram Hospital,hospital,13.0096231,77.6924713,"107/2 Nishvasaha Centre, Old Madras Main Road, Opposite-Traffic Police, Station, K R Puram Bangalore 560036",080 2561 0988,,,4448000087
Shathayu Ayurveda Wellness Centre,clinic,12.9571256,77.5262369,"301 1st Floor, Sidhapura Village, Beside D-Mart, Marathahalli, Varthur Main Road, Whitefield, Bangalore 560066",+9188848 88919,https://shathayu.com/,,4448048593
Trust Chemist and Drugs,pharmacy,12.9553005,77.7181579,"Thubarahalli, Whitefield bangalore 560066",080 4087 5300,https://www.trustpharmacy.co.in/,,4448066406
Vijay Diagnostic Centre,hospital,12.9458746,77.5877756,"58,59 3rd Main,KEB Layout, BTM Layout  1 bangalore 560029",080 2668 4260,,,4448075597
Banglore Lions Service Blood Bank,pharmacy,13.0240558,77.6240521,"Jain Hospital, Millers Road, Vasanth Nagar, Vasanth Nagar Bangalore 560052",080 2226 6807,,,4448081793
Sree Manjunatha Medicals,pharmacy,13.0241512,77.6899413,"#23 Shop No.2,T.C.Playa, Opp.Bharath Petroleum, Sonnathammanahalli K.R.Puram, Anandapura, Battarahalli Bangalore 560036",+9199004 94039,,,4448082148
Kottakil Arya Vaidya Sala,pharmacy,12.9857338,77.6684774,"18 Kaggadasapura Main Road, Varsova Layout, Kaggadasapura Bengaluru 560092",080 4170 8703,https://aryavaidyasala.com/,,4448093648
Nationwide Kadugodi Clinic,clinic,13.0082033,77.7572551,"Apple City, Chaitanya Ananya, Shigehalli, Krishnarajapuram Bangalore 560067",+9181057 11126,nationwidedocs.org,,4448098655
Kubra Maternity And Nursing Home,clinic,12.927672,77.6012024,"26/10 Mosque Road, Bismillanagar, BTM Layout 1st Stage Bangalore 560029",080 2678 2728,,,4448107135
Focus Diagnostics Centre & Speciality Clinics,pharmacy,12.9159162,77.6285313,"167 Outer Ring Road, Sector 6, HSR Layout Bangalore 560102",080670 85400,focushealth.in,,4448110384
Anand Diagnostic Laboratory,pharmacy,12.9162822,77.6130103,"94/1 16th Main Road, BTM Layout, IInd Stage, Near Udupi Garden Hotel, BTM 2nd Stage, Kuvempu Nagar, Stage 2, BTM Layout Bangalore 560076",080 2668 3415,https://www.anandlab.com/,,4448113329
Dr Lal PathLabs,hospital,12.924274,77.5680927,"#3 Ground Floor, 1st Phase, 2nd Stage, Oppo. Ias Colony Ground, BTM Layout, Mahadeshwara Nagar, Stage 2, BTM 2nd Stage Bangalore 560068",080 4091 6014,https://www.lalpathlabs.com/,,4448118314
Welnext,hospital,12.9242869,77.6532853,"65/8, Third Floor H.S.R Agara Circle, Sarjapura, Outer Ring Rd, Agara Village, HSR Layout Bangalore 560102",+9196960 00222,https://welnext.com/,,4448133411
Arpitha Medicals,pharmacy,12.8824999,77.5660055,Bengaluru,,,,4454837890
Government Hospital,clinic,12.907453,77.5785311,Bengaluru,,,,4456310690
Shyamala Medicals,pharmacy,12.8844038,77.5666691,Amruth Nagar Main Road Bengaluru,,,,4456317691
Sri Sai Ram Hospital,hospital,12.8943049,77.5682821,Kanakapura Road Bengaluru 560062,,http://www.srisairamhospital.com/,,4456339090
Diabetacare,clinic,12.894686,77.5685594,Kanakapura Road Bengaluru,,,,4456342889
Clumax diagnostics,clinic,12.9729847,77.6475018,Bengaluru,,,,4457282876
Specialist's Dental Clinic,dentist,12.8825322,77.5660077,Amruth Nagar Main Road Bengaluru,,,,4463038191
MedPlus,pharmacy,12.988962,77.6638451,Bengaluru,,,,4470988804
Center for Holistic Development,clinic,12.9803998,77.6466782,Bengaluru,,,,4472599289
Astra Medica,pharmacy,12.9485743,77.6826003,Bengaluru,,,,4474831691
Chitra Dental Clinic,dentist,12.9477799,77.6805886,Bengaluru,,,,4474836389
Tamara Hospital & IVF Centre,hospital,13.0044499,77.5530755,34/3 Vidhya Vardhaka Sangha Road bangalore 560010,+91 80 2337 0780,https://tamarahealthcare.com/,,4484938764
MedPlus,pharmacy,12.8910934,77.5946714,Bengaluru,,,,4486741294
Yeshakeerthi Chemicals,pharmacy,12.8987251,77.6393218,"194/1, Muneshwara Nagar, Behind Mmn Complex, Kattigenahalli Gate, Muneshwara Nagar, Hosapalaya, Garvebhavi Palya bangalore 560063",080 2847 8345,,,4487976019
Apollo Pharmacy,pharmacy,13.0027302,77.6348876,Bengaluru,,,,4506393240
Madhu Dental Implants,dentist,13.021032,77.5584863,Bengaluru,,,,4506403880
ChanRe Rheumatology and Immunology Center and Research,hospital,12.995573,77.5354215,Bengaluru,,,,4509817152
Sarang ENT care centre,doctors,12.9736773,77.6479562,"45 2nd cross, 515 Army Base Workshop colony Bengaluru",,,,4510470086
Anupama Hospital,hospital,12.9838763,77.4788534,Bengaluru,,,,4518518893
Deepa Hospital,hospital,13.0120509,77.6998816,Bangalore 560036,,http://www.deepahospital.creativotech.com/,,4528847591
"Manasa Hospital, Vijayanagar",hospital,12.9709463,77.5451059,Bengaluru 560040,,,,4533735695
MedPlus,pharmacy,12.9702038,77.5462546,Pipeline Road Bengaluru,,,,4533766391
Tejus hospital,clinic,12.9681925,77.5455125,Bengaluru 560023,,,,4534097697
Unique Medicals,pharmacy,12.9570571,77.5323251,14th Main Road Bangalore 560040,,,,4542480382
Agarahara Government Hospital,hospital,13.0957329,77.6273067,Bengaluru 560064,,,,4544234694
MedPlus,pharmacy,12.9072768,77.5469171,Dr. Vishnuvardhan Road Bengaluru 560061,,,,4545257890
MedPlus,pharmacy,12.9341008,77.6272181,Bengaluru,,,,4545940589
Nagarathna Hospital,hospital,12.9056092,77.5426964,Dr. Vishnuvardhan Road Bengaluru 560061,,,,4547191103
Lalitha Medicals,pharmacy,12.9055817,77.5428078,Konanakunte-Uttarahalli Road Bengaluru 560061,,,,4547191104
Annapurna Drug House,pharmacy,12.9058435,77.5429494,Dr. Vishnuvardhan Road Bengaluru 560061,,,,4547798857
Himalaya Medicals,pharmacy,12.9087185,77.5484931,Dr. Vishnuvardhan Road Bengaluru 560061,,,,4547821436
Ramana Rao's clinic,hospital,13.0130826,77.5761449,Bengaluru,,,,4552286367
Government Maternity Home,hospital,12.9983402,77.6200927,Bengaluru,,,,4577045761
Shastra,doctors,12.9921093,77.5380224,Bengaluru,,,,4577564293
Lucid Medical Diagnostics,hospital,12.9306876,77.5794541,46 3 Main Road Bengaluru 560082,08049364444,https://luciddiagnostics.com/,radiologylucid@gmail.com,4578753189
Medall Clumax Diagnostics,doctors,13.006013,77.5785274,1 Vyalikaval Main Road Bengaluru 560003,08049337777,https://www.medall.in/,,4578768492
Saldana Diagnostic Center,clinic,12.9978934,77.6203017,Bengaluru,,,,4582787590
Anu Pet Clinic,veterinary,13.0192963,77.633699,3 2nd A main Bengaluru 560084,+91 98440 04905,,,4583523289
Tooth Affair Dental Clinic,dentist,12.9851657,77.6736086,Bengaluru 560093,,,,4594344989
Bhadra Homeopathic Forum,doctors,12.9563554,77.65491,Bengaluru,,https://www.bhadrahomeo.com/,,4595659590
Cauvery Orthopaedic Centre,hospital,12.9984887,77.5504219,Bengaluru 560010,,,,4597833389
Life line clinic,clinic,12.9891957,77.663856,Bengaluru,,,,4599153790
Unnamed Medical Location,dentist,13.0036617,77.5484817,Bengaluru,,,,4599416991
SS Pharma & Surgicals,pharmacy,13.0017154,77.5507797,38 11th Cross Road Bengaluru 560010,,,,4599733255
Braces and Faces,dentist,13.0038982,77.5534338,Bengaluru,,,,4599733259
Sri Datta Medical,pharmacy,12.9759778,77.6548222,Bengaluru,,,,4602971318
Gheeta pharmacy,pharmacy,12.9760549,77.6547944,Bengaluru,,,,4602971404
"Apollo Bengaluru Cradle Limited, Jayanagar",hospital,12.9168014,77.5851878,Bengaluru 560011,,https://www.apollocradle.com/,contactus@apollocradle.com,4609603646
Ramdev medicals,pharmacy,12.8671576,77.5979433,Bengaluru,,,,4615699589
krishna medicals,pharmacy,12.8654816,77.5983391,Bengaluru,,,,4615699690
Vajradanta Dental Clinic,dentist,12.9300351,77.5411161,Bengaluru,,,,4617491993
Chowdeshwari Dental Clinic,dentist,12.929906,77.5415113,Bengaluru,,,,4617527589
MedPlus,pharmacy,12.9298098,77.5400027,Bengaluru,,,,4620181689
"Nethradhama Superspeciality Eye Hospital, Rajajinagar",hospital,12.997613,77.5509423,Bengaluru 560021,,,,4623723101
Unnamed Medical Location,pharmacy,12.9489389,77.7083529,Bengaluru,,,,4635147128
Sai Dental Clinic,clinic,12.9690294,77.7500256,Whitefield Main Road Bengaluru,08040904683; 08028456494,https://www.saidentalcarecenter.com,,4640317260
NIMHANS - Ashwini Block,hospital,12.9397588,77.59445,Bengaluru,,,,4680014207
Government Health Center,clinic,12.984816,77.6656733,Bengaluru,,,,4680308696
Grace dental,dentist,12.9907544,77.6638013,Bengaluru,,,,4680308697
Cure and Care,pharmacy,12.9861596,77.6700732,Bengaluru,,,,4686175590
Sai Dental,dentist,12.9861036,77.670047,Bengaluru,,,,4686180889
Kottakkal Aryavaidyasala,clinic,12.9861537,77.6708546,Bengaluru,,,,4688842193
Sathya Sai Lake Side Ortho Hospital,hospital,13.0215807,77.7128053,Bengaluru 560049,,,,4689872196
Comfort Multispeciality Hospital,hospital,12.9817167,77.6800412,Bengaluru 560093,,,,4690537789
Vidyaratnam oeshadhalaya,clinic,12.9816919,77.6799027,Bengaluru,,,,4690543990
ಕೋಟ್ಟಕಲ್ ಆರ್ಯ ವೈದ್ಯ ಶಾಲೆ,clinic,12.8353029,77.6846873,Bengaluru 560100,,,,4693513694
Sevabhaya hospital,clinic,12.9835135,77.554155,63 63rd Cross Road Bengaluru 560010,,,,4697889490
Express Clinic,clinic,13.0151589,77.6451446,805 2nd Cross Road Bengaluru,+91-080-42234552,,,4702180791
Unnamed Medical Location,pharmacy,12.9031397,77.7021165,Bengaluru,,,,4705492750
Sree Clinic and Laboratory,clinic,12.9989452,77.5497945,Bengaluru,,,,4716286889
Unnamed Medical Location,pharmacy,12.9899208,77.5944935,Bengaluru,,,,4716486089
National Institute of Mental Health and Neuro Sciences,hospital,12.9400669,77.5931597,Bengaluru 560029,08026995201;08026995000;08026995202,,,4729472422
NBRC(National Brain Research Center),hospital,12.9404277,77.5988406,Bengaluru,,,,4729478014
Apollo Pharmacy,pharmacy,13.0257868,77.6274472,1st Main Road Bengaluru,,,,4755979322
Primecare Pharmacy,pharmacy,13.0054971,77.6161129,Bengaluru,,https://primecare.in/,,4757433421
Vachani Vista,clinic,12.9320032,77.6229997,Bengaluru,,,,4772969935
Dr. Roshni's Tooth Planet Dental Clinic,hospital,12.9876335,77.6851595,#33 DRDO Phase 2 Main Road Bengaluru 560048,,,,4782423379
Manjunatha Medicals,pharmacy,13.0551743,77.6007325,Bengaluru,,,,4822629789
Religare Pharmacy,pharmacy,13.0132508,77.6497633,Banaswadi Main Road Bengaluru 560043,,,,4839771323
Cambridge Hospital,hospital,12.9716236,77.6273835,Bengaluru 560008,,,,4840185928
Suneel Pharma,pharmacy,12.9753996,77.6223913,Bengaluru,,,,4840186222
Respigen healthcare,hospital,12.9555357,77.5918347,Bengaluru,,,,4843104321
Maruti Medicals,pharmacy,13.0028658,77.6347877,Bengaluru,,,,4844863325
Shri Vishnu,pharmacy,13.0401108,77.6798879,Bengaluru,,,,4844863346
Primecare,pharmacy,13.0027812,77.6345924,Bengaluru,,,,4844863375
Medical Center,clinic,12.9791268,77.6154453,Bengaluru,,,,4844863387
Health and hijama clinic,clinic,13.0103924,77.6484101,Bengaluru,,,,4844865027
Kiran medicals,pharmacy,12.9945444,77.6159681,Bengaluru,,,,4844865046
Manjunatha,pharmacy,13.0072315,77.6403015,Bengaluru,,,,4844865050
Doctor's diagnostics Centre,hospital,13.014746,77.6357881,Bengaluru,,,,4844865057
Maruthi Medical's,pharmacy,13.0286188,77.6526542,Bengaluru,,,,4844867421
Unnamed Medical Location,pharmacy,13.0354235,77.6546479,Bengaluru,,,,4844867422
Manoj Medicals,pharmacy,12.9964814,77.621145,Bengaluru,,,,4844867524
Ridgetop dental,dentist,12.9725684,77.6205679,Bengaluru,,,,4846817423
Ancient China,clinic,12.9664015,77.6037829,Bengaluru,,,,4847287230
AT pharma,pharmacy,12.9410118,77.592838,Bengaluru,,,,4847824929
Jaisheel,pharmacy,12.9359972,77.5926337,Bengaluru,,,,4847845822
Prasad medicals,pharmacy,12.935905,77.5928069,Bengaluru,,,,4847845823
Guru medicals,pharmacy,12.9357029,77.59262,Bengaluru,,,,4847845824
Hosmat Hospital,hospital,13.0080001,77.5837482,Bengaluru,,,,4849107926
Ghousia,pharmacy,12.9430018,77.5944379,Bengaluru,,,,4849577732
Dental Clinic,dentist,12.9429116,77.5944353,Bengaluru,,,,4849577734
Ram Krishna Medicals,pharmacy,12.9422748,77.594039,Bengaluru,,,,4849577740
Bright Pharmacy,pharmacy,12.9416745,77.5935357,Bengaluru,,,,4849577745
Al Habeeb Dental Clinic and Implant Center,clinic,12.9418173,77.5938336,Bengaluru,,,,4849618944
Venkatagiri,pharmacy,12.9437303,77.5947351,Bengaluru,,,,4849618955
Shivagami Medicals and General Shop,pharmacy,13.0400656,77.6781209,Bengaluru,,,,4851635503
Bhagat Dental Clinic,clinic,13.0336328,77.6749574,Bengaluru,,,,4851692289
Chandru Medicals and General Stores,pharmacy,13.0336124,77.6748084,Bengaluru,,,,4851692290
VHC International,dentist,12.9680705,77.6702137,Bengaluru,,,,4899556156
V R Pharmacy,pharmacy,13.0284576,77.633619,Bengaluru,,,,4973060957
Metro Medical Center,pharmacy,13.0074875,77.5485022,Bengaluru,,,,4973098282
United Pharma,pharmacy,13.0562529,77.6330993,Bengaluru,,,,4973098299
Kripa Dental Clinic,dentist,13.0309274,77.6356152,Bengaluru,,,,4973416114
Apollo Pharmacy,pharmacy,13.0308563,77.6355484,Bengaluru,,,,4973416116
Dr. Satish skin & ENT clinic,clinic,12.9219428,77.589423,Bengaluru,,,,5004237649
Medical Center,clinic,12.9246345,77.500701,Bengaluru,,,,5015926778
Brindavan Pharma,pharmacy,12.9902704,77.5744146,Bengaluru,,,,5061380661
Hosmat Pharmacy,pharmacy,12.9671456,77.6103961,Bengaluru,,,,5061395356
Satya Medicals,pharmacy,12.9231241,77.5894363,Bengaluru,,,,5081989202
Indrani Clinic,doctors,12.9264403,77.5880677,Bengaluru,,,,5082019741
Manish Pharmacy,pharmacy,12.9263533,77.5880432,Bengaluru,,,,5082019747
Sharada Clinic,doctors,12.926352,77.5879715,Bengaluru,,,,5082019749
Homeoplus pharmecy,pharmacy,12.9625369,77.6422561,Bengaluru,,,,5104461623
Cloudnine Hospital Pvt. Ltd.,hospital,12.9597752,77.6569127,Bengaluru 560001,,,,5106809421
Subramanium Medicine Store,hospital,13.0090912,77.656317,Bengaluru,,,,5112187604
Columbiaa Hospital,hospital,13.0104342,77.6583242,Bengaluru 560041,,,,5112191947
Unnamed Medical Location,pharmacy,12.9734522,77.6513323,Bengaluru,,,,5155524816
MedPlus,pharmacy,12.9741949,77.6510648,Bengaluru,,,,5155524817
Kasturi Pharma and General Stores,pharmacy,12.9899364,77.5528432,Bengaluru,,,,5157373803
Altius Hospital,hospital,12.9849537,77.5569222,Bengaluru 560010,,,,5157373807
NS Medicals,pharmacy,12.9807333,77.6460337,Bengaluru,,,,5164913256
AK Medicals,pharmacy,12.9810738,77.6459692,Bengaluru,,,,5164983603
Renew Medical Center,clinic,12.9657964,77.6051237,Bengaluru,,,,5168658573
My Smile Dentist,dentist,12.9646066,77.6138001,Bengaluru,,,,5168668874
Santosh Pharma,pharmacy,12.9958589,77.6082728,Bengaluru,,,,5174892806
Mustafai Unani Pharmacy,pharmacy,12.9941962,77.6076009,Bengaluru,,,,5174892809
Bangalore Diabetes Hospital,hospital,12.9918415,77.5968531,Bengaluru,,,,5174903787
NU Hospitals,hospital,13.011845,77.5526061,Bengaluru,,,,5174994725
Specialists Dental Clinic,dentist,12.9967906,77.5734927,Bengaluru,,,,5175027890
Victory Homeospeciality Clinic,alternative,12.9967974,77.5735307,Bengaluru,,,,5175027891
Divya Dental clinic,dentist,12.9724613,77.649145,Bengaluru,,,,5191246969
Aswini clinic,clinic,12.9724554,77.6491752,Bengaluru,,,,5191246970
Sri Vinayaka Nursing Home,clinic,12.9729726,77.6463407,Bengaluru 560038,,,,5193886854
Dr. Shetty's Cosmetic Centre,clinic,12.9982738,77.5526311,Bengaluru,,,,5227399588
Pranam Dental and Medical Speciality Clinic,clinic,12.9870483,77.5785854,Bengaluru,,,,5229482742
Apollo Pharmacy,pharmacy,12.9867071,77.5796028,Bengaluru,,,,5229482743
Ambuja Healthcare,clinic,12.939466,77.5776226,Bengaluru,,,,5234720398
Eye Care Clinic,clinic,12.9288378,77.5868945,Bengaluru,,,,5234722031
V. S. Achar Multispeciality Hospital,hospital,12.9472091,77.5966914,Bengaluru 560027,,,,5234723863
Trust Medicals,pharmacy,12.948031,77.5972353,Bengaluru,,,,5234729473
Nature Cure Hospital,hospital,12.933223,77.5842632,1537/1 9th Main Road Jayanagar 3rd Block Bangalore 560011,+91 80 2663 1945;+91 80 2244 6035,https://www.jayanagarnaturecure.in/,infokpcpt@gmail.com,5234739990
Unnamed Medical Location,dentist,12.9231873,77.5893315,Bengaluru,,,,5234747382
City Health Care,clinic,12.9292156,77.5646498,Bengaluru,,,,5234807918
Ayurvedic Pharmacy,pharmacy,12.9467131,77.5692249,65 Bengaluru,,,,5246614722
ಬಾಲಾಜಿ ಮೆಡಿಕಲ್ಸ್,pharmacy,12.9334146,77.5626612,Bengaluru,,,,5249129421
Shilpa nursing home,clinic,12.9638701,77.5499513,Bengaluru,,,,5259407521
Government Hospital,hospital,12.966103,77.5549647,Bengaluru,,,,5259407821
"Emergency Block , NIMHANS",hospital,12.9403849,77.5945391,Bengaluru,,,,5265649228
Usha Vikranth Diagnostic Center and Hospital,hospital,12.9138086,77.5273633,Bengaluru,,,,5277512112
Oral Care,dentist,13.0237861,77.6373078,Bengaluru,,,,5292780518
Nethradhama Superspeciality Eye Hospital,hospital,12.9719805,77.6474011,Bengaluru 560038,,https://www.nethradhama.org/,nhplindr@nethradhama.org,5297145822
S Pandu,doctors,12.9553571,77.657218,Bengaluru,,,,5301733807
Shekhar Clinic,clinic,12.9306675,77.5474147,Bengaluru,,,,5302772311
MedPlus,pharmacy,12.9306492,77.547441,Bengaluru,,,,5302772313
Classic Smiles,dentist,12.937429,77.5490711,Bengaluru,,,,5304601871
Fracture and Ortho Clinic,clinic,12.9385197,77.5491576,Bengaluru,,,,5304601924
Ganesh Dental Care,dentist,12.9389981,77.5509755,Bengaluru,,,,5304601930
Dr. Natesh E.N.T and Surgical Care Centre,clinic,12.9391628,77.5513114,Bengaluru 560050,,,,5304601933
Seetha Medicals,pharmacy,12.9391798,77.551355,Bengaluru,,,,5304601934
Pushkal Multi-Specialty Dental Care,dentist,12.9392131,77.5517895,Bengaluru,,,,5304601946
Chiranjeevi Clinic,doctors,12.9388589,77.5520356,Bengaluru,,,,5304601955
Padmashree Clinic,doctors,12.9386711,77.5523947,Bengaluru,,,,5304601958
Jaganni Medicals and General Stores,pharmacy,12.9386733,77.5526257,Bengaluru,,,,5304601965
Basava Natural Healing Center,clinic,12.9386132,77.5527256,Bengaluru,,,,5304601966
Suraksha Medicals,pharmacy,12.9387648,77.5530495,Bengaluru,,,,5304601990
MedPlus,pharmacy,12.9388177,77.5528852,Bengaluru,,,,5304601993
Namratha Dental Clinic,dentist,12.9389229,77.5526364,Bengaluru,,,,5304601998
Unnamed Medical Location,pharmacy,12.9389135,77.5525787,Bengaluru,,,,5304602002
Virile Men's Health Clinic,clinic,12.9386112,77.5522723,Bengaluru,,,,5304602012
Adarsh Medical Center,pharmacy,12.9386903,77.5518841,Bengaluru,,,,5304602020
Srinivasa Clinic,doctors,12.9492282,77.5798434,Bengaluru,,,,5306746586
Children's Clinic,doctors,12.9495484,77.5802739,Bengaluru,,,,5306746599
Destination Dentale,dentist,12.9511978,77.5774106,Bengaluru,,,,5306751742
All Care Dental Centre,dentist,12.9524087,77.5773617,Bengaluru,,,,5306751762
Nagashri Medicals,pharmacy,12.9524904,77.5773248,Bengaluru,,,,5306751771
Maruthi clinic,clinic,12.9379792,77.6998965,Bengaluru,,,,5309958621
MedPlus,pharmacy,12.9562948,77.6603436,Bengaluru,,,,5338873922
Oral Health,dentist,12.9569548,77.660501,Bengaluru,,,,5338879923
Kottakkal Aruna Vaidya Sala,pharmacy,12.9273803,77.6162014,Bengaluru,,,,5349525426
Kannamangala Primary Health Center,hospital,13.0308849,77.7599564,Bengaluru,,,,5356991434
Unnamed Medical Location,dentist,12.9985202,77.5527956,Bengaluru,,,,5402224029
Unnamed Medical Location,dentist,12.9635407,77.597756,Bengaluru,,,,5402224036
Unnamed Medical Location,pharmacy,12.8598469,77.6081337,Bengaluru,,,,5402312923
Unnamed Medical Location,pharmacy,12.867905,77.5978285,Bengaluru,,,,5402312925
Telerad RXDX Kadugodi,hospital,13.0028637,77.7569157,Bengaluru,,,,5423028221
Government Veterinary Hospital,veterinary,12.9604789,77.6350036,Bengaluru,,,,5469008922
Ward 113 PHC,clinic,12.9611724,77.6346628,Bengaluru,,,,5469022921
Mahadev Medical and General Store,pharmacy,12.9691864,77.693647,Bengaluru,,,,5503164671
Hebbal Medical Center,clinic,13.0562451,77.6012716,Bengaluru,8105999980,,,5520247374
D care speciality dental clinic,dentist,13.0553127,77.6012466,Bengaluru 560092,,,,5520247469
Physiotherapy clinic,clinic,13.0552316,77.6012225,Bengaluru,9731273126,,,5520247470
Sandeep medicals,pharmacy,13.0553658,77.6030345,Bengaluru,,,,5520247493
We care clinic,clinic,13.0553431,77.6018446,Bengaluru,,,,5520248052
Krishna Clinic,clinic,13.0558683,77.6001085,Bengaluru,,,,5520248633
We care clinic,clinic,13.0554023,77.6020789,Bengaluru,,,,5520248783
Ayushmitra clinic,clinic,13.0554795,77.6023622,Bengaluru,,,,5520250461
Sham's Child and Adult Care,clinic,13.055404,77.6027452,Bengaluru,,,,5520252188
Care Health,hospital,13.0552027,77.6028234,Bengaluru 560024,,,,5520252375
Rangalakshmi Netralaya,clinic,13.0554599,77.6031448,Bengaluru,,,,5520252462
Sri Vinayaka Diagnostic Laboratory,clinic,13.0554013,77.6032044,Bengaluru,,,,5520252723
Anaga dental clinic,dentist,13.0755106,77.6027241,Bengaluru,,,,5524163949
Amruth Clinic,clinic,13.0687767,77.6034496,Bengaluru,,,,5524163958
Dr Bhanus Skin Clinic,clinic,13.0726064,77.6022452,Bengaluru,,,,5524164984
Zenith Dental,dentist,13.0728174,77.6028981,Bengaluru,,,,5524164985
Sri sai sankara pharm,pharmacy,13.0687552,77.6034879,Bengaluru,,,,5524164987
Apollo Pharmacy,pharmacy,13.0728093,77.6032468,Bengaluru,,,,5524165027
Dento world,dentist,13.0551777,77.6013724,Bengaluru,,,,5524165029
Ramdev Medical,pharmacy,12.9708488,77.7120993,Bengaluru,,,,5536102144
Sai Ram Medicals,pharmacy,12.9760847,77.6377952,Bengaluru,,,,5537917022
Physio,physiotherapist,13.0089319,77.5804278,Bengaluru,,,,5553667223
Amar Medicals,pharmacy,12.9744474,77.6394513,Bengaluru,,,,5585615826
Sri Balaji Medicals,pharmacy,12.9744956,77.6381464,Bengaluru,,,,5585629422
Sri Banashankari Medicals,pharmacy,13.0021577,77.5526639,Bengaluru,,,,5602313541
Unnamed Medical Location,clinic,13.0020126,77.5521886,Bengaluru,,,,5602313543
Vinayaka Clinic,clinic,12.9090385,77.5529858,15/1 Garden School Road Bengaluru 560061,,,,5615139109
Apollo Pharmacy,pharmacy,12.9864932,77.5558162,Bengaluru,,,,5623433261
Shri Kaushika Dental Clinic,clinic,12.985206,77.5557887,Bengaluru,,,,5623433275
Magi Orthodontic Dental Care Centre,dentist,12.9898399,77.5554641,Bengaluru,,,,5624262711
Deepashri Clinical Laboratory,clinic,12.9898418,77.555723,Bengaluru,,,,5624262715
Sree Prabhu Medical Centre,pharmacy,12.9880221,77.5558457,Bengaluru,,,,5624263031
Guru Raghavendra Clinic,clinic,12.9092991,77.5516337,Garden School Road Bengaluru 560061,,,,5626258365
Guru Raghavendra Medical Store,pharmacy,12.9093132,77.5515743,Garden School Road Bengaluru 560061,,,,5626258366
Sridhar Medicals,pharmacy,12.9155219,77.5617083,"26/26 Subramanyapura Main Road, Bendre Nagar Bengaluru 560070",,,,5626258372
Kotakkal Arya Vaidyasala,pharmacy,12.9726229,77.6487956,Bengaluru,,,,5650867027
The Skin and Cosmetic Clinic,clinic,12.9746231,77.6358561,Bengaluru,,,,5661159423
Sri Shankara Cancer Hospital And Research Centre (A Service Unit Of Sscf),hospital,12.9542624,77.5709473,"1st cross, Shankar math premises Bengaluru 560004",080-26981000,https://shankaracancerfoundation.org/,queries@sschrc.org,5716797221
Dr G S Palaksha Psychatrist,doctors,12.9759272,77.6381679,Bengaluru,,,,5722218821
MM Clinic,clinic,12.9743525,77.6385763,Bengaluru,,,,5738207822
Vasan Eye Care,clinic,12.9685226,77.7494774,Bengaluru,,,,5772000761
Apollo Pharmacy,pharmacy,12.9129311,77.6796119,Bengaluru,,,,5807148408
Ivory Dental,dentist,12.9638073,77.7121179,Bengaluru,,,,5812487527
Axiss Dental,dentist,12.9620286,77.7133477,Bengaluru,,,,5812487968
Maa Sheshasayi Multi Speciality Dental Clinic,dentist,12.9616685,77.7134295,Bengaluru,,,,5812487970
Vathsalya Speciality Hospital,hospital,12.9939752,77.5391801,Bengaluru 560079,,,,5825292845
Brothers Chemists,pharmacy,12.908506,77.6836249,Bengaluru,,,,5841544305
Lakeside Medical Centre and Hospital,hospital,12.9878631,77.6177434,Bengaluru,,,,5862574185
Maruthi Hospital,hospital,12.9677607,77.5413282,Bengaluru 560072,,,,5879132707
Aparna Hospital,hospital,12.9362087,77.616947,Bengaluru,,,,5915195092
Apollo Spectra Hospitals,hospital,12.9338175,77.6201615,Bengaluru,,,,5915409411
Pragathi Homeo Pharmacy,pharmacy,12.9255085,77.6343557,Bengaluru,,,,5915906203
Sankeerthana Hospital and Fertility Center,hospital,12.9256013,77.6359638,Bengaluru 560034,,,,5915906204
Ohan's Dental Care,dentist,12.9898921,77.5536704,Bengaluru,,,,5922660388
Seetha Medicals & General Store,pharmacy,12.9899104,77.5531138,Bengaluru,,,,5922660393
Jayashree Multi Specilaity Hospital,hospital,12.881611,77.6260763,Bengaluru 560068,,,,5959076193
Apollo Clinic,clinic,12.9138052,77.6366855,Bengaluru,,,,5961324191
Pooja Medicals,pharmacy,13.0482293,77.6289439,Bengaluru,,,,5966255485
Sri Varsha Medicals and General Store,pharmacy,13.0532004,77.6313378,Bengaluru,,,,5966255489
Ram Medicals,pharmacy,13.0533271,77.6313861,Bengaluru,,,,5966255490
Krishna Medicals,pharmacy,13.066957,77.6361282,Bengaluru,,,,5966255496
Bangalore Prime Hospital,hospital,13.066842,77.6390545,Bengaluru,,,,5966255497
CyteCare,hospital,13.118638,77.6078781,Bengaluru,,,,5983331355
Unnamed Medical Location,pharmacy,12.8971848,77.5964653,Bengaluru,,,,6062776586
Kiran Medical Store,pharmacy,12.9332568,77.6296592,Bengaluru,,,,6067868839
Sri Lakshmi Medicals,pharmacy,12.9006451,77.5866036,"23rd main, Ramana Road, Ayodhya Nagar Bengaluru",,,,6073524584
Sri Balaji Speciality Clinic & Diagnostic Center,clinic,12.900671,77.5866393,"23rd main, Ramanna road, JP nagar, 5th phase Bengaluru",,,,6073529014
JP Nagar Clinic,clinic,12.9006755,77.5872566,"22nd B Main, Ramanna Road, JP Nagar 5th Phase Bengaluru",,,,6073587023
MedPlus,pharmacy,12.9005012,77.5859088,"24th main, JP Nagar, 5th Phase Bengaluru",,,,6075065398
Prem Pharmacy,pharmacy,12.9006994,77.5872673,22nd B Main Road Bangalore 560078,,,,6075096734
Sahasrara Neurosciences Clinic,clinic,12.8998226,77.5859426,"24th main road, 5th phase, JP Nagar Bengaluru",,,,6082612990
Smile Dental,dentist,12.9007289,77.5874648,"18th Cross Road, JP Nagar, 5th Phase Bangalore 560078",,,,6082778309
Moulya Medicals,pharmacy,12.9883671,77.5356916,Bengaluru,,,,6093573541
Shiva Vision Care,hospital,12.9366526,77.6277125,Bengaluru,,,,6124618183
Sri Radha Krishna Clinic,clinic,12.9710931,77.6942293,Bengaluru,,,,6202625760
Unnamed Medical Location,clinic,12.9746844,77.6939404,Bengaluru,,,,6202625761
Sri Manikanta Polyclinic,clinic,12.9441674,77.5266203,Bengaluru,,,,6216470853
Bengaluru Drug House Pharmacy,pharmacy,12.9017016,77.5857953,Bengaluru,,,,6338071473
Medical Center,hospital,13.0711049,77.5781394,Bengaluru,,,,6380900077
apollo medical shop,hospital,12.8437851,77.6659275,Bengaluru,,,,6385321492
Sujatha Hospital,hospital,12.9781293,77.6372391,Bengaluru,,,,6393830707
Dr Paul's Dental Health Care,dentist,12.9700362,77.6490416,Bengaluru,,,,6428203485
PCMH Restore Health,clinic,12.9882645,77.573415,Bengaluru,8971544066,,,6440329525
Apoorva Diagnostic Centre,laboratory,12.97855,77.6378535,Bengaluru 560038,,,,6449231700
Ramakrishna Math Charitable Dispensary,clinic,12.9807967,77.6297271,Bengaluru,,,,6455766772
Suresh Pharma,pharmacy,12.9777866,77.6302967,Bengaluru,,,,6458991781
Patil Hospital,hospital,13.011214,77.6979598,"Sri Thimappa Complex, Old Madras Road, KR Puram, Below Syndicate Bank Bangalore 560036",080 2561 3891,,,6464656077
New Modern Clinic,clinic,12.9861643,77.5491935,Bengaluru,,,,6464656297
Surya Pharmaceuticals,pharmacy,12.9528,77.536684,Bengaluru,,,,6464656301
Arth Ayurvedic Health Centre,clinic,12.9685789,77.6457822,Bengaluru,,,,6497020524
The Eye Surgical Centre,hospital,12.9821954,77.5493143,Bengaluru 560010,,,,6502980174
Aditya Pharma,pharmacy,13.0188757,77.7043818,Bengaluru,,,,6504220492
SLV medicals,pharmacy,13.0184585,77.7043667,Bengaluru,,,,6504220587
RNP Dental Orthodontic Care Centre,dentist,12.9976288,77.546993,Bengaluru,,,,6546848154
Nayan Drugs and Opticals,pharmacy,13.0078107,77.5484819,Bengaluru,,,,6570421952
Dr. Vageesh Aiyyar's Clinic,clinic,12.9776998,77.644514,694 9th A Main Bengaluru,+91-93423 80312,,,6570619035
Frank Ross Pharma,pharmacy,13.0173749,77.5627034,Bengaluru,,,,6577115604
Tibetan Healing & Wellness Center,clinic,12.9713553,77.6066004,A019 Ashok Nagar Bangalore 560 025,+91 80 2552 1135,,,6584009976
Omega Multispeciality Hospital,hospital,13.1001877,77.5813432,Bengaluru 560064,,,,6630713206
NDR Hospital,hospital,13.0957808,77.5792872,Bengaluru,,,,6630713207
Arya Vaidya Sala Kottakkal,alternative,12.9411928,77.5839159,"No. 14/1, Marudeva Enclave 2nd block, Jayanagar Bengaluru",08026572956,https://aryavaidyasala.com/,,6657682972
Health Gate Diagnostics & Multi-speciality clinic,clinic,12.8791199,77.6382724,"No. 739, 12th Main AECS layout, B Block, Singasandra Bengaluru 560068",7338393399,,healthgateaecs@gmail.com,6657899664
Apollo Clinic,clinic,12.8743639,77.6406876,Bengaluru,,,,6658119310
Apollo Pharmacy,pharmacy,12.8772412,77.6390888,Bengaluru,,,,6662095307
MedPlus,pharmacy,12.8774214,77.6388932,Bengaluru,,,,6677364002
Udaya Clinic,clinic,12.9846479,77.5717284,Bengaluru,,,,6681215508
Prashanthi Ayurvedic Centre,pharmacy,12.9963828,77.5508957,Bengaluru,,,,6681254105
Sabka Dentist,dentist,12.9889656,77.5561219,Bengaluru,,,,6681254110
Apollo Pharmacy,pharmacy,12.9509966,77.7156459,Sai Baba Temple Road Bangalore 560037,,,,6690503525
Your's pet,veterinary,12.8989162,77.6566393,"Shop #1, Sy No 30, Opp Vibgyor High School Reliable Residency Layout, Somasundrapalya, Harlur Road, HSR Layout 2nd Extn Bengaluru 560102",7204522768,,swatimvc@gmail.com,6698658814
Homoeo Mart,pharmacy,12.9993177,77.5502049,Bengaluru,,,,6711246907
Apollo Pharmacy,pharmacy,12.9745565,77.67873,Bengaluru,,,,6771722368
Imperial Diagnostic Center,laboratory,13.0665886,77.5963966,Bengaluru,,,,6779089035
Venus Bone & Joint Centre,hospital,13.0665572,77.59647,Bengaluru,,,,6779119335
Sri Srinivasa Medical Centre,pharmacy,13.0665416,77.596517,Bengaluru,,,,6779132020
SLR Pharma,pharmacy,13.0605479,77.588392,Bengaluru,,,,6782951690
Amrithasai Dental Clinic,clinic,13.0665055,77.5966478,Bengaluru,,,,6783371675
Ramdev Medicals,pharmacy,12.9069485,77.6755708,Bengaluru,,,,6801839054
Lourdes High School,hospital,13.0182102,77.540004,Bengaluru,,,,6807542967
Boregowda Lingamma Hospital,hospital,13.016705,77.539386,Bengaluru,,,,6807551928
Kanva Hospital,hospital,13.0175606,77.5394308,Bengaluru,,,,6807551937
Kengeri Upanagara Government Hospital,hospital,12.9156896,77.4808065,Bengaluru 560060,,,,6809801083
Yogananda Multi Speciality Hospital,hospital,12.9158516,77.5593919,Bengaluru 560070,,,,6852266953
Dr. Agrawal's Eye Hospital,hospital,12.9998982,77.5501121,Bengaluru 560004,,,,6855409793
"Cloud Nine, Jayanagar",clinic,12.934003,77.5841388,3rd block Bengaluru 560011,18605009999,https://cloudninecare.com/,info@cloudninecare.com,6859403549
Aarthi Diagnostics,laboratory,12.934971,77.5838674,9th main road Bengaluru,+91 7022470224,,,6859410961
Yashomathi Medicare and Research Centre Private Limited Blood Bank,blood_donation,12.9558075,77.7112609,Bengaluru 560037,8043221019,,,6886594758
Mysore Road Hi-Tech Pharma,pharmacy,12.9424879,77.5258827,Bengaluru,,,,6899554649
MedPlus,pharmacy,12.9680666,77.5301763,Bengaluru,,,,6908926514
Maithriye Clinic,clinic,12.9195379,77.6328425,Bengaluru 628008,,,,6936708036
Deepti Nursing Home,clinic,12.9438106,77.5974722,Bengaluru 560030,,,,6937688998
"Shanthi Nursing Home, Bengaluru Urban",clinic,12.9230293,77.5867903,679 11 Main Road Bengaluru 560011,,,,6937718217
J B S Nursing Home,clinic,12.9208019,77.5872302,Bengaluru 560082,,,,6937721191
Ashok Hospital,hospital,12.9948905,77.5347984,Bengaluru 560079,,,,6937748988
"Kumar Nursing Home, Bengaluru Rural",clinic,12.959352,77.567929,Bengaluru 562135,,,,6937761221
"Ravi Nursing Home, Bengaluru Rural",clinic,13.0975413,77.3951344,Bengaluru 562123,,,,6937770579
Balaji Hospital and Gastroenterology Center,hospital,12.9376087,77.5666429,Bengaluru 560019,,,,6937814427
J P Dental Clinic,dentist,12.9418644,77.6163161,Bengaluru 560095,,,,6937841407
Abhay Hospital,hospital,12.9517481,77.4939886,Bengaluru 560056,,,,6937844482
Chaitanya Hospital,hospital,13.0237316,77.5941463,Bengaluru 560032,,,,6937890455
Dr. B. Venkatasubbarao Memorial Hospital,hospital,12.9981979,77.568151,Bengaluru 560003,,,,6937892396
"South City Hospital, Bengaluru Urban",hospital,12.9497745,77.5802779,Bengaluru 560004,,,,6937898160
Curad My Center For Diabetes,clinic,13.0020449,77.5723708,Bengaluru 560003,,http://dpal.kar.nic.in/Kanunu%20padakosha%20PDF%20Files/Recognised%20Hospitals.pdf,,6937909849
M S Ramaiah Harsha Hospital,hospital,13.0856858,77.4127015,Bengaluru 562123,,,,6937956957
Kids Care Health Centre,clinic,13.0261691,77.5984029,Bengaluru 560032,,,,6937963276
"Sri Sai Hospital, Bengaluru Urban",hospital,13.0370143,77.6238732,Bengaluru 560043,,,,6938005237
Jupiter Hospital And Institute Of Vascular Surgery,hospital,12.9998457,77.5663653,Bengaluru 560003,,,,6938414183
"Srinivasa Nursing Home, Bengaluru Urban",clinic,13.0227778,77.5182116,Bengaluru 560058,,,,6938465166
Karthik Nethralaya,clinic,12.9377943,77.5650564,Bengaluru 560050,,https://www.karthiknetralaya.com/,info@karthiknetralaya.com,6938466198
"Shreyas Hospital, Bengaluru Urban",hospital,12.9829857,77.5309655,Bengaluru 560043,,,,6938540502
Ashirwad Hospital,hospital,13.0289685,77.6045479,Bengaluru 560032,,,,6938547661
N.D.R. Hospital,hospital,13.0965172,77.5787745,Bengaluru 560064,,,,6938637677
N.R.V Hospital,hospital,13.1631138,77.6293449,Bengaluru 562157,,,,6938637678
Amma Poly Clinic and Materinity Home,clinic,13.0204141,77.6735102,Bengaluru 560016,,,,6938651815
Asha Kiran Children & Women Health Care Centre,hospital,13.0263529,77.5933929,Bengaluru 560032,,,,6938653696
Aditya Netralaya,clinic,12.9244632,77.5535296,Bengaluru 560085,,https://adityanetralaya.com/,adityanetralaya@gmail.com,6938675648
"Akshaya Nethralaya, Nagarabhavi Circle",clinic,12.9575968,77.5189881,Bengaluru 560072,,http://dpal.kar.nic.in/Kanunu%20padakosha%20PDF%20Files/Recognised%20Hospitals.pdf,,6938679850
Krishnadevaraya Hospital And Research Centre,hospital,13.1498837,77.608248,Bengaluru 562157,,,,6938685761
Y K Hospital,hospital,12.7796608,77.6347804,Bengaluru 562106,,,,6938689694
"Mission Hospital, Bengaluru Rural",hospital,13.0744104,77.7835518,Bengaluru 562114,,,,6938690199
Radha Maternity and Surgical Hospital,hospital,12.9690441,77.5688544,Bengaluru 560053,,,,6938690597
"Hitech Kidney Stone Hospital, Bengaluru Urban",hospital,12.9878104,77.5809833,Bengaluru 560001,,http://www.hitechkidneystonehospital.org/,,6938690598
Sri Dhavantari Ayurveda Hoapital,hospital,12.9822186,77.5599374,Bengaluru 560010,,,,6938690600
"Spandana Nursing Home, Bengaluru Urban",clinic,12.9848505,77.5581537,Bengaluru 560010,,,,6938690601
Jinka Nursing Home,clinic,12.9845343,77.5532775,Bengaluru 560010,,,,6938690602
Vaidyam Hospital,hospital,12.9845512,77.5528322,Bengaluru 560040,,,,6938690603
Suresh Hospital - Bangalore,hospital,12.9897745,77.5551014,Bengaluru 560010,,,,6938690604
Sukruthi Eye Care Microsurgical Centre,clinic,13.0020083,77.5763887,Bengaluru 560003,,,,6938690611
Indira Eye Clinic,clinic,13.0004311,77.5663774,Bengaluru 560003,,,,6938690612
Lakshmi Maternity Home,hospital,13.0058226,77.5694512,Bengaluru 560055,,,,6938690614
Shaker Nursing Home,clinic,13.0074887,77.5708352,Bengaluru 560003,,,,6938690615
Chhaya Nursing Home,clinic,13.0079604,77.5624908,Bengaluru 560055,,,,6938690620
Manjunatha Maternity Home and Surgical Centre,hospital,13.0077265,77.5696993,Bengaluru 560055,,,,6938690621
Samprathi Eye Hospital And Squint Centre,hospital,12.9932806,77.580691,Bengaluru 560020,,https://squinteyehospital.com/,info@squinteyehospital.com,6938690626
Shankara Nethralaya Eye Hospital,hospital,13.0089953,77.5406188,Bengaluru 560096,,,,6938690629
Supra South City Hospital,hospital,12.8919509,77.5799654,Bengaluru 560078,,,,6938692472
"Indira Hospital, Bengaluru Urban",hospital,12.7893233,77.6272005,Bengaluru 562106,,,,6938693547
ChanRe Rheumatology and Immunology Center and Research,hospital,12.9992083,77.550269,Bengaluru 560010,080 - 42516699,https://www.chanrericr.com/,info@chanrericr.com,6938695148
Chandana Hospital,hospital,12.9579894,77.5114394,Bengaluru 560072,,,,6938695149
"J M J Hospital, Bengaluru Urban",hospital,13.0398217,77.6230843,Bengaluru 560045,,,,6938695174
G E F Eye Hospital,hospital,13.0672067,77.7802707,Bengaluru 562114,,,,6938695175
Bangalore Piles Clinic,clinic,12.9844415,77.603471,Bengaluru 560051,,,,6938701191
Kempanna Nursing Home,clinic,13.0736677,77.786977,Bengaluru 562114,,,,6938702728
Sankalpa Nursing Home,clinic,12.941871,77.6081394,Bengaluru 560030,,,,6938704941
Sri Krishna Hospital,hospital,12.9215013,77.5655432,Bengaluru 560070,,,,6938708338
Malleswaram Eye Day Care Hospital - Bengalore,hospital,12.9966677,77.5716037,Bengaluru 560003,,,,6938717990
Mahaveer Eye Hospital Private Limited,hospital,12.9933551,77.5729595,Bengaluru 560020,,http://dpal.kar.nic.in/Kanunu%20padakosha%20PDF%20Files/Recognised%20Hospitals.pdf,,6938717991
"Jayashree Nursing Home, Bengaluru Urban",clinic,12.99111,77.5777982,Bengaluru 560020,,,,6938717992
Bilva Hospital,hospital,12.9989833,77.5802015,Bengaluru 560003,,,,6938717993
"Nethradhama Superspeciality Eye Hospital, Jayanagar",hospital,12.9256932,77.5773127,Bengaluru 560082,,https://www.nethradhama.org/,,6938727983
Dr Agarwals Eye Hospital Ltd,hospital,12.9122295,77.5994906,Bengaluru 560076,,,,6938741378
Sri Venkateshwara Hospitals,hospital,12.926471,77.6167399,Bengaluru 560068,,http://dpal.kar.nic.in/Kanunu%20padakosha%20PDF%20Files/Recognised%20Hospitals.pdf,,6938758526
"Nova Specialty Surgery Center, Koramangala",hospital,12.9339097,77.620208,Bengaluru 560034,,www.novaspecialtysurgery.com,info@novamedicalcenters.com,6938759412
Fosa Humanitarian Hospital,hospital,12.8130672,77.5825109,Bengaluru 560083,,,,6938762135
C.S. Hospital,hospital,12.9118831,77.5528805,Bengaluru 560063,,,,6938772336
Sri Kalabyraveshwara Swamy Ayurvedic Medical College hospital,hospital,12.9650437,77.5435022,Bengaluru 560104,,http://skayurvediccollegeandhospital.com/,skamcBengaluru@gmail.com,6938774143
"Anugraha Hospital, Vijayanagar",hospital,12.9765645,77.5455876,Bengaluru 560079,,,,6938775801
Anugraha Nursing Home,clinic,12.9989898,77.5776748,Bengaluru 560003,,,,6938775802
Apple Hospital,hospital,13.103924,77.5837862,Bengaluru 560083,,,,6938775815
Amar Hospital,hospital,12.9711822,77.5781228,Bengaluru 560053,,,,6938775840
Retina Institute Of Karnataka,hospital,12.95727,77.5640827,Bengaluru 560018,,https://www.retinainstitute.org/,retinaKarnatakaa@gmail.com,6938775845
The Venlakh Hospital,hospital,12.9572978,77.5644522,Bengaluru 560018,,,,6938775846
Jubilee Nursing Home,clinic,12.9583613,77.5713274,Bengaluru 560018,,,,6938775851
Medikeris Superspecaility Ent Centre,clinic,12.9463129,77.5796349,Bengaluru 560004,,http://www.medikerihospital.com/,,6938775853
Vishwabharathi Hospital Pvt. Ltd,hospital,12.9406698,77.5644596,Bengaluru 560019,,,,6938775854
"Sunetra Eye Hospital, Bengaluru Urban",hospital,12.9404548,77.5578493,Bengaluru 560050,,,,6938775855
Sri Vivekananda Sevashrama,hospital,12.9253299,77.5711893,Bengaluru 560070,,,,6938775856
Saraswathi Hospital,hospital,12.9276382,77.568896,Bengaluru 560070,,,,6938775857
Bangalore Nethralaya,clinic,12.9266919,77.5648968,Bengaluru 560070,,,,6938775867
National Institute of Mental Health and Neuro Sciences,hospital,12.9386321,77.5944105,Bengaluru 560029,,https://nimhans.ac.in/,rmo@nimhans.kar.nic.in;ms@nimhans.kar.nic.in,6938777910
Netraspandana Healthcare and Research Pvt. Ltd,hospital,12.9291283,77.5461361,Bengaluru 560072,,,,6938777925
North City CT Scan,hospital,13.0945892,77.594104,Bengaluru 560064,,,,6938777940
Nu Trust,hospital,12.9176216,77.5550705,Bengaluru 560070,,,,6938777945
Ojus Healthcare (Nirmaya Clinic),clinic,12.963001,77.7179866,Bengaluru 560037,,,,6938777946
"Padmavathi Hospital, Bengaluru Urban",hospital,12.9817311,77.5333714,Bengaluru 560079,,,,6938777957
Panchamukhi Specialityu Hospital,hospital,12.9957177,77.5031644,Bengaluru 560091,,,,6938777962
Sri Lakshmi Multi Speciality Hospital,hospital,12.9881868,77.5087273,Bengaluru 560054,,,,6938779562
K C Raju Multi Speciality Hospital,hospital,13.0090828,77.6235594,Bengaluru 560043,,,,6938781514
Ring Road Hospital,hospital,12.9278657,77.5519297,Bengaluru 560085,,,,6938783140
"Vasan Eye Care Hospital, Bannergatta Road",hospital,12.8822813,77.5957945,Bengaluru 560076,,http://www.vasaneye.in/,,6938787285
Varalakshmi Hospital,hospital,12.924624,77.6170966,Bengaluru 560068,,,,6938790393
Kala Hospital,hospital,13.0223669,77.5587304,Bengaluru 560022,,,,6938794412
F.M. Eye Clinic and Surgical Centre,clinic,12.9995426,77.6107599,Bengaluru 560005,,,,6938799261
Sankalp Netralaya and Polyclinic,clinic,12.9132125,77.6448494,Bengaluru 560102,,https://sankalpnethralaya.com/,info@sankalpnethralaya.com,6938819159
Sri Raghava Childrens And General Hospital,hospital,12.7804299,77.7707067,Bengaluru 562107,,,,6938824058
Mathrushree Nethralaya,clinic,13.0333056,77.5558276,Bengaluru 560056,,,,6938860232
"Shekhar Hospital, Jayanagar",hospital,12.917589,77.5948906,Bengaluru 560039,,,,6938863247
Rajalakshmi Hospital,hospital,13.0842019,77.5308891,Bengaluru 560097,,,,6938864290
CGHS Dispensary No.9,clinic,13.0228314,77.5863478,Bengaluru,,http://nb.bsf.gov.in/CGHS%20DIspenseries.pdf,,6938864296
CGHS Dispensary No.6,clinic,12.9417462,77.580349,Bengaluru 560011,,http://nb.bsf.gov.in/CGHS%20DIspenseries.pdf,,6938864297
CGHS Dispensary No.5,clinic,12.973992,77.5410224,Bengaluru 560040,,http://nb.bsf.gov.in/CGHS%20DIspenseries.pdf,,6938864298
CGHS Dispensary No.4,clinic,12.976032,77.6254061,Bengaluru 560004,,http://nb.bsf.gov.in/CGHS%20DIspenseries.pdf,,6938864303
"Sharada Hospital, Bengaluru Rural",hospital,13.0966204,77.3972158,Bengaluru 562123,,,,6938868529
Shantha Nethralaya,clinic,12.9491537,77.5978383,Bengaluru 560027,,,,6938868534
"Shanmuga Nursing Home, Bengaluru Urban",clinic,13.0241654,77.6033556,Bengaluru 560032,,,,6938868535
Shankar Nursing Home and Diagnostic Labratory,clinic,13.0103817,77.7064115,Bengaluru 560034,,,,6938868536
"Vasan Eye Care Hospital, Sarakki",hospital,12.9103393,77.5732398,Bengaluru 560078,,http://www.vasaneye.in/,,6938876210
Lions Airport City Hospital,hospital,12.9551501,77.7051643,Bengaluru 560037,,,,6938889541
Mahanth Hospital,hospital,12.9079615,77.6235715,Bengaluru 560068,,,,6938896388
Dewans Maternity and Nursing Home,clinic,13.0086882,77.6431717,Bengaluru 560033,,,,6938900156
Sunayana Eye Hospital,hospital,12.9255233,77.5937748,Bengaluru 560041,,https://sunayanaeyehospital.com/,info@sunayanaeyehospital.com,6938912267
"Lakshmi Hospital, Ganganagar",hospital,13.024837,77.592089,Bengaluru 560032,,,,6938948962
Lokhande S Hospital,hospital,13.0186045,77.6479433,Bengaluru 560043,,,,6938949273
Mirlay Eye Care,clinic,12.9911349,77.6126146,Bengaluru 560005,,,,6938958216
Ragavs Diagnostic and Research Centre Pvt Ltd,clinic,12.9336404,77.5829253,Bengaluru 560011,,,,6938986583
Dr. T.V.Ramesh Piles Hospital,hospital,13.0250141,77.5856289,Bengaluru 560032,,https://www.pilesramesh.com/,,6938988776
Amar Nursing Home,clinic,12.9566544,77.5635275,Bengaluru 560018,,,,6938988878
N.R. Amar Nursing Home,clinic,12.9421755,77.5941208,Bengaluru 560011,,,,6938992706
Bharathi Nursing Home,clinic,12.9366323,77.5740431,Bengaluru 560004,,,,6938992707
Dr Kamini Rao Hospital(A Unit Of Bacc Health Care Pvt Ltd),hospital,12.9163994,77.5847384,Bengaluru 560041,,,,6938995621
Saraswathi Poly Clinic,clinic,13.1001759,77.5956731,Bengaluru 560064,,,,6939017804
Venkatagiri Nursing Home,clinic,12.9347671,77.5873697,Bengaluru 560011,,,,6939039323
HCG,hospital,12.9605309,77.592659,Bengaluru 560027,,,,6939048258
Ramamni Nursing And Maternity,clinic,12.9856882,77.5565229,Bengaluru 560010,,,,6939061708
The Apollo Clinic For Health Check Up,clinic,12.8922411,77.5814514,Bengaluru 560078,06309937245,,,6939068111
Pratham Ent and Child Care Centre,clinic,13.0144467,77.6427305,Bengaluru 560033,,,,6939069014
Dr Ambedkar Medical College Hospital,hospital,13.0218188,77.613084,Bengaluru 560045,,http://www.bramc.org/,drbramc@rediffmail.com,6939074293
"Supriya Hospital, Bengaluru Urban",hospital,12.9929043,77.5588015,Bengaluru 560021,,,,6939075872
Manju Sree Hospital,hospital,13.0212406,77.6070739,Bengaluru 560032,,,,6939076687
Raj Mahal Vilas Hospital,hospital,13.0322819,77.5770459,Bengaluru 560094,,,,6939108450
"Kamala Nursing Home, Bengaluru Urban",clinic,12.9450536,77.5586486,Bengaluru 560019,,,,6939200255
Amrik Nethralaya,clinic,13.0195531,77.6443814,Bengaluru 560043,,,,6939221867
Devi Eye Hospital,hospital,12.9412109,77.6238987,434 18th Main Road Bengaluru 560095,,http://www.devieyehospital.in/,care@devieyehospital.in,6939253041
Essential Hospital,hospital,12.974865,77.5096312,Bengaluru 560072,,,,6939257334
Deepak Nursing Home,clinic,13.0497108,77.5042903,Bengaluru 560057,,,,6939278605
"Prasad Hospital, Bengaluru Rural",hospital,13.099244,77.3918822,Bengaluru 562123,,,,6939294579
Shree Vijayalakshmi Hospital and Trauma Centre,hospital,13.0373572,77.6409059,Bengaluru 560043,,,,6939311791
Kalasa Maternity Home,hospital,12.9548208,77.5672585,Bengaluru 560019,,,,6939319393
Kamala Nethralaya,clinic,12.9314314,77.6233582,Bengaluru 560034,,,,6939350511
CGHS Dispensary No.7,clinic,12.9251521,77.6245022,Bengaluru 560034,,http://nb.bsf.gov.in/CGHS%20DIspenseries.pdf,,6939418124
Sidvin Hospital Pvt Ltd,hospital,12.982442,77.5493681,Bengaluru 560010,,,,6939438895
Abhilash Hospital And Sara Rehabilitation Centre,hospital,12.9246384,77.5509238,Bengaluru 560085,,,,6939444286
"HCG, Koramangala",hospital,12.9343279,77.6228848,Bengaluru 560095,,https://www.hcgoncology.com/,,6939445234
"Uma Nursing Home, Bengaluru Rural",clinic,12.9063562,77.6302998,Bengaluru 560068,,,,6939448269
"Ganesh Nursing Home, Bengaluru Urban",hospital,12.8957636,77.6330289,Bengaluru 560080,,,,6939522367
Faran Health Care Centre,clinic,13.0278278,77.629825,Bengaluru 560043,,,,6939528387
Eskay Health Care,clinic,13.0614636,77.517997,Bengaluru 560015,,,,6939528388
Kavya Hospital,hospital,12.8987442,77.6263127,Bengaluru 560068,,,,6939562670
Sg Hospital,hospital,12.9275311,77.5457901,Bengaluru 560085,,,,6939582677
Anand Clinic,clinic,12.8981742,77.6058662,Bengaluru 560076,,,,6939632965
"Shekar Nethralaya, Bengaluru Urban",clinic,12.9064778,77.5959125,Bengaluru 560078,,www.shekarnethralaya.com,info@shekarnethralaya.com,6939642200
Shree Sai Dental Care,dentist,12.9544587,77.578733,Bengaluru 560004,,,,6939649022
Shreesha Dental Clinic,dentist,12.9879829,77.5366303,Bengaluru 560079,,,,6939656823
Bhagavan Mahaveer Jain Nethralaya,clinic,12.9878183,77.5725947,Bengaluru,,http://dpal.kar.nic.in/Kanunu%20padakosha%20PDF%20Files/Recognised%20Hospitals.pdf,,6939686660
Place Guttahalli Maternity Home,hospital,12.9988238,77.5819892,Bengaluru 560003,,,,6939699617
"Phoenix Hospital, Bengaluru Urban",hospital,12.9608027,77.5911717,Bengaluru 560027,,,,6939719899
"Shreya Hospital, Bengaluru Rural",hospital,12.9215104,77.4832503,Bengaluru 560060,,,,6944095844
"Vasan Eye Care Hospital, Banaswadi",hospital,13.0241341,77.6335546,Bengaluru 560043,,http://www.vasaneye.in/,,6944095845
Sudhanva Health Care,clinic,12.9162321,77.5165567,Bengaluru 560098,,,,6944095850
Mahesh Clinic,clinic,12.9717138,77.5770294,Bengaluru 560053,,,,6944096791
Sri Annapoorneshwari Hospital,hospital,12.9255704,77.4857756,Bengaluru 560060,,,,6944096856
"Vasan Eye Care Hospital, R.T.Nagar",hospital,13.0251833,77.5920609,Bengaluru 560032,,http://www.vasaneye.in/,,6944105329
Kims Hospital and Research Centre,hospital,12.9563016,77.5747874,Bengaluru 560004,,,,6944128588
"Shiva Nursing Home, Bengaluru Urban",clinic,12.9465876,77.6015028,Bengaluru 560030,,,,6944138100
Lalbagh Nursing Home & IVF Centre,clinic,12.9484796,77.5720472,Bengaluru 560011,,https://www.lalbaghivf.com/,,6944138101
Bhaanu Nursing Home,clinic,12.9074596,77.6274445,Bengaluru 560068,,,,6944138102
"Karthik Hospital, Bengaluru Urban",hospital,12.9489406,77.5949925,Bengaluru 560027,,,,6944138103
M.G. Speciality Health Care (A Unit Of Mgmi Hospitals(India) Pvt Ltd),clinic,12.9462401,77.5975627,Bengaluru 560027,,http://mgmihospitalsindia.com/,enquiry@mgmihospitalsindia.com,6944138104
Bangalore Kidney Stones Hospital,hospital,12.9670215,77.5892667,Bengaluru 560027,,,,6944138105
Sree Lakshmi Hospital,hospital,12.9825937,77.6814736,Bengaluru 560093,,,,6944143695
City Clinic,clinic,12.9273667,77.6160046,Bengaluru 560068,,,,6944161560
"Prashanthi Hospital, Ramanagara",hospital,12.7975651,77.3844726,Bengaluru 562109,,,,6944176079
"Abhaya Eye Hospital, Super Speciality Eye Care Centre",hospital,12.9271131,77.5471291,Bengaluru 560085,,http://www.abhayaeyehospital.com/,abhayaeye@yahoo.com,6944201468
Aradhana Netra Mandira,clinic,13.0323629,77.5592642,Bengaluru 560054,,,,6944226349
Meenakshi Ent Speciality Centre,clinic,12.9241208,77.5711229,Bengaluru 560004,,,,6944231452
Mediscope Hospital Private Limited,hospital,12.9994472,77.6162584,Bengaluru 560045,,http://dpal.kar.nic.in/Kanunu%20padakosha%20PDF%20Files/Recognised%20Hospitals.pdf,,6944231454
Medi Derma Hospital,hospital,13.0555559,77.6517145,Bengaluru 560077,,,,6944231456
Mathru Shree Hospital,hospital,13.093893,77.39299,Bengaluru 562123,,,,6944231467
Mathru Hospital - Bangalore,hospital,12.9110975,77.4806057,Bengaluru 560060,,,,6944231472
Sreenagar Nursing Home,clinic,12.9443766,77.5551899,Bengaluru 560050,,,,6944234456
Prashanth Nursing Home,clinic,12.9296852,77.5634135,Bengaluru 560070,,,,6944236562
Manjushree Speciality Hospital,hospital,12.9825845,77.6124926,Bengaluru 560042,,,,6944239588
Manipal Polyclinic and Nursing Home,clinic,13.0115263,77.6700582,Bengaluru 560016,,,,6944239595
Mangal's Nursing Home -Bangalore,clinic,13.0220526,77.5576729,Bengaluru 560022,,,,6944239600
Namratha Nursing And Maternity Home,hospital,13.0045747,77.5432728,Bengaluru 560086,,,,6944256035
The Pulse Multi Speciality Hospital,hospital,12.9424801,77.5473283,Bengaluru 560085,,,,6944256036
Sharada Dhanvantari Haemodialysis Centre,clinic,12.9530681,77.5715299,Bengaluru 560004,,,,6944256038
Rajankunte Hospital,hospital,13.1731008,77.5640868,Bengaluru 560064,,,,6944256049
"Joseph Clinic, Bengaluru Urban",clinic,12.9781151,77.6301697,Bengaluru 560008,,,,6944256063
Gavipuramguttahalli Maternity Home,hospital,12.9526505,77.5548633,Bengaluru 560018,,,,6944269353
Ayurseva Hospital,hospital,13.0139247,77.6640775,Bengaluru 560016,,,,6944274074
Spine Care And Ortho Care Hospital,hospital,12.9745134,77.5493883,Bengaluru 560086,,https://www.bengaluruspinecare.com/,info@bengaluruspinecare.com,6944276882
Vijayashree Hospitals,hospital,12.8579673,77.5892687,Bengaluru 560083,,,,6944283814
Tanmay Hospital,hospital,12.9733764,77.5474034,Bengaluru 560040,,,,6944287716
Aayug Multi Speciality Hospital,hospital,12.9651587,77.7150508,Bengaluru 560037,,http://dpal.kar.nic.in/Kanunu%20padakosha%20PDF%20Files/Recognised%20Hospitals.pdf,,6944290474
MGA Hospital,hospital,12.9568547,77.7002262,Bengaluru 560037,,,,6944290475
Blossom Hospital,hospital,12.8705439,77.6595353,Bengaluru 560068,,https://blossomhospitals.com/,,6944290477
Bhagavathi Multi Speciality Hospital,hospital,12.9160636,77.6308219,Bengaluru 560040,,,,6944290482
Sri Sai Ram Hospital - Bangalore,hospital,12.9144587,77.6003156,Bengaluru 560076,,,,6944290483
Kaveri Speciality Hospital,clinic,12.9236768,77.6193111,Bengaluru 560068,,,,6944290484
Susheel Hospital,hospital,12.9645006,77.5427189,Bengaluru 560040,,,,6944309977
Dhanush Hospital,hospital,12.9654318,77.52312,Bengaluru 560072,,,,6944332151
Shreyas Maternity Home,hospital,13.074556,77.7821477,Bengaluru 562114,,,,6944345114
"Sadhana Eye Hospital, Bengaluru Urban",hospital,12.970023,77.6307987,Bengaluru 560008,,,,6944364980
Athreya Hospital,hospital,12.7945637,77.7068165,Bengaluru 571218,,,,6944392358
Av Hospital,hospital,12.938853,77.5786096,Bengaluru 560004,,,,6944392363
"Balaji Hospital, K.H. Ranganath Colony",hospital,12.9632506,77.5602901,Bengaluru 560018,,,,6944392364
Balaji Nursing Home,clinic,12.8792586,77.7542903,Bengaluru 562125,,,,6944392365
Banasawadi Hospital,hospital,13.0205082,77.6509675,Bengaluru 560043,,,,6944392375
Bangalore Eye Hospital And Retina Centre,hospital,13.0221036,77.6387729,Bengaluru 560043,,,,6944392376
Belaku Eye Hospital,hospital,12.9110766,77.4800451,Bengaluru 560060,,,,6944400794
Bhavatprabhu Hospitals Pvt Limited,hospital,12.9670615,77.5903161,Bengaluru 560027,,,,6944400815
Sai Jyothi Netra Seva,clinic,12.9876196,77.6204668,Bengaluru 560042,,,,6944418995
Nikad Ortho Centre,hospital,12.975802,77.6184806,Bengaluru 560042,,,,6944418996
Raksha Multispeciality Hospital,hospital,13.0195733,77.5419559,Bengaluru 560096,,https://www.rakshahospital.in/,info@rakshahospital.in,6944437383
Cambridge Hospital,hospital,13.0195955,77.5419813,Bengaluru 560038,,,,6944449930
"Prasad Hospital, Bengaluru Urban",hospital,13.0983472,77.5773677,Bengaluru 560064,,,,6944464768
Rangalakshmi Netralaya,clinic,13.0989729,77.576732,Bengaluru 560064,,,,6944464773
Saranalaya Hospital,hospital,13.1215236,77.6126106,Bengaluru 560063,,,,6944464779
Azad Nagar Maternity Home,hospital,12.9559644,77.5485635,Bengaluru 560026,,,,6944464994
Gunasheela Surgical and Maternity Hospital,hospital,12.9403012,77.5764705,Bengaluru 560004,,,,6944507652
Excel Care Hospital,hospital,12.9207314,77.5736019,Bengaluru 560070,,,,6944507653
"Vasan Eye Care Hospital, Jayanagar",hospital,12.9292015,77.5819811,Bengaluru 560011,,,,6944507654
Hi Tech Kidney Stone Hospital,hospital,12.9271389,77.579028,Bengaluru 560001,,http://www.hitechkidneystonehospital.org/,shridhar@hitechkidneystonehospital.org; suresh@hitechkidneystonehospital.org,6944507655
Dr. Vidyananda's Surgery and Dia Centre,hospital,12.9242515,77.573217,Bengaluru 560070,,,,6944507660
Prema Nursing Home,clinic,12.9171772,77.5747874,Bengaluru 560070,,,,6944507661
Bharath Nursing Home,clinic,12.9117746,77.5730574,Bengaluru 560078,,http://snsvo8.seekandsource.com/venugopal/home.html,,6944507666
"Srushti Hospital, Bengaluru Rural",hospital,12.8981572,77.6207364,Bengaluru 560082,,,,6944507676
Parimala Speciality Hospital,hospital,12.9004567,77.6005474,Bengaluru 560076,,https://www.parimalahospital.com/,,6944507681
Banashankari Hospital,hospital,12.8443653,77.583809,Bengaluru 560083,,,,6944507682
"R K Hospital, Bengaluru Urban",hospital,13.0138123,77.6354731,Bengaluru 560084,,,,6944525274
N.R. Hospital,hospital,12.7765624,77.7761999,Bengaluru 562107,,,,6944525387
"Prasad Eye Hospital, Bengaluru Urban",hospital,12.9356703,77.6079905,Bengaluru 560029,,,,6944525392
Unity Lifline Hospital Pvt Ltd,hospital,12.9819768,77.5108275,Bengaluru 560072,,,,6944525393
"Athreya Hospital, Chandpura",hospital,12.7945363,77.7068715,Bengaluru 560081,,https://www.athreyahospital.in/,Athreya@athreyahospital.in; drswamy@athreyahospital.in,6944525394
J.P.Nursing Home,hospital,13.0098352,77.5384723,Bengaluru 560096,,,,6944543261
North Side Health Centre,hospital,13.0267995,77.5870813,Bengaluru 560032,,,,6944560298
Anugrahaa Hospital,hospital,12.8548947,77.6681162,Bengaluru 560100,,,,6944574932
Akshara Eye Hospital,clinic,12.8990265,77.6055551,Bengaluru 560076,,http://dpal.kar.nic.in/Kanunu%20padakosha%20PDF%20Files/Recognised%20Hospitals.pdf,,6944577868
Amrutha Hospital,hospital,13.0657486,77.5992653,Bengaluru 560092,,,,6944577884
"Unity Hospital, Bengaluru Urban",hospital,12.910823,77.5207892,Bengaluru 560098,,,,6944578226
Vasan Eye Care Hospital HSR Layout,doctors,12.9121673,77.6347685,Bengaluru 560102,,http://www.vasaneye.in/,,6944578918
Kakde Nursing Home,clinic,12.9738683,77.652254,Bengaluru 560075,,,,6944578924
Dr Chaitanyas Dental Care & Implant Centre,hospital,12.9675989,77.6565533,Bengaluru 560032,,,,6944578925
Kareem E.N.T and Multispeciality Centre,hospital,12.9188948,77.6058905,Bengaluru 560029,,,,6944578930
Shakthikrupa Nursing Home,clinic,12.9840786,77.6781324,Bengaluru 560093,,,,6944578931
Anand Nursing Home and Lab,clinic,12.9916367,77.5044787,Bengaluru 560091,,,,6944586994
Mediscon Nursing Home,clinic,13.0114714,77.6162986,Bengaluru 560045,,,,6944587830
HK Hospital,hospital,12.9085981,77.4784157,Bengaluru 560054,,,,6944616329
J.H.Poly Clinic,clinic,13.019851,77.6339757,Bengaluru 560084,,,,6944699915
Chinmaya Narayana Super Specialty Centre,hospital,12.9777106,77.6459773,Bengaluru 560038,,https://www.narayanahealth.org/,info.cnh@nhhospitals.org,6944707745
Jayaprasad Nursing Home,clinic,13.0974133,77.3968819,Bengaluru 562123,,,,6944835585
Joshi Nursing Home,clinic,12.9610131,77.5603162,Bengaluru 560018,,,,6944842472
Jyothi Nursing and Maternity Home,clinic,13.0117001,77.509717,Bengaluru 560058,,,,6944887294
Jyothi The Lasik Vision Centre,hospital,12.9496114,77.5790786,Bengaluru 560004,,,,6944888150
S.S.G. Hospital,hospital,12.9868695,77.4794832,Bengaluru 560091,,,,6944895084
Bengaluru West Lions Hospital,hospital,12.9563042,77.5830996,Bengaluru 560002,,http://dpal.kar.nic.in/Kanunu%20padakosha%20PDF%20Files/Recognised%20Hospitals.pdf,,6944925493
Kamath Nursing Home,clinic,13.0028473,77.635349,Bengaluru 560033,,,,6944926403
Vijayanagar Hospital,hospital,12.9716291,77.5371969,Bengaluru 560040,,http://dpal.kar.nic.in/Kanunu%20padakosha%20PDF%20Files/Recognised%20Hospitals.pdf,,6944983789
Sudharsana Nethralaya,clinic,12.9981241,77.5715661,Bengaluru 560003,,,,6944992838
Abhinava Eye Hospital,hospital,12.9550181,77.5683897,Bengaluru 560004,,,,6945001435
North Star Maternity and Nursing Home,hospital,12.9067079,77.5849275,Bengaluru 560076,,,,6945010490
"Punarjyoti Eye Hospital, Bengaluru Urban",hospital,12.9685305,77.5843965,Bengaluru 560002,,,,6945020140
Sundar Hospital,hospital,13.0080166,77.6221479,Bengaluru 560084,,,,6945031202
"Sri Ramakrishna Hospital, Bengaluru Urban",hospital,13.0121705,77.6961802,Bengaluru 560001,,,,6945033191
Dr Patil Fertility And Endoscopy Clinic,clinic,12.9265324,77.6006922,Bengaluru 560029,,,,6945045472
Sri Venkateshwara Eye Hospital,hospital,13.0423919,77.5136653,Bengaluru 560057,,,,6945050485
V Care Hospital,hospital,13.015884,77.5973475,Bengaluru 560037,,,,6945075435
A.M. Hospital,hospital,12.9601022,77.5315556,Bengaluru 560040,,,,6945309984
Prakash Eye Clinic,clinic,12.9484427,77.5719805,Bengaluru 560004,,,,6945341656
"Divya Drishti Eye Hospital, Vijayanagar",hospital,12.9586907,77.5352668,Bengaluru 560104,,http://divyadrishtieyehospital.com/,,6945348721
"Shridevi Hospital, Bengaluru Urban",hospital,12.9617045,77.5217172,Bengaluru 560072,,,,6945398483
Srinivasa Eye Hospital,hospital,13.0147224,77.6515616,Bengaluru 560043,,,,6945434031
Kumar Nethralaya,clinic,12.9907644,77.5568951,Bengaluru 560010,,,,6945606655
Spandana Hospital And Medical Centre,hospital,13.0112166,77.6743939,Bengaluru 560016,,,,6945724749
Sreeniwasa Hospital,hospital,12.9732706,77.5725357,Bengaluru 560053,,,,6945768862
Ashraya Medinova Pvt Ltd,hospital,12.988865,77.5078006,Bengaluru 560091,,,,6946978667
Magadi Road Maternity Home,hospital,12.9741253,77.561823,Bengaluru 560023,,,,6947003707
Pristine Hospital,hospital,12.9980009,77.5432779,Bengaluru 560086,,http://pristinehospitals.com/,,6947033494
Dhruva Nursing Home And Diagnostic Centre,clinic,13.0729178,77.7865947,Bengaluru 560001,,,,6947106756
Dr Zamindar's Micro Surgical Eye Centre,hospital,13.0021978,77.6329015,Bengaluru 560033,,,,6947106775
K.T.G. Hospital,hospital,13.0004769,77.5054027,Bengaluru 560091,,,,6947226705
Vasan Eye Care Hospital,hospital,12.8980516,77.6339279,Bengaluru 560068,,,,6947247040
Balaji Nursing Home,clinic,12.9561944,77.5460348,Bengaluru 560026,,,,6947268976
Pradnya Nethralaya,clinic,13.0244555,77.6003999,Bengaluru 560032,,https://www.pradnyanethralaya.com/,,6947287709
Supriya Nursing Home,clinic,12.9753137,77.5536856,Bengaluru 560023,,,,6947291977
Sharada Poly Clinic,clinic,13.0029877,77.675265,Bengaluru 560016,,,,6947293198
Health Cottage Hospital,hospital,12.9709143,77.6321116,Bengaluru 560008,,,,6947371813
Samastha Hospitals Pvt Ltd,hospital,12.89708,77.5473364,Bengaluru 560061,,,,6947375064
Poornima Hospital,hospital,13.0263344,77.595128,Bengaluru 560032,,,,6947430278
S.N. Hospital,hospital,13.0357404,77.7347061,Bengaluru 560049,,,,6947459688
Dr.Zamindar Microsurgical Eye Centre,hospital,13.0178594,77.6547577,Bengaluru 560043,,https://drzamindarseyecentre.com/,,6947499707
Good Shepherd Hospital,hospital,13.0328036,77.633289,Bengaluru 560043,,,,6947499708
Cantonment Poly Clinic And Nursing Home,clinic,12.9967984,77.6112893,Bengaluru 560005,,,,6947499710
"Dr.Agarwal Eye Hospital, Frazer Town, Bangalore",hospital,12.9960196,77.6128413,Bengaluru 560005,,,,6947499711
Dr. Satyaprakash Centre For Digestive and Liver Dise,doctors,12.9742612,77.5392227,Bengaluru 560040,,,,6947499749
"Mamta Hospital, Bengaluru Rural",hospital,13.0377564,77.5744454,Bengaluru 560091,,,,6947504016
S. J. Hospital,hospital,13.0360827,77.575065,Bengaluru 560094,,,,6947504017
Republic Hospital,hospital,12.964162,77.5982255,Bengaluru 560025,,,,6947504038
R.R. Hospital and Trauma Centre,hospital,12.9074269,77.5716318,Bengaluru 560078,,,,6947556032
Ashwini Hospital,hospital,13.074622,77.7854079,Bengaluru 562114,,,,6947605383
Geetha Hospital,hospital,13.0357169,77.7351701,Bengaluru 560049,,,,6947662459
"Suresh Hospital, Bengaluru Urban",hospital,13.0080397,77.6971089,Bengaluru 560035,,,,6947662464
Sri Ram Netralaya and Surgical Centre,hospital,13.0088071,77.6948659,Bengaluru 560003,,,,6947662469
"Patil Hospital, Bengaluru Urban",hospital,13.0090854,77.6969567,Bengaluru 560036,,,,6947662474
Sri Balaji Polyclinic and Diagnostic Centr,clinic,13.0180664,77.6831812,Bengaluru 560016,,,,6947662475
Sri Sai Eye Hospital,hospital,13.011968,77.6659168,Bengaluru 560016,,,,6947662480
Sri Ram Speciality Hospital,hospital,12.9543777,77.6209764,Bengaluru 560047,,,,6947674447
Zion Hospital And Research Centre Pvt.Ltd.,hospital,13.0149675,77.6354957,Bengaluru 560084,,http://zionhospitals.com/,info@zionhospitals.com,6947678585
Jai Maruthi Hospital,hospital,13.0068811,77.5055636,Bengaluru 560091,,,,6947682046
Institute Of Nephro Urology hospital,hospital,12.9619528,77.5728562,Bengaluru 560002,,,,6947682067
Vignesha Ayurvedic Clinic,clinic,12.9421036,77.5584649,Bengaluru 560019,,,,6947701108
"Vinay Nursing Home, Lingarajpuram",clinic,13.0087438,77.6221512,Bengaluru 560084,,,,6947701109
Well Spring hospital,hospital,12.9425676,77.6224349,Bengaluru 560095,,,,6947701126
Aaroyha Mandir Hospital,hospital,13.0105038,77.5502452,Bengaluru 560002,,,,6947707788
Kids Care Clinic,clinic,12.9597937,77.5319794,Bengaluru 560040,,,,6947707894
"Punya Hospital, Bengaluru Urban",hospital,12.9862161,77.5374853,Bengaluru 560079,,https://punyahospitals.com/,support@punyahospitals.com,6947707895
Vinayaka Nethralaya,clinic,12.9164779,77.6033811,Bengaluru 560076,,,,6947707900
Matru Nursing Home And Trauma Care Centre,clinic,12.9895981,77.5388995,Bengaluru 560079,,,,6947707901
"Vijaya Hospital, Bengaluru Urban",hospital,12.9418827,77.48376,Bengaluru 560079,,,,6947707903
Sandhyashree Hospital,hospital,12.9761802,77.5261763,Bengaluru 560079,,,,6947716888
Dr. Sailaja's Super Speciality Eye Hospital,hospital,13.0276736,77.6614188,Bengaluru 560043,,,,6947716900
Hillside Hospital,hospital,12.9162753,77.5589544,Bengaluru 560070,,,,6947750361
Pd Hinduja Sindhi Hospital,hospital,12.9646359,77.5926509,Bengaluru 560027,,,,6947915400
Sri Ranga Arogyadhama,hospital,12.9986239,77.542782,Bengaluru 560086,,,,6948030294
B.M.S. Nursing Home,clinic,12.9409351,77.5787075,Bengaluru 560004,,,,6948030639
Brinda Hospital,hospital,12.978053,77.5115959,Bengaluru 560072,,,,6948059664
Sankalpa Hospital,hospital,12.95119,77.4918039,Bengaluru 570020,,,,6948187839
S.M.S. Nursing Home,clinic,12.9208307,77.6201778,Bengaluru 560068,,,,6948201258
"Vijaya Nursing Home, Bengaluru Urban",clinic,12.9778289,77.6386575,Bengaluru 560057,,,,6948216053
"Akshaya Nursing Home, Yelahanka",clinic,13.1047489,77.5663546,Bengaluru 560064,,,,6948243837
Sham Singh Nursing Home,clinic,12.9456627,77.570339,Bengaluru 560004,,,,6948244430
Deepashri Hospital,hospital,12.9705902,77.5108503,Bengaluru 560072,,,,6948391975
Rotary Eye Hospital (A Unit Of Bangalore North Rotary Trust),hospital,12.9817233,77.5549364,Bengaluru 560010,,,,6948438892
"Renuka Nursing Home, Bengaluru Urban",clinic,13.0138496,77.5209944,Bengaluru 560058,,,,6948439333
Acharya Tulsi Jain Hospital,hospital,13.0218344,77.5567093,Bengaluru 560022,,,,6948459038
Ramesh Eye Clinic and Ophthalmic Microsurgical Centre,clinic,12.9527146,77.5774026,Bengaluru 560004,,,,6948483268
Parvathi Piles Clinic,clinic,13.034899,77.6050904,Bengaluru 560032,,,,6948529644
Sri Sai Clinic and Maternity Home,clinic,12.9880313,77.5557142,Bengaluru 560010,,,,6948540414
Get Well Hospital,hospital,12.9526616,77.61503,Bengaluru 560047,,,,6948552667
Premier Hospital,hospital,13.0241863,77.5960574,Bengaluru 560032,,,,6948590938
Gurukripa Hospital and Health Care Centre,hospital,13.0001802,77.5461146,Bengaluru 560086,,,,6948604083
Varna Nursing Home,clinic,12.9403953,77.558544,Bengaluru 560050,,,,6948627241
Avian Medicare and Research Centre,hospital,13.0269276,77.6227882,Bengaluru 560001,,,,6948659616
Lakshmi Hospital,hospital,13.1579281,77.6252103,Bengaluru 562157,,,,6948725861
Vinayaka Health Care and Maternity Home,hospital,12.8919999,77.6257829,Bengaluru 560068,,,,6948751340
Little Flower Hospital,hospital,13.0113204,77.6771966,Opposite to bus stop Bengaluru 560016,,,,6950124287
"Venkateswara Hospital, Bengaluru Urban",hospital,12.9543465,77.5755649,Bengaluru 560004,,,,6950124308
Sai Baba Hospital,hospital,13.0093599,77.5222108,Bengaluru 560058,,,,6950185719
"Metro Hospital, Bengaluru Rural",hospital,12.8914666,77.5612113,Bengaluru 560062,,,,6950185729
"Madhu Hospital, Bengaluru Urban",hospital,12.9783164,77.5429603,Bengaluru 560079,,,,6950185730
Adishesha Netralaya,clinic,12.9220606,77.4846642,Bengaluru 560060,,,,6950185742
Venkateshwara Eye Clinic,clinic,12.9395314,77.5864396,Bengaluru 560011,,,,6950206892
Al- Habeeb Hospital,hospital,13.0236062,77.6196139,Bengaluru 560045,,,,6950412307
"Sri Srinivasa Hospital, Bengaluru Rural",hospital,13.074057,77.7855326,Bengaluru 562114,,,,6950412312
Sakaria Healthcare Pvt. Ltd.,clinic,13.029607,77.6275328,Bengaluru 560043,,,,6950412317
"Santhigiri Ayurveda and Siddha Hospital, Bengaluru Urban",hospital,12.9439008,77.6065864,Bengaluru 560030,,https://www.santhigiriashram.org/,communication@santhigiriashram.org,6950412318
Care Dental Clinic,dentist,13.0213499,77.6371042,Bengaluru,,,,6956587195
"Prasad Clinic, Vaishali",clinic,13.0342927,77.5599629,Bengaluru 844101,,,,6956662652
Nagarjuna Ayurveda,pharmacy,12.9722827,77.6534246,Bengaluru,,,,6982377243
MedPlus,pharmacy,13.0115623,77.6710663,Bengaluru,,,,6991519153
Manipal Poly Clinic And Nursing Home,clinic,13.0115623,77.6700592,"Bus stop, 253-1, 1st Floor Bengaluru",,,,6991725953
Apollo Pharmacy,pharmacy,12.9379662,77.568428,Subbrama Chetty Road Bengaluru,,,,7018761629
Sapthagiri Medicals,pharmacy,12.9553721,77.5855419,120/1 Lalbagh Road Bengaluru,,,,7043262185
Wellness Forever,pharmacy,12.9882933,77.5561065,Bengaluru,,,,7043906886
Parhi's International Dental Centre,dentist,12.9823104,77.5652838,Bengaluru,,,,7043907085
Health Centre,clinic,12.9439485,77.6078061,Bengaluru,,,,7043992385
Aarthi Diagnostics,laboratory,13.0003573,77.5494446,Bengaluru,,,,7087593324
Sri Manikanta Medical,pharmacy,12.9434316,77.5260074,Bengaluru,,,,7124635751
Padmashree Diagnostics,hospital,12.9745983,77.5436792,Bengaluru,,,,7139631443
Venus MultiSpeciality Hospital,hospital,12.9721779,77.6807872,Bengaluru,,,,7140653801
Sunil Pet Clinic,veterinary,12.9726701,77.5284772,Bengaluru,,,,7146671685
Aster Pharmacy,pharmacy,12.9694309,77.6829853,Bengaluru,,,,7147351707
Harshitha Medical & General Store,pharmacy,12.9906161,77.5505832,Bengaluru,,,,7156536792
Kiran Diagnostics,pharmacy,12.9527335,77.5367001,Bengaluru,,,,7156536840
Sudharsan Medicals,pharmacy,12.9162158,77.6154165,Bengaluru,,,,7164351231
Sri Maruthi Nethralaya,clinic,12.9680365,77.5359377,Bengaluru,,,,7164440789
Shree Clinic,clinic,12.9530877,77.5365485,Bengaluru,,,,7164440800
Krupa Dental Clinic,dentist,12.9962848,77.5660287,Bengaluru,,,,7176651862
Milan Pharma,pharmacy,12.9721126,77.6800077,Bengaluru,,,,7178885284
Smiley Dental Care,dentist,12.9727714,77.6799963,Bengaluru,,,,7178905233
Ramakrishna Hospital,hospital,12.8541208,77.6624811,Hewlett Packard Avenue Bangalore,,http://rkhealth.com,,7179096799
Roopena Agrahara Government Hospital,hospital,12.9102142,77.6244654,Bengaluru 560068,,,,7202723905
"Government Hospital, Gankal",hospital,12.8502574,77.351978,Bengaluru 562109,8027307077,,,7202723961
"Government Hospital, Byramangala",hospital,12.7501642,77.4223844,Bengaluru 562109,8027283738,,,7202723969
"Government Hospital, Ballur",hospital,12.7509089,77.7882294,Bengaluru 562107,,,,7202723975
Government Hospital SULIKERE,hospital,12.938541,77.4485,Bengaluru 560074,,,,7202723984
"Government Hospital, Bidadi",hospital,12.7962258,77.3850964,Bengaluru 562109,,,,7202724016
"Government Hospital, Gunjur",hospital,12.922327,77.736038,Bengaluru 560087,,,,7202724055
Kaggalipura Government Hospital,hospital,12.8044859,77.5122898,Bengaluru,8277515873,,,7202724062
Thippenalli Government Hospital,hospital,13.031132,77.483923,Bengaluru 560073,,,,7202935749
"Govt hospital,Rajanukunte",hospital,13.175209,77.564562,Bengaluru 562160,,,,7202935764
Hesaraghatta Primary Health Centre,clinic,13.1374708,77.491628,Bengaluru 560088,,,,7202935773
Laggere Government Hospital,hospital,13.009817,77.5231852,Bengaluru 560058,,,,7202935803
Seegehalli Government Hospital,hospital,13.0164321,77.7169887,Bengaluru 560049,,,,7202935809
K Narayanapura Urban Primary Health Centre,clinic,13.0631921,77.6423476,Bengaluru 560077,,,,7202935818
Ullalu Government Hospital,hospital,12.9629127,77.4751834,Bengaluru 560056,,,,7202935821
K.C. General Hospital,hospital,12.993382,77.5694167,Bengaluru 560003,08199-242555,,,7202935829
"Government Hospital, Budigere",hospital,13.1376521,77.744809,Bengaluru 562129,,,,7202935841
NELAMAHESHWARI Government Hospital,hospital,13.049152,77.510442,Bengaluru 560057,,,,7202935849
The Family Pharma,pharmacy,13.0203776,77.6433782,Bengaluru,,,,7206004852
Moulya Medicals,pharmacy,12.9725821,77.5117195,Bengaluru,,,,7208502285
Khushal Medicals,pharmacy,12.9759377,77.5314973,Bengaluru,,,,7211891285
Sai Hospital,hospital,13.0701337,77.6329103,Bengaluru 560077,,,,7213498681
Sree Ranga Hospital,hospital,12.9358669,77.4927128,Bengaluru 560056,,,,7213514086
Maithri Nursing Home and Diagnostic centre,clinic,13.004942,77.7035721,Bengaluru 560036,,,,7213514092
"Sri Ram Nursing Home, Bengaluru Urban",clinic,12.942159,77.551764,Bengaluru 560050,,,,7213565704
Cure Hospital,hospital,13.0324318,77.6085263,Bengaluru 560032,,,,7213565705
Sanjay Urology and Andrology Center,clinic,12.9989923,77.5510234,Bengaluru,,,,7215440245
Sri Ganesh Medical,pharmacy,13.0347696,77.5576937,Bengaluru,,,,7228148570
Yashas Neurocare,hospital,12.9853993,77.5454024,Bengaluru,,,,7235403686
Focus Diagnostic Center,hospital,12.9870634,77.549951,Bengaluru,,,,7235403985
Stay Happi Pharmacy,pharmacy,12.9900398,77.5557384,Bengaluru,,,,7236205648
Apollo Pharmacy,pharmacy,12.9850504,77.5532533,Bengaluru,,,,7236205657
Cauvery Clinic and Laboratory,clinic,12.9998157,77.5518975,Bengaluru,,,,7255294909
Sri Maatha Dental Care,dentist,13.0335702,77.6378757,Bengaluru,,,,7256979618
ESI Krishnagiri,hospital,12.7570375,77.7990046,Bengaluru 635126,,,,7257289028
Clove Dental,dentist,13.0341673,77.568676,Bengaluru,,,,7257728221
Ayush Ayurvedic,clinic,13.0350322,77.5725438,Bengaluru,,,,7257728242
Vittal Eye HOspital,hospital,12.931298,77.5412566,Bengaluru,,,,7258378647
Sucheta Clinic,clinic,13.0035542,77.5472411,Bengaluru,,,,7291611501
Confident Dental Care,dentist,13.0032798,77.5489765,Bengaluru,,,,7291611541
Ista Ayurvedic,clinic,13.0083615,77.5491026,Bengaluru,,,,7291611553
Aria Clinic,clinic,12.9107812,77.6635605,Bengaluru,,,,7298370324
Aria Pharma,pharmacy,12.9106949,77.6634425,Bengaluru,,,,7298370325
Apollo Pharmacy,pharmacy,12.9135524,77.666354,Bengaluru,,,,7298370333
Ortho Centre Clinic,clinic,12.9123595,77.6067215,Bengaluru,,,,7389053980
Nandi Pharma,pharmacy,12.9138357,77.607426,Bengaluru,,,,7389053983
Srinivasa Dental Clinic,dentist,12.9138331,77.6072707,Bengaluru,,,,7389053984
MedPlus,pharmacy,12.9134456,77.6051098,Bengaluru 560076,,,,7389069391
Ramdev Pharmacy,pharmacy,12.9734284,77.6752338,Bengaluru,,,,7466913101
Patanjali Pharmacy,pharmacy,12.9728506,77.6778275,Bengaluru,,,,7466913102
naveen clinc,hospital,13.0413777,77.5050224,Bengaluru,,,,7489626471
Unnamed Medical Location,dentist,13.0305251,77.6675932,Bengaluru,,,,7507326243
Chamundi Hi Tech Hospital,hospital,12.9240924,77.6177848,Bengaluru 560068,,,,7514681681
Precious Blood Missionaries,blood_donation,12.9281562,77.6055287,Bengaluru,,,,7528068994
Lotus Medical Centre,clinic,12.9733933,77.6783833,Bengaluru 560075,,,,7572131813
Little Flower Hospital,hospital,12.9807257,77.6823734,Bengaluru 560093,,,,7572131814
Sri Ragavendra Homeo Clinic,clinic,13.010692,77.6969366,Bengaluru 560036,,,,7572131815
NMPC Hospital,hospital,13.006205,77.7004289,Bengaluru 560036,,,,7572131816
Suma Clinic,clinic,12.997098,77.671853,Bengaluru 560016,,,,7572131817
R R Hospital,hospital,13.0082031,77.697197,Bengaluru 560036,,,,7572131818
Jeevan Hospital,hospital,12.9901305,77.6713322,Bengaluru 560013,,,,7572131819
Indianova Heart Centre,clinic,13.0128275,77.6990436,Bengaluru 560036,,,,7572131820
Arjun's Child Care Clinic,clinic,13.0258249,77.6604922,Bengaluru 560113,,,,7572131821
Health Care Medi Clinic,clinic,12.9742358,77.6726374,Bengaluru 560093,,,,7572131822
Vicky Family Life,hospital,13.0031618,77.7059531,Bengaluru 560036,,,,7572131823
Vedam Ayurveda Multi Speciality Hospital,hospital,12.9946786,77.6709989,Bengaluru 560016,,,,7572131824
Women's Speciality Polyclinic,clinic,13.0236149,77.6586628,Bengaluru 560043,,,,7572131825
Unique Smile Dental Care Centre,dentist,13.003328,77.712439,Bengaluru 560036,,,,7572131826
Vijaya Lakshmi Clinic,clinic,13.0227243,77.6967523,Bengaluru 560036,,,,7572131827
Maneet Poly Clinic,clinic,13.0209741,77.6573009,Bengaluru 560043,,,,7572131828
Aashraya ENT Healthcare,clinic,12.985028,77.674772,Bengaluru 560093,,,,7572131829
Clove Dental,dentist,13.002561,77.712519,Bengaluru 560036,,,,7572131830
I-labs Dental,dentist,12.9847198,77.6717957,Bengaluru 560093,,,,7572131831
Sri Venkateshwara Clinic,clinic,13.0281599,77.6625832,Bengaluru 560113,,,,7572131832
Stroke Treatment Paralysis,hospital,13.0239995,77.6585299,Bengaluru 560043,,,,7572131833
Apple Clinic,clinic,12.9731172,77.6767223,Bengaluru 560093,,,,7572131834
Geriatric Hospitals,hospital,13.0283977,77.6599575,Bengaluru 560043,,,,7572131835
Sri Krishna Physiotherapy Clinic,clinic,13.0045892,77.7083063,Bengaluru 560036,,,,7572131836
Pooja Dental Clinic,dentist,13.0071665,77.6983598,Bengaluru 560036,,,,7572131837
Speciality Dental Clinic,dentist,13.0119196,77.6972899,Bengaluru 560036,,,,7572131838
Shyam ENT clinic,clinic,13.012492,77.697752,Bengaluru 560036,,,,7572131839
Bhavani Skin & Cosmetology Clinic,clinic,13.0100916,77.6970612,Bengaluru 560036,,,,7572131840
Cure Multi Speciality Clinic,clinic,12.9722387,77.6804922,Bengaluru 560037,,,,7572131841
Health Plus Multi Speciality Hospital,hospital,13.0219523,77.6994046,Bengaluru 560036,,,,7572131842
Chirayu Health care centre,clinic,12.9936892,77.7016795,Bengaluru 560048,,,,7572131843
Pragathi Piles Hospital,hospital,12.9966313,77.671863,Bengaluru 560016,,,,7572131844
Sagar Dental Care,dentist,13.006778,77.698644,Bengaluru,,,,7572131845
Sri Vinayaka Clinic,clinic,12.9930144,77.6728775,Bengaluru 560016,,,,7572131846
Sparkle Dental Clinic and Healthcare,dentist,12.985023,77.671603,Bengaluru 560093,,,,7572131847
Kiyara Dental Multispeciality Clinic,dentist,12.9734759,77.6785861,Bengaluru 560075,,,,7572131848
Priya Health Care,clinic,12.972726,77.6801239,Bengaluru 560037,,,,7572131849
People's Clinic,clinic,13.024278,77.6587297,Bengaluru 560043,,,,7572131850
Medicure Poly Clinic & Daycare Centre,clinic,12.9969609,77.6719408,Bengaluru 560016,,,,7572131851
Sri Vinayaka Dental Concern's,dentist,12.981425,77.679958,Bengaluru 560093,,,,7572131852
Indira Sai Dental Care,dentist,13.0134827,77.7090081,Bengaluru 560036,,,,7572131853
The Children's Clinic,clinic,13.0236678,77.6587012,Bengaluru 560043,,,,7572131854
Bharat Piles & Fistula Clinic,clinic,13.0037255,77.7105179,Bengaluru 560036,,,,7572131855
Tirumala Newborn Kids and Ortho Clinic,clinic,13.010207,77.707804,Bengaluru 560036,,,,7572131856
Rapha Polyclinic & Lab,clinic,12.975622,77.666082,Bengaluru 560075,,,,7572131857
Sandhya Clinic,clinic,13.0044028,77.7094874,Bengaluru 560036,,,,7572131858
Urban Kids Clinic,clinic,13.0308448,77.6686663,Bengaluru 560016,,,,7572131859
Tvacha Skin and Cosmetology Clinic,clinic,12.9847338,77.675016,Bengaluru 560093,,,,7572131860
Bright Children's Clinic,clinic,12.9893915,77.6893075,Bengaluru 560048,,,,7572131861
S.M.C. Dental Clinic,dentist,13.0041857,77.7097349,Bengaluru 560036,,,,7572131862
Shishu clinic,clinic,12.9850931,77.6748005,Bengaluru 560093,,,,7572131864
Healthy smiles dental clinic,dentist,13.0281472,77.67947,Bengaluru 560043,,,,7572131865
Mahaveer Hospitals,hospital,12.9895049,77.6741439,Bengaluru 560016,,,,7572131866
Rama Krishna Poly Clinic,clinic,13.0076764,77.698662,Bengaluru 560036,,,,7572131868
Motherhoodclinic,clinic,13.022726,77.658252,Bengaluru 560043,,,,7572131869
Sri Krishna Poly Clinic,clinic,13.0041888,77.7125929,Bengaluru 560036,,,,7572131870
Dental Frames Dental Clinic,dentist,13.0044286,77.7102387,Bengaluru 560036,,,,7572131871
Dr. Ravi Ramachandra,doctors,12.9842776,77.6780225,Bengaluru,,,,7572131872
Sai Kripa Nursing Home,clinic,12.993824,77.7029,Bengaluru 560048,,,,7572131873
Lyfas Digital Health Clinic,clinic,12.992777,77.694674,Bengaluru 560048,,,,7572131874
Sri Sai Child Clinic,clinic,13.00509,77.710878,Bengaluru 560036,,,,7572131875
Total Dental Care,dentist,12.9912698,77.6877454,Bengaluru 560048,,,,7572131876
Deepam Eye Clinic,clinic,12.9850241,77.6754474,Bengaluru 560093,,,,7572131877
Shree Srinivasa Homeo Clinic,clinic,13.004699,77.704279,Bengaluru 560036,,,,7572131878
Perfect Smile Dental Clinic,dentist,12.982096,77.680148,Bengaluru 560037,,,,7572131879
Shubham Ayurvedic Clinic,clinic,13.0219021,77.65971,Bengaluru 560043,,,,7572131880
Netrajyoti Eye Centre,clinic,12.9750951,77.6660888,Bengaluru 560017,,,,7572131881
Sri Manjunatha Clinic,clinic,13.01064,77.710585,Bengaluru 560049,,,,7572131882
Dr. Ranganath Jingade Dental Hospital,dentist,12.9753191,77.6660778,Bengaluru 560093,,,,7572131883
Eshawar HospItal,hospital,13.033219,77.6747693,Bengaluru 560016,,,,7572131884
CS Dental Clinic,dentist,12.9939085,77.6753552,Bengaluru 560016,,,,7572131885
Swiss Medic Health Care,clinic,13.020731,77.70227,Bengaluru 560036,,,,7572131886
Physiotherapy Clinic,clinic,13.005267,77.70278,Bengaluru 560036,,,,7572131887
Bhagya Sri Clinic,clinic,13.00669,77.700779,Bengaluru 560036,,,,7572131888
Sri Vinayaka Homeopathic Clinic,clinic,12.985164,77.671732,Bengaluru 560093,,,,7572131889
Sri Krishna Ayurvedic Clinic,clinic,13.0241655,77.6915736,Bengaluru 560036,,,,7572131890
Dr. Pranjali Srivastava's Clinic,clinic,12.9807085,77.680126,Bengaluru 560093,,,,7572131891
Medihope Super Specialty Hospital,hospital,12.973637,77.675186,Bengaluru 560075,,,,7572131892
Jaya Dental Clinic,dentist,13.022742,77.657851,Bengaluru 560043,,,,7572131893
Cure N Care Hospital,hospital,12.989869,77.676589,Bengaluru 560016,,,,7572131894
Smart Dental Clinic,dentist,13.024184,77.691392,Bengaluru 560036,,,,7572131895
Dr. Mohan Babu's Clinic,clinic,13.0112993,77.7058751,Bengaluru 560036,,,,7572131896
Nava Chaithanya Clinic,clinic,13.0255719,77.6599541,Bengaluru 560043,,,,7572131897
Trinity Homeopathy Clinic,clinic,12.9949978,77.6811339,Bengaluru,,,,7572131898
Lifespan Diabetic Clinic,clinic,13.0234596,77.6587343,Bengaluru 560043,,,,7572131899
Bhargava Dental Clinic,dentist,13.0045634,77.7046938,Bengaluru 560036,,,,7572131900
Mahayogam Clinic,clinic,12.9961003,77.6727018,Bengaluru 560016,,,,7572131901
Niswaras Homeopathy Clinic,clinic,13.028101,77.6812547,Bengaluru 560016,,,,7572131902
D.D.C. Dental Clinic,dentist,13.0061586,77.7006486,Bengaluru 560036,,,,7572131903
Dr. Rao's Skin Clinic,clinic,13.0042829,77.7120772,Bengaluru 560036,,,,7572131904
Sad Bydya Shala Ayurvedic Hospital,hospital,13.0106539,77.6969464,Bengaluru 560036,,,,7572131905
Curewell Clinic,clinic,13.0065775,77.6996955,Bengaluru 560036,,,,7572131907
Savitha Multi Speciality Dental Clinic,dentist,12.9934178,77.6792135,Bengaluru 560016,,,,7572131908
Sri Lakshmi Super Speciality Hospital,hospital,13.011115,77.697361,Bengaluru 560036,,,,7572131909
Bhagat Dental Clinic,dentist,13.033771,77.674877,Bengaluru 560016,,,,7572131910
GSR Dental & Health Care,clinic,13.0239661,77.691932,Bengaluru 560036,,,,7572131911
Amma Poly Clinic,clinic,13.0239342,77.6917622,Bengaluru 560036,,,,7572131912
Grihi's Diabetes Centre,clinic,12.9807404,77.680094,Bengaluru 560093,,,,7572131913
Sreenivasa Poly Clinic,clinic,12.9887324,77.6845282,Bengaluru 560093,,,,7572131914
Pavithralaya Care 32 Dental Clinic,dentist,13.005297,77.702884,Bengaluru 560036,,,,7572131915
Heal & Comfort Homeopathic Clinic,clinic,12.9954417,77.6724794,Bengaluru 560016,,,,7572131916
Shree Clinic,clinic,13.0301944,77.682325,Bengaluru 560016,,,,7572131917
Winter Mist Clinic,clinic,12.9841083,77.6744171,Bengaluru 560093,,,,7572131918
IMS Clinic,clinic,12.9915097,77.6835962,Bengaluru 560048,,,,7572131919
Kids Health Link,hospital,13.0031938,77.7128759,Bengaluru 560036,,,,7572131920
Matrusree Clinic,clinic,12.992589,77.672821,Bengaluru 560016,,,,7572131921
R K Polyclinic,clinic,13.0329207,77.6747772,Bengaluru 560043,,,,7572131922
Prakruti Hospital,hospital,12.991561,77.6757833,Bengaluru 560016,,,,7572131923
Ashwin Clinic,clinic,12.9724717,77.6797057,Bengaluru 560075,,,,7572131924
Vishwa Health Care Centre,clinic,13.0061511,77.6997973,Bengaluru 560036,,,,7572131925
Easwari Clinic,clinic,12.9742126,77.678669,Bengaluru 560037,,,,7572131926
Pooja Dental and Orthodontic Clinic,dentist,13.02241,77.697152,Bengaluru 560036,,,,7572131927
Feather Touch Dental Care,dentist,12.990029,77.670352,Bengaluru 560016,,,,7572131928
Asesh Dental Clinic,dentist,13.033656,77.674772,Bengaluru 560016,,,,7572131929
Spectrum Physio Centre,clinic,12.9851886,77.676051,Bengaluru 560093,,,,7572131930
Venkateshwara Clinic,clinic,12.991679,77.683904,Bengaluru 560048,,,,7572131932
Sri Vinayaka Child Care Clinic,clinic,13.0233824,77.6905904,Bengaluru 560049,,,,7572131933
Deepa Clinic,clinic,13.005255,77.703108,Bengaluru 560036,,,,7572131934
Amrutha Healthcare,hospital,13.0042616,77.7114153,Bengaluru 560036,,,,7572131935
Dr. Ruchi Gupta,doctors,12.9851914,77.6762954,Bengaluru 560093,,,,7572131936
Tata Health Clinic,clinic,12.9924407,77.7027556,Bengaluru 560048,,,,7572131937
Maithri Nursing Maternity Home,clinic,13.0078685,77.6964983,Bengaluru 560036,,,,7572131938
Sri Manjunatha Clinic,clinic,13.0044733,77.7082449,Bengaluru 560036,,,,7572131940
Raju Institute Of Nephro Urology Clinic,clinic,12.9679511,77.5388826,Bengaluru 560104,,,,7572491983
Shifa Health Care Clinic,clinic,12.972363,77.525125,Bengaluru 560040,,,,7572491984
Nanjundeshwara Dental Clinic,dentist,12.960863,77.50189,Bengaluru 560056,,,,7572526685
Kamadhenu Hospital,hospital,12.975501,77.534972,Bengaluru 560040,,,,7572526686
Dr. Rajesh Hospitals Eye and Dental,hospital,12.9688989,77.6422131,Bengaluru 560008,,,,7572526687
Pawan Dental Clinic,dentist,12.96155,77.52198,Bengaluru 560072,,,,7572526688
Bhadrahomeo,clinic,12.955763,77.654655,Bengaluru 560017,,,,7572526689
OJUS Multi Speciality Hospital,hospital,12.957269,77.653945,Bengaluru 560017,,,,7572526690
Nidevs Child Care,clinic,12.9764141,77.5302028,Bengaluru 560079,,,,7572526691
Vaidyamrutha Child Clinic,clinic,12.9570701,77.5265115,Bengaluru 560040,,,,7572526692
Benaka Hospital,hospital,12.9835824,77.5289448,Bengaluru 560079,,,,7572526693
Dr. K Monika Yadav Clinic,clinic,12.9586811,77.6598023,Bengaluru 560017,,,,7572526694
Adarsha Clinic,clinic,12.9794497,77.5442417,Bengaluru 560079,,,,7572526695
Archana Clinic,clinic,12.971816,77.53183,Bengaluru 560040,,,,7572526696
Vanitha Child Care & Skin Clinic,clinic,12.9741101,77.5357741,Bengaluru 560040,,,,7572526697
"Goverment Hospital, Hosahalli",hospital,12.9744928,77.5342045,Bengaluru 560040,,,,7572526698
Jhon's Medical Hospital,hospital,12.9635299,77.6662889,Bengaluru 560017,,,,7572526699
Vijaya Hospital,hospital,12.96767,77.5226459,Bengaluru 560072,,,,7572526700
Dr. Nagbhushan Skin Care Clinic,clinic,12.972589,77.541939,Bengaluru 560040,,,,7572526701
Sai Ganesh Dental Clinic,dentist,12.9695354,77.6404876,Bengaluru 560008,,,,7572526702
Government Hospital,hospital,12.9780731,77.5251934,Bengaluru 560079,,,,7572526703
Raju Health Centre,clinic,12.9625212,77.6709431,Bengaluru 560017,,,,7572526704
SRK Dental Clinic,dentist,12.9648095,77.6725587,Bengaluru 560017,,,,7572526705
Pari's Dental Clinic,dentist,12.9605494,77.6493794,Bengaluru 560008,,,,7572526706
Asha ENT Clinic,clinic,12.970893,77.5251332,Bengaluru 560040,,,,7572526707
Sriprasad Ayurveda,hospital,12.9734087,77.5462808,Bengaluru 560040,,,,7572526708
Vidya Eye Hospital,hospital,12.9707429,77.5377684,Bengaluru 560040,,,,7572526709
Sai Baba Hospital,hospital,12.9698194,77.6317472,Bengaluru 560008,,,,7572526710
Vijayanagar ENT Care Centre,clinic,12.9731159,77.5415094,Bengaluru 560040,,,,7572526711
Medivision Clinic,clinic,12.9548249,77.6493844,Bengaluru 560017,,,,7572526712
Nms Sanjivini Health Center,clinic,12.9674869,77.6701879,Bengaluru 560017,,,,7572526714
Dr. Harish Tyagi Clinic,clinic,12.9644469,77.6719687,Bengaluru 560017,,,,7572526716
Shree Sai Speciality Hospital,hospital,12.9555948,77.6418006,Bengaluru 560071,,,,7572526717
Shree Dhanvantari Ayurveda Hospital,hospital,12.9615606,77.5222312,Bengaluru 560040,,,,7572526718
Orthopaedic & Skin Clinic,clinic,12.9649324,77.6442492,Bengaluru 560008,,,,7572526719
Ganesh Clinic,clinic,12.9695016,77.5419489,Bengaluru 560040,,,,7572526720
Shree Maternity,clinic,12.981027,77.550187,Bengaluru 560010,,,,7572526722
Dr. Vasudeva's Orthopaedic Clinic,clinic,12.9716512,77.5434425,Bengaluru 560040,,,,7572526723
Sudharma Homeo Clinic,clinic,12.9752941,77.5440361,Bengaluru 560040,,,,7572526724
Sri Sai Dental Esthetic & Surgical Clinic,clinic,12.9757136,77.5400982,Bengaluru 560040,,,,7572526725
Manjunatha Dental clinic,dentist,12.9631842,77.4958701,Bengaluru 560091,,,,7572526726
Ideal Health Care Centre,clinic,12.962759,77.504309,Bengaluru 560056,,,,7572526727
Srinivasam Cancer Care Multi Speciality Hospital,hospital,12.961509,77.523151,Bengaluru 560072,,,,7572526728
GHOC Clinic,clinic,12.966677,77.5424542,Bengaluru 560104,,,,7572526730
Smile Studio Oral Care,clinic,12.9719944,77.5400815,Bengaluru 560040,,,,7572526731
Dr. Veena's Ayurvedalaya,clinic,12.97748,77.511541,Bengaluru 560072,,,,7572526732
Vijayanagar ENT Care Centre,clinic,12.974213,77.534597,Bengaluru 560040,,,,7572526733
Chethana Homeo Clinic,clinic,12.9744871,77.5352515,Bengaluru 560040,,,,7572526734
Nandini Children Clinic,clinic,12.9742311,77.5353795,Bengaluru 560040,,,,7572526735
Pandu Eye Clinic,clinic,12.9557318,77.6601889,Bengaluru 560017,,,,7572526736
Samruddhi Health Care Centre,clinic,12.9676391,77.6728616,Bengaluru 560017,,,,7572526737
Prashanthi Ayurvedic Centre,clinic,12.97004,77.524811,Bengaluru 560040,,,,7572526738
Dr. S C Shankaralingaiah,doctors,12.967029,77.541853,Bengaluru 560104,,,,7572526739
Dhyan Dental Care,dentist,12.9761401,77.6227086,Bengaluru 560008,,,,7572526740
Lifeline Polyclinic,clinic,12.9645871,77.6742181,Bengaluru 560017,,,,7572526741
Vasan Eye Care,clinic,12.968877,77.5357939,Bengaluru 560040,,,,7572526742
Sri Balaji Clinic,clinic,12.9705317,77.6657706,Bengaluru 560075,,,,7572526743
Cosmic Health Centre,clinic,12.9623461,77.5109494,Bengaluru 560056,,,,7572526744
Deepak Clinic,clinic,12.9561278,77.6591485,Bengaluru 560017,,,,7572526745
Ghagare Health Care Clinic,clinic,12.9767057,77.6229194,Bengaluru 560008,,,,7572526746
Magdum Hospital,hospital,12.9589495,77.6603768,Bengaluru 560017,,,,7572526747
Dr. Banarji B H - Shoulder Specialist,doctors,12.9741559,77.5356939,Bengaluru 560040,,,,7572526749
Athoz Hospitals,hospital,12.9673428,77.6424996,Bengaluru 560008,,,,7572526750
Pavithra Kids Care Clinic,clinic,12.9656976,77.5233951,Bengaluru 560072,,,,7572526751
G.R. Hospital,hospital,12.9802303,77.5548818,Bengaluru 560010,,,,7572526752
Sneha Horizon Hospital,hospital,12.9754301,77.5358001,Bengaluru 560040,,,,7572526753
Anirudh Skin Clinic,clinic,12.9615441,77.5214032,Bengaluru 560072,,,,7572526754
Sri Krishna Clinic,clinic,12.9801974,77.5546401,Bengaluru 560010,,,,7572526755
Jagjeevanram Hospital,hospital,12.968292,77.524492,Bengaluru 560072,,,,7572526756
Kangroo Hospital,hospital,12.974339,77.542325,Bengaluru 560040,,,,7572526757
AR Diagnostic Healthcare and Polyclinic,clinic,12.9566333,77.653738,Bengaluru 560017,,,,7572526758
Dr. Reddy ENT Care Centre,clinic,12.9595267,77.5066914,Bengaluru 560072,,,,7572526759
Darshan Clinic,clinic,12.9716979,77.5349489,Bengaluru 560040,,,,7572526760
Murali dental clinic,dentist,12.9695445,77.5154183,Bengaluru 560072,,,,7572526761
Abhinav Hospital,hospital,12.9757486,77.553782,Bengaluru 560023,,,,7572526762
Suhusannidhi Hospital,hospital,12.969102,77.534951,Bengaluru 560040,,,,7572526763
Abivrud Cancer Care & Research Centre,hospital,12.963967,77.4973049,Bengaluru 560056,,,,7572526764
Panchsheela Nagar Hospital,hospital,12.9745497,77.5208943,Bengaluru 560072,,,,7572526766
ESIC Hospital,hospital,12.9693009,77.6317545,Bengaluru 560008,,,,7572526767
Shivjyoti Clinic,clinic,12.9685528,77.6453841,Bengaluru 560008,,,,7572526768
Guru Shree Polyclinic,clinic,12.9715355,77.524968,Bengaluru 560072,,,,7572526769
Noble Dental Care,dentist,12.9645966,77.4999021,Bengaluru 560056,,,,7572526770
Arya Dental Care,dentist,12.964036,77.672902,Bengaluru 560017,,,,7572526771
Golden Blossom Dental Care,dentist,12.957199,77.642917,Bengaluru 560071,,,,7572526772
Ayurvedic Dental Clinic,dentist,12.9639906,77.6482018,Bengaluru 560008,,,,7572526774
Dr. Banerjee Homeopathy Clinic,clinic,12.9714838,77.6350988,Bengaluru 560008,,,,7572526775
Sai Ortho and Dental Centre,hospital,12.9698191,77.5360801,Bengaluru 560040,,,,7572526776
Orthotrend Clinic,clinic,12.9694023,77.6300504,Bengaluru 560008,,,,7572526777
Chinmaya Dental Clinic,dentist,12.9771657,77.5381764,Bengaluru 560040,,,,7572526778
Apple Dental Clinic,dentist,12.9745582,77.5326276,Bengaluru 560040,,,,7572526779
Dr. Prakash N,doctors,12.9685357,77.5383336,Bengaluru 560104,,,,7572526780
Ammashrees Hospital,hospital,12.9794315,77.5441641,Bengaluru 560010,,,,7572526781
Lohitha Hospital,hospital,12.963951,77.64308,Bengaluru 560008,,,,7572526782
Government Hospital,hospital,12.9639829,77.5188899,Bengaluru 560072,,,,7572526783
Orthopaedic Clinic,clinic,12.9746,77.544146,Bengaluru 560040,,,,7572526784
Revathi Hospital,hospital,12.9679971,77.5015759,Bengaluru 560056,,,,7572526785
Evacare Women's Clinic,clinic,12.9717565,77.5469217,Bengaluru 560023,,,,7572526786
Shanthakumari Hospital,hospital,12.9637162,77.5188263,Bengaluru 560072,,,,7572526787
Bluetooth Dental Clinic,dentist,12.975488,77.615338,Bengaluru 560001,,,,7572526788
Synergy Healthcare,clinic,12.969262,77.536474,Bengaluru 560040,,,,7572526789
Dr. Sachith Abraham,doctors,12.95506,77.6581598,Bengaluru 560017,,,,7572526790
Bengaluru Child Neurology and Rehabilitaion Centre,hospital,12.9735574,77.5461246,Bengaluru 560040,,,,7572526791
Sumati Hospital,hospital,12.976379,77.524439,Bengaluru 560072,,,,7572526792
Bangalore Psoriasis Clinic,clinic,12.958114,77.662852,Bengaluru 560017,,,,7572526793
SNP Homoeopathy Clinic,clinic,12.9640923,77.6716941,Bengaluru 560017,,,,7572526794
Ranganatha Clinic,clinic,12.9766618,77.5246346,Bengaluru 560079,,,,7572526795
Alpha Ortho Clinic,clinic,12.9706942,77.5264675,Bengaluru 560072,,,,7572526796
Vijaya Netralaya,clinic,12.9745782,77.5130087,Bengaluru 560091,,,,7572526797
Dr. Hemant Agrawal,hospital,12.9583212,77.659636,Bengaluru 560017,,,,7572526798
Blooming Smiles Dental Clinic,dentist,12.9752946,77.5367112,Bengaluru 560040,,,,7572526799
Dr. Nothesh Child Specialist,hospital,12.975423,77.540659,Bengaluru 560040,,,,7572526800
Swasthya Hospitals,hospital,12.9544981,77.6401572,Bengaluru 560071,,,,7572526801
Miracle Hopital,hospital,12.958861,77.654322,Bengaluru 560017,,,,7572526802
Dr. Mahesh Clinic,clinic,12.963884,77.499943,Bengaluru 560056,,,,7572526803
Sastry Memorial Hospital,hospital,12.9698787,77.5332834,Bengaluru 560040,,,,7572526804
PS Health Care Centre,clinic,12.9734052,77.545935,Bengaluru 560040,,,,7572526805
Star Dental Clinic,dentist,12.962918,77.6428502,Bengaluru 560008,,,,7572526806
Disha Kids Clinic,clinic,12.9674542,77.5027639,Bengaluru 560072,,,,7572526807
N N Homeo clinic,clinic,12.9761399,77.5298958,Bengaluru 560040,,,,7572526808
Rai Clinic,clinic,12.9728469,77.6268497,Bengaluru 560008,,,,7572526809
Anjaneya Homeo Care,clinic,12.8250195,77.6851774,Bengaluru 560100,,,,7572669015
Gayathri Dental Clinic,dentist,12.891789,77.606337,Bengaluru 560076,,,,7572669016
Svasthir Care Centre,clinic,12.822495,77.674843,Bengaluru 560099,,,,7572669017
Niyati Children Clinic,clinic,12.881902,77.612665,Bengaluru 560076,,,,7572669018
Sri Swaranaamrutha Hospital,hospital,12.79603,77.706405,Bengaluru 562107,,,,7572669019
Sri Sai Clinic,clinic,12.827999,77.687546,Bengaluru 560100,,,,7572669020
Nayan Dental Clinic,dentist,12.849018,77.654999,Bengaluru 560100,,,,7572669021
Elite Canals Dental Clinic,dentist,12.8349625,77.6939561,Bengaluru 560100,,,,7572669022
Thirumala clinic,clinic,12.8231413,77.6674188,Bengaluru 560099,,,,7572669023
Springleaf Hospital,hospital,12.852699,77.667688,Bengaluru 560100,,,,7572669024
Sri Sai Hospitals,hospital,12.787708,77.741822,Bengaluru 562107,,,,7572669025
The Dental Square Multispeciality Clinic,dentist,12.8362788,77.6649012,Bengaluru 560100,,,,7572669026
Hospitec Multispeciality Hospital,hospital,12.8859649,77.6489078,Bengaluru 560068,,,,7572669027
Global Speciality Hospital,hospital,12.808615,77.699385,Bengaluru 560099,,,,7572669029
Sarathi Clinic,clinic,12.7806385,77.7705925,Bengaluru 562107,,,,7572669030
Sri Venkateswara Hospital,hospital,12.9056165,77.6122688,Bengaluru 560076,,,,7572669031
Rajashri Grandhim Hospitals,hospital,12.895426,77.607662,Bengaluru 560076,,,,7572669032
Madni Dental Clinic,dentist,12.88515,77.64925,Bengaluru 560068,,,,7572669033
Sapthagiri Clinic,clinic,12.7859431,77.7508856,Bengaluru 562107,,,,7572669034
Goldage Hospital,hospital,12.8908362,77.6040715,Bengaluru 560068,,,,7572669035
Shree Vinayaka Multispeciality Centre,clinic,12.834677,77.656614,Bengaluru 560106,,,,7572669036
JJ Hospitals,hospital,12.8350141,77.6953077,Bengaluru 560100,,,,7572669037
E-City Allergy & Asthma Specialty Clinic,clinic,12.805444,77.700372,Bengaluru 560099,,,,7572669038
RMHC Homeopathy Clinic,clinic,12.796036,77.7072855,Bengaluru 560099,,,,7572669039
Partha Dental Clinic,dentist,12.840317,77.663282,Bengaluru 560100,,,,7572669040
Sri Saptagiri Clinic,clinic,12.830073,77.668726,Bengaluru 560100,,,,7572669041
Shrinivasa Clinic,clinic,12.7749919,77.7652114,Bengaluru 562107,,,,7572669042
Dr. Hebbal Homeo and Polyclinic,clinic,12.877267,77.6182941,Bengaluru 560076,,,,7572669043
Best E City Hospital,hospital,12.850377,77.6567056,Bengaluru 560100,,,,7572669044
Dr. Shankar's Ear Nose & Throat,clinic,12.874266,77.616922,Bengaluru 560076,,,,7572669045
The Child Clinic,clinic,12.895218,77.608579,Bengaluru 560076,,,,7572669046
Bhumika Hospital,hospital,12.826249,77.678792,Bengaluru 560099,,,,7572669047
Shanvi Dental Clinic,dentist,12.7861192,77.7743037,Bengaluru 562107,,,,7572669048
Swarna Clinic,clinic,12.884216,77.613358,Bengaluru 560076,,,,7572669049
Naryana Hrudalya,hospital,12.796888,77.706122,Bengaluru 562107,,,,7572669050
Elite Hospital,hospital,12.7815739,77.7713884,Bengaluru 562107,,,,7572669051
"St. Michael's Dental, Medical and Diagnostics",dentist,12.8773392,77.6163766,Bengaluru 560076,,,,7572669052
Mahima Clinic,clinic,12.87174,77.6168758,Bengaluru 560076,,,,7572669053
Jaya Krishna Clinic,clinic,12.7967495,77.7067736,Bengaluru 560081,,,,7572669054
Balaji Clinic,clinic,12.798453,77.6996449,Bengaluru 562106,,,,7572669055
Saraswathi Healthcare,clinic,12.784479,77.775637,Bengaluru 562107,,,,7572669056
Dr. Renuka Devi,doctors,12.7872271,77.7355198,Bengaluru 562107,,,,7572669057
Vita Family Clinic,clinic,12.8875348,77.6496807,Bengaluru 560068,,,,7572669058
Yashaayu Multi Speciality Ayurveda and Panchakarma Centre,clinic,12.8347876,77.6950973,Bengaluru 560100,,,,7572669059
Royal Dental Clinic,dentist,12.8504527,77.6570202,Bengaluru 560100,,,,7572669060
Aastha Hospital,hospital,12.7815275,77.7713727,Bengaluru 562107,,,,7572669061
Life is Beautiful Clinic,clinic,12.9479573,77.5798704,Bengaluru 560004,,,,7576958021
Dr. Srivatsa,doctors,12.9432518,77.5560648,Bengaluru,,,,7576958022
Dr. Madhuri,doctors,12.953833,77.565184,Bengaluru,,,,7576958023
Preeti ENT Clinic,clinic,12.94786,77.5716596,Bengaluru 560004,,,,7576958024
Vinayaka Hospital,hospital,12.93753,77.549675,Bengaluru,,,,7576958025
Happy Heart Cardiac & Diabetes Clinic,clinic,12.958244,77.615077,Bengaluru 560047,,,,7576958026
Dr. Hema Sampath,doctors,12.9492921,77.5674536,Bengaluru 560019,,,,7576958027
Unani Hospital,hospital,12.9633185,77.5790145,Bengaluru 560002,,,,7576958028
Priya Clinic,clinic,12.970483,77.5789065,Bengaluru 560053,,,,7576958029
Sai Speciality Dental Clinic,dentist,12.9638518,77.6126513,Bengaluru 560047,,,,7576958030
Rahul Maternity & Child Health Centre,hospital,12.9596227,77.6146819,Bengaluru 560047,,,,7576958032
Bangaluru Unani Hospital,hospital,12.9405198,77.5794387,Bengaluru 560004,,,,7576958033
Vaidya shaam singh memorial nursing home,clinic,12.9454948,77.5704845,Bengaluru,,,,7576958034
Zama Health Care,clinic,12.9598702,77.6147257,Bengaluru 560047,,,,7576958036
Medcare Hospital,hospital,12.953049,77.574203,Bengaluru 560004,,,,7576958037
Ashraya Clinic,clinic,12.9531087,77.5646023,Bengaluru,,,,7576958038
Sumanjara Hospital,hospital,12.9417439,77.5601782,Bengaluru 560019,,,,7576958039
S J Dental Square,dentist,12.9440703,77.5545986,Bengaluru,,,,7576958040
Advanced Gastro Care,clinic,12.9580215,77.5629353,Bengaluru,,,,7576958041
Rao's Uro Care,clinic,12.9526033,77.5709447,Bengaluru 560004,,,,7576958042
Corporation Hospital,hospital,12.961345,77.560893,Bengaluru 560018,,,,7576958043
Ragvan Clinic,clinic,12.937954,77.575488,Bengaluru 560004,,,,7576958044
Mitralaya Hospital,hospital,12.945591,77.5712865,Bengaluru 560004,,,,7576958045
Ashirvad Clinic,clinic,12.9398513,77.5740326,Bengaluru 560004,,,,7576958046
Srinivasa Clinic,clinic,12.949269,77.579839,Bengaluru 560004,,,,7576958047
People Tree Hospitals,hospital,12.942076,77.553598,Bengaluru,,,,7576958048
Children's Clinic,clinic,12.949663,77.580184,Bengaluru 560004,,,,7576958049
Medall Healthcare,clinic,12.9459422,77.5717473,Bengaluru 560004,,,,7576958050
Apollo Specialty Hospital,hospital,12.936459,77.584422,Bengaluru 560011,,,,7576958051
Government Hospital,hospital,12.9609494,77.5613939,Bengaluru 560018,,,,7576958052
Taranatha Ayurveda Mandira,clinic,12.9489343,77.5795464,Bengaluru 560004,,,,7576958053
Sham Singh Clinic,clinic,12.9712575,77.5777304,Bengaluru 560053,,,,7576958054
Dr. Shankar Desai Clinic,clinic,12.9626783,77.5949614,Bengaluru 560027,,,,7576958055
Dr. M Kishore,doctors,12.9575488,77.5594846,Bengaluru,,,,7576958056
Padma Sanjeev Clinic,clinic,12.9365488,77.5762726,Bengaluru 560070,,,,7576958057
Shubha Clinic,clinic,12.9407834,77.5713263,Bengaluru 560004,,,,7576958058
Kidney Care Centre,clinic,12.9422555,77.5482906,Bengaluru,,,,7576958059
Verna Hospital,hospital,12.940404,77.5580361,Bengaluru 560050,,,,7576958060
"Government Hospital, Banglore",hospital,12.9587464,77.5573456,Bengaluru 560026,,,,7576958061
Royan Maternity & Child Welfare Centre,hospital,12.960311,77.568274,Bengaluru 560018,,,,7576958062
Ashwini Medical Specialist Centre,clinic,12.961178,77.593184,Bengaluru 560027,,,,7576958063
Alisa Eye Hospital,hospital,12.9652304,77.6104334,Bengaluru 560047,,,,7576958064
Shekhar Hospital,hospital,12.945944,77.567404,Bengaluru 560019,,,,7576958065
Government Hospital,hospital,12.949104,77.563226,Bengaluru,,,,7576958066
Jeevini Sarvodaya Hospital,hospital,12.9415883,77.5641917,Bengaluru 560019,,,,7576958068
ENT Care Centre,clinic,12.9450794,77.5680498,Bengaluru,,,,7576958069
Mahaveer Ortho Care Speciality Centre,hospital,12.9569684,77.5695045,Bengaluru 560004,,,,7576958070
Raghavendra Hospital,hospital,12.938787,77.554296,Bengaluru,,,,7576958071
Kshema Childrens Surgical Clinic,clinic,12.944704,77.56797,Bengaluru 560004,,,,7576958072
Raghu Homeopathy,clinic,12.94256,77.561875,Bengaluru 560019,,,,7576958073
Apaara Multi Speciality,hospital,12.938453,77.551329,Bengaluru,,,,7576958074
BBMP Arogya Kendra,doctors,12.945848,77.548621,Bengaluru,,,,7576958075
Zak Eye Clinic,clinic,12.9604446,77.6147984,Bengaluru 560047,,,,7576958076
Sree Homeopathic Clinic,clinic,12.9464444,77.5712393,Bengaluru 560004,,,,7576958077
Khincha Orthopaedic Centre,hospital,12.939882,77.573989,Bengaluru 560004,,,,7576958078
Ganesha Clinic,clinic,12.9366813,77.5539425,Bengaluru 560050,,,,7576958079
Parameshwari Hospital,hospital,12.948971,77.563543,Bengaluru,,,,7576958080
Shantanu Ayurveda Clinic,clinic,12.9406605,77.5443444,Bengaluru,,,,7576958081
Dr. S. Vinitha,doctors,12.9491186,77.5679051,Bengaluru 560004,,,,7576958082
Drishti Nethralaya,hospital,12.9422541,77.5506328,Bengaluru,,,,7576958083
Furtde Hospital,hospital,12.9654649,77.5894756,Bengaluru 560002,,,,7576958084
Shree Dental Specialities,dentist,12.9428346,77.5458567,Bengaluru,,,,7576958085
Manavarthapet Pregnancy Hospital,hospital,12.9702549,77.5734571,Bengaluru 560053,,,,7576958086
Jubilee Nursing Home,clinic,12.940859,77.570214,Bengaluru 560004,,,,7576958087
Woodlands Clinic,clinic,12.9648335,77.5944973,Bengaluru 560027,,,,7576958088
Trinity Hospital and Heart Foundation,hospital,12.9434996,77.5796583,Bengaluru 560004,,,,7576958089
Orthodontic Maxillofacial Clinic,clinic,12.963216,77.5982891,Bengaluru 560025,,,,7576958090
Spandana Heart Centre,hospital,12.957222,77.566486,Bengaluru 560018,,,,7576958091
Shas Eye Care,hospital,12.960296,77.614714,Bengaluru 560047,,,,7576958092
Matha Pitha Hospital,hospital,12.9420276,77.575634,Bengaluru 560070,,,,7576958093
Daksh Eye Care Centre,clinic,12.9638998,77.5983282,Bengaluru 560025,,,,7576958094
ESI Hospital,hospital,12.972126,77.573351,Bengaluru 560053,,,,7576958095
Herige Hospital,hospital,12.960972,77.5609696,Bengaluru 560018,,,,7576958096
Novel Hearing Care Centre,clinic,12.9386485,77.5545065,Bengaluru,,,,7576958097
Happy Clinics - Multispeciality,clinic,12.94269,77.571261,Bengaluru 560004,,,,7576958098
"Skin, Allergy, Cosmetology & Hair Clinic",clinic,12.9471425,77.5692626,Bengaluru 560004,,,,7576958101
Suhruda Clinic,clinic,12.9576956,77.5663234,Bengaluru 560018,,,,7576958102
Yeshaswi Clinics,clinic,12.9593021,77.5927413,Bengaluru 560027,,,,7576958103
Saraswathi Maternity Centre,clinic,12.9516862,77.5665921,Bengaluru,,,,7576958104
Gleneagles Global Hospitals,hospital,12.9654497,77.5999044,Bengaluru 560025,,,,7576958106
Chamarajpete Skin care clinic,clinic,12.9585302,77.5636336,Bengaluru 560018,,,,7576958107
Perfect Smiles Dental Clinic,dentist,12.9380136,77.5838278,Bengaluru 560011,,,,7576958108
Vijaya Nethralaya,clinic,12.9416358,77.5629853,Bengaluru 560019,,,,7576958109
Malika Clinic,clinic,12.966674,77.591952,Bengaluru 560027,,,,7576958110
Synergy Diabetes Clinic,clinic,12.9487692,77.5793662,Bengaluru 560004,,,,7576958111
Partha Dental Clinic,dentist,12.9444744,77.5721845,Bengaluru 560004,,,,7576958112
Tejas Clinic,clinic,12.9554046,77.5639228,Bengaluru,,,,7576958113
Shyam Clinic,clinic,12.9690341,77.57708,Bengaluru 560002,,,,7576958114
Sri Sri Ayurveda Clinic,clinic,12.948062,77.577411,Bengaluru 560004,,,,7576958115
Punarjyoti Eye Hospital,hospital,12.9658901,77.589928,Bengaluru 560002,,,,7576958116
Swastik Eye Hospital,hospital,12.9479647,77.5696395,Bengaluru 560004,,,,7576958117
Dave Gray Hospital,hospital,12.9458294,77.5799015,Bengaluru 560004,,,,7576958118
Parimala Childrens Nursing Home,clinic,12.939257,77.555911,Bengaluru 560050,,,,7576958119
Dr. Rudrappa's Hospital,hospital,12.9650303,77.5954946,Bengaluru 560027,,,,7576958120
Arya Vaidya Raksha Ayurveda,alternative,13.0694891,77.5563015,Bengaluru 560097,,,,7577248178
Shekar Super Speciality Eye Centre,clinic,13.072736,77.556482,Bengaluru 560097,,,,7577248179
Raja Rama's Homeopathy & Ayurvedic Centre,clinic,13.0096223,77.6556985,Bengaluru 560043,,,,7577248180
Poorna Heart and Women's Clinic,clinic,13.012005,77.647777,Bengaluru 560043,,,,7577248181
Chethana Eye Clinic,clinic,13.037942,77.62326,Bengaluru 560045,,,,7577248182
Shama Charitable Clinic,clinic,13.083354,77.553461,Bengaluru 560097,,,,7577248183
Aveksha Hospital,hospital,13.081777,77.54091,Bengaluru 560097,,,,7577248184
Sangameshwara Clinic,clinic,13.0569345,77.6109416,Bengaluru 560092,,,,7577248185
Shishuka Children's Speciality Hospital,hospital,13.0193799,77.6535352,Bengaluru 560043,,,,7577248186
Anugraha Children's Clinic,clinic,13.0754731,77.5581028,Bengaluru 560097,,,,7577248187
Archak Dental,dentist,13.0184835,77.6543091,Bengaluru 560043,,,,7577248188
Oliva Skin and Hair Clinic,clinic,13.0210072,77.6434284,Bengaluru 560043,,,,7577248189
Om Sai Clinic,clinic,13.0817852,77.5476581,Bengaluru 560097,,,,7577248190
Rishi Acupuncture Clinic,clinic,13.0825795,77.5546587,Bengaluru 560097,,,,7577248191
IMAX Clinic,clinic,13.0187276,77.6531389,Bengaluru 560043,,,,7577248192
Skin Remediez,hospital,13.0091103,77.6579493,Bengaluru 560043,,,,7577248193
Pranav Diabetes Centre,clinic,13.0148814,77.6555197,Bengaluru 560043,,,,7577248194
Janani Women & Kids Clinic,clinic,13.0089068,77.656123,Bengaluru 560043,,,,7577248195
Sri Gopalan Clinic,clinic,13.0897212,77.5442226,Bengaluru 560097,,,,7577248196
Aesthetic Dental Care,dentist,13.0135619,77.6616914,Bengaluru 560043,,,,7577248197
Sai Surya Multi - Speciality Dental Clinic,dentist,13.0522989,77.6040414,Bengaluru 560024,,,,7577248198
Twinkle Kids Child Care Speciality Clinic,clinic,13.0195123,77.6475205,Bengaluru 560043,,,,7577248199
Nainda Advanced Eye Care Centre,clinic,13.0120265,77.6477552,Bengaluru 560043,,,,7577248200
Bangalore Healthcare Centre,clinic,13.0769985,77.5581801,Bengaluru 560097,,,,7577248201
Roots Skin Clinic,clinic,13.0116786,77.6470294,Bengaluru 560043,,,,7577248202
Bhavana Dental Care,dentist,13.055649,77.605321,Bengaluru 560024,,,,7577248203
Dr. Uma Homeo Clinic,clinic,13.0544322,77.6038273,Bengaluru 560024,,,,7577248204
Sonal Dental Care,dentist,13.0882301,77.5560431,Bengaluru 560097,,,,7577248205
Partha Dental Clinic,dentist,13.0810569,77.5597552,Bengaluru 560097,,,,7577248206
Dr. Archana's ENT Care Centre,clinic,13.0555334,77.6044008,Bengaluru 560024,,,,7577248207
Vijaya Health Centre,clinic,13.0691724,77.5594992,Bengaluru 560097,,,,7577248208
Honey Homeopathy Clinic,clinic,13.0832219,77.5484278,Bengaluru 560097,,,,7577248209
"Vivekananda Health Global - Ayurveda, Naturopathy & Yoga",clinic,13.017856,77.646249,Bengaluru 560043,,,,7577248210
KMC Multispeciality Clinic,clinic,13.040826,77.6189605,Bengaluru 560045,,,,7577248211
Dr. Naeem Sadiq,doctors,13.0090467,77.653918,Bengaluru 560043,,,,7577248212
Global Health Centre,clinic,13.0813479,77.5483953,Bengaluru 560097,,,,7577248213
Sanjeevani Health Care,clinic,13.0892527,77.5388313,Bengaluru 560097,,,,7577248214
Oskas Clinic,clinic,13.079901,77.554396,Bengaluru 560097,,,,7577248215
Agastya Speciality Clinic,clinic,13.0555615,77.6044933,Bengaluru 560024,,,,7577248216
Yashaswini ENT Clinic,clinic,13.0780746,77.5626239,Bengaluru 560097,,,,7577248217
Navya Hospital,hospital,13.0524836,77.6120857,Bengaluru 560024,,,,7577248218
Krupa Homeopathic Clinic,clinic,13.013776,77.646793,Bengaluru 560043,,,,7577248219
Sarwari Poly Clinic,clinic,13.0847291,77.5522358,Bengaluru 560097,,,,7577248220
Ovum Birthing Centre,hospital,13.0201491,77.6516628,Bengaluru 560043,,,,7577248221
Dr. Dinakar's Child Care,clinic,13.0161535,77.6428067,Bengaluru 560043,,,,7577248222
Dr. Josephs Holistic Health Care Clinic,clinic,13.0732835,77.5540883,Bengaluru 560097,,,,7577248223
Icon Hospital,hospital,13.0528211,77.6041042,Bengaluru 560024,,,,7577248224
Vardhan Fertility,clinic,13.01213,77.647984,Bengaluru 560043,,,,7577248225
Radhika clinic,clinic,13.0722197,77.5547945,Bengaluru 560097,,,,7577248226
Medicure Hospital,hospital,13.0283463,77.6298629,Bengaluru 560043,,,,7577248227
Dr. Syeds Dental Care,dentist,13.0135989,77.661537,Bengaluru 560043,,,,7577248228
Ortho Care Clinic,clinic,13.0779282,77.559589,Bengaluru 560097,,,,7577248229
Revive Skin and Hair Clinic,clinic,13.0689228,77.5572213,Bengaluru 560097,,,,7577248230
Premji Occupational Therapy & Rehabilitation Centre,clinic,13.0151401,77.6559684,Bengaluru 560043,,,,7577248231
Merlins Trichology Clinic,clinic,13.0543269,77.6038207,Bengaluru 560024,,,,7577248232
Vasan Eye Care,clinic,13.0242614,77.6331389,Bengaluru 560043,,,,7577248233
Trinity Gastroenterology & Diagnostics,clinic,13.0225994,77.6398654,Bengaluru 560043,,,,7577248234
Motherhood Women & Children Hospital,hospital,13.0102697,77.6525909,Bengaluru 560043,,,,7577248235
M J Child Clinic,clinic,13.0136545,77.6599916,Bengaluru 560043,,,,7577248236
SDM Dental clinic,dentist,13.0799891,77.5595232,Bengaluru 560097,,,,7577248237
Nanda Dental Clinic,dentist,13.084278,77.560395,Bengaluru 560097,,,,7577248238
Santhamma Hospital,hospital,13.0866852,77.5535728,Bengaluru 560097,,,,7577248239
Jaeshta Children's Clinic,clinic,13.0674,77.556943,Bengaluru 560097,,,,7577248240
Spandana Clinic,clinic,13.0705041,77.555381,Bengaluru 560097,,,,7577248242
Sham's Child and Adult Care,clinic,13.0556587,77.6026264,Bengaluru 560092,,,,7577248243
Prarthana Home Health Care,clinic,13.0552275,77.6024335,Bengaluru 560097,,,,7577248244
Allure Dental and Facial Aesthetics Clinic,dentist,13.0204243,77.6439492,Bengaluru 560043,,,,7577248245
Feran Hospital,hospital,13.0263661,77.6302142,Bengaluru 560043,,,,7577248246
Clove Dental,dentist,13.0702809,77.555649,Bengaluru 560097,,,,7577248247
Floss and Gloss Dental Clinic,dentist,13.087007,77.547943,Bengaluru 560097,,,,7577248248
Mangala Gowri Clinic,clinic,13.07827,77.5605008,Bengaluru 560097,,,,7577248249
Clove Dental,dentist,13.0687158,77.6012664,Bengaluru 560092,,,,7577248250
Dr. Murthy Ayurved Clinic,clinic,13.013821,77.660555,Bengaluru 560043,,,,7577248251
D Care Dental Clinic,dentist,13.055296,77.601208,Bengaluru 560092,,,,7577248252
Contura Clinic,clinic,13.023088,77.637015,Bengaluru 560043,,,,7577248253
Super Specialty Eye Hospital,hospital,13.0166883,77.6604049,Bengaluru 560043,,,,7577248254
Ashwini Clinic,clinic,13.0102168,77.6580368,Bengaluru 560043,,,,7577248255
Dr. Harsha's physiotherapy Clinic,clinic,13.0244866,77.6396472,Bengaluru 560043,,,,7577248256
Kalyan Eye Clinic,clinic,13.0227961,77.6425472,Bengaluru 560043,,,,7577248257
Dr. Shekars Diabetes Speciality Centre,clinic,13.0682242,77.6044313,Bengaluru 560092,,,,7577248258
Satish Poly Clinic,clinic,13.0819154,77.5489331,Bengaluru 560097,,,,7577248259
Endocrine Speciality Centre,hospital,13.013761,77.648529,Bengaluru 560043,,,,7577248260
Tranquil Healthcare,clinic,13.020847,77.643086,Bengaluru 560043,,,,7577248261
Shree Sai Hospital,hospital,13.0885791,77.5455057,Bengaluru 560097,,,,7577248262
Saaol Heart Centre,clinic,13.0530655,77.6050627,Bengaluru 560024,,,,7577248263
Sneha Clinic,clinic,13.00975,77.6568,Bengaluru 560043,,,,7577248264
Axis Hospital,hospital,13.065863,77.604213,Bengaluru 560092,,,,7577248265
Anjani Women's Day Care Hospital,hospital,13.0188119,77.647187,Bengaluru 560043,,,,7577248266
Bangalore Spine Specialist Clinic,clinic,13.0239222,77.6333307,Bengaluru 560043,,,,7577248267
Dr. Shetty's Dental,dentist,13.0135918,77.661698,Bengaluru 560043,,,,7577248268
Eswar Women and Day Care Hospital,hospital,13.0658472,77.5992844,Bengaluru 560092,,,,7577248269
Swarnarani Clinic,clinic,13.0752791,77.5595187,Bengaluru 560097,,,,7577248270
Olive Dental,dentist,13.0708071,77.5558747,Bengaluru 560097,,,,7577248271
Reachh Homeopathy Clinic,clinic,13.029482,77.630649,Bengaluru 560043,,,,7577248272
Kanive Clinic,clinic,13.075606,77.55955,Bengaluru 560097,,,,7577248273
Jawad ENT Clinic,clinic,13.0316687,77.6230459,Bengaluru 560043,,,,7577248274
CDEC Hospital,hospital,13.026989,77.6281742,Bengaluru 560043,,,,7577248275
Sree Rajeshwari Homeo Clinic,clinic,13.0755182,77.5585689,Bengaluru 560097,,,,7577248276
Pranam Dental Hospital,hospital,13.029101,77.620568,Bengaluru 560045,,,,7577248277
Milaan Hospital,hospital,13.0109537,77.6476418,Bengaluru 560043,,,,7577248278
Cloudnine Hospital,hospital,13.020084,77.654053,Bengaluru 560043,,,,7577248279
Dr. Anil's Dental Clinic,dentist,13.0151223,77.6544807,Bengaluru 560043,,,,7577248280
Shanthi Women's Healthcare Centre,clinic,13.0112923,77.6573558,Bengaluru 560043,,,,7577248281
Synovium Physiotherapy Clinic,clinic,13.0242926,77.634427,Bengaluru 560043,,,,7577248282
Kempaiah Clinic,clinic,13.0712257,77.5560637,Bengaluru 560097,,,,7577248283
Cloudnine Fertility,clinic,13.0241668,77.6369165,Bengaluru 560043,,,,7577248284
V Care Best Fertility IVF URO Kidney Centre,clinic,13.0227998,77.6374429,Bengaluru 560043,,,,7577248285
NDR Multi Speciality Hospital,hospital,13.1051735,77.6027864,Bengaluru 560064,,,,7579683177
Guruprasad Clinic,clinic,13.0999885,77.5756287,Bengaluru 560064,,,,7579683178
Chiguru Hospital,hospital,13.1706303,77.5642307,Bengaluru 560064,,,,7579683179
Malavya Nursing Home,clinic,13.0979448,77.5960808,Bengaluru 560064,,,,7579683180
Naina Polyclinic & Physiotherapy Centre,clinic,13.0989732,77.5768833,Bengaluru 560064,,,,7579683181
Patel Dental - Orthodontic & Dental Implant Centre,dentist,13.0973532,77.5967518,Bengaluru 560064,,,,7579683182
Raksha Orthocare,clinic,13.0987047,77.5843706,Bengaluru 560064,,,,7579683184
Raksha health care,clinic,13.171377,77.5585525,Bengaluru 560064,,,,7579683186
Apex Poly Clinic,clinic,13.103358,77.576052,Bengaluru 560064,,,,7579683187
Dr. Ashwin clinic,clinic,13.122004,77.625004,Bengaluru 560063,,,,7579683188
Krishna Nethralaya,clinic,13.0978476,77.5968473,Bengaluru 560064,,,,7579683189
iDentist Family Dental Care,dentist,13.1209301,77.6164782,Bengaluru 560063,,,,7579683190
Chirayu Clinic,clinic,13.1214057,77.6140329,Bengaluru 560064,,,,7579683192
Valens Hospitals,hospital,13.120977,77.6176084,Bengaluru 560064,,,,7579683193
Venkateshwara Clinic,clinic,13.121692,77.6260514,Bengaluru 560064,,,,7579683194
Janani Maternity & Women's Clinic,clinic,13.1005709,77.5951888,Bengaluru 560064,,,,7579683195
Sri Krishna Scanning and Diagnostic Centre,clinic,13.0972366,77.5972516,Bengaluru 560064,,,,7579683196
Gayathri Clinic,clinic,13.0959768,77.5786496,Bengaluru 560106,,,,7579683197
Zircon dental,dentist,13.0978598,77.5876976,Bengaluru 560064,,,,7579683200
Chaithanya Poly Clinic,clinic,13.0982962,77.6259125,Bengaluru 560064,,,,7579683201
Bengalure Hospital,hospital,13.1039081,77.5754898,Bengaluru 560064,,,,7579683203
Partha Dental Clinic,dentist,13.0971601,77.5783127,Bengaluru 560064,,,,7579683204
Balaji Multispeciality Dental Clinic,clinic,13.0974609,77.5959547,Bengaluru 560064,,,,7579683208
Dental Clinic,dentist,13.097498,77.5944292,Bengaluru 560064,,,,7579683210
MK Dental Excellence,dentist,13.10266,77.631167,Bengaluru 560064,,,,7579683212
Amruth Hospital,hospital,13.102578,77.627895,Bengaluru 560064,,,,7579683213
Rangalakshmi Netralaya,hospital,13.098943,77.576716,Bengaluru 560106,,,,7579683215
Shuban Diabetes Center,clinic,13.0942729,77.5821514,Bengaluru 560064,,,,7579683216
Saralaya Hospital,hospital,13.121743,77.629478,Bengaluru 560064,,,,7579683217
Reva Health Centre,clinic,13.115486,77.635823,Bengaluru 560064,,,,7579683218
Apurva Hospital,hospital,13.101335,77.59858,Bengaluru 560064,,,,7579683219
Om Shakthi Hospital,hospital,13.1215701,77.6126077,Bengaluru 560063,,,,7579683220
Synapse Health Care,clinic,13.0985051,77.5875066,Bengaluru 560064,,,,7579683222
Sri Sai Healthcare center,clinic,13.172798,77.568703,Bengaluru 560064,,,,7579683224
Shadab Hospital,hospital,13.1025229,77.6278506,Bengaluru 560064,,,,7579683225
SLV Poly Clinic,clinic,13.1418952,77.6711828,Bengaluru 562149,,,,7579683226
Seven Hills Clinic,clinic,13.1213645,77.6173714,Bengaluru 560063,,,,7579683227
Rainbow Health Care,hospital,13.0997321,77.5760891,Bengaluru 560064,,,,7579683228
Dentteq Dental Clinic,dentist,13.1214663,77.6153779,Bengaluru 560064,,,,7579683229
Indigo Dental Care,dentist,13.1022087,77.6301433,Bengaluru 560064,,,,7579683230
Jayalakshmi Hospital,hospital,13.098909,77.596219,Bengaluru 560064,,,,7579683232
Ganga ENT Clinic,clinic,13.1213917,77.6124201,Bengaluru 560063,,,,7579683233
Happy Pearl's Dental Clinic,dentist,13.1219782,77.6247778,Bengaluru 560077,,,,7579683234
Dr. Shetty's Dental Specialities,dentist,13.098729,77.577214,Bengaluru 560064,,,,7579683235
NDR Orthopaedic,hospital,13.10051,77.595603,Bengaluru 560064,,,,7579683237
Srividya Clinic,clinic,13.1033688,77.576326,Bengaluru 560064,,,,7579683238
Elite 33 Dental Clinic,dentist,13.0987631,77.5777261,Bengaluru 560064,,,,7579683239
Sri Arogya Hospital,hospital,13.1215659,77.6250507,Bengaluru 560064,,,,7579683240
SB Clinic,clinic,13.1036671,77.5754256,Bengaluru 560064,,,,7579683241
Sowmya Dental Clinic,dentist,13.0984621,77.5966397,Bengaluru 560064,,,,7579683244
Sri Gurumangala Eye Foundation,clinic,13.098998,77.57689,Bengaluru 560064,,,,7579683245
Sapthagiri Hospital,hospital,13.1213668,77.6174817,Bengaluru 560064,,,,7579683247
Unnathi Clinic,clinic,13.0973071,77.5965859,Bengaluru 560064,,,,7579683248
Mathru Clinic,clinic,13.1035061,77.5766997,Bengaluru 560064,,,,7579683250
Pavan Hospitals,hospital,13.0981485,77.596139,Bengaluru 560064,,,,7579683251
Kushi Hospital,hospital,13.0938081,77.5804166,Bengaluru 560065,,,,7579683252
Vikrant Hospital,hospital,13.142831,77.6727356,Bengaluru 562149,,,,7579683253
Nisarga Poly Clinic,clinic,13.1205677,77.6280394,Bengaluru,,,,7579683254
Dr. Biswas Ji,doctors,13.0997798,77.5955704,Bengaluru 560064,,,,7579683256
Sri Satya Sai Orthopaedic Clinic,clinic,13.0997418,77.5814832,Bengaluru 560064,,,,7579683257
Varsha Hospital,hospital,13.1026581,77.6297932,Bengaluru 560064,,,,7579683258
Sri Ragavendra Poly Clinic,clinic,13.102292,77.6289175,Bengaluru 560064,,,,7579683259
Just Smiles,hospital,13.098668,77.5826843,Bengaluru 560064,,,,7579683261
Attharva Dental and Children's Clinic,dentist,13.099182,77.577699,Bengaluru 560064,,,,7579683262
Aayurjisha Women's Clinic,clinic,13.1041255,77.6023323,Bengaluru 560064,,,,7579683265
Amogh Ortho Centre,clinic,12.9178682,77.5610481,Bengaluru 560070,,,,7579924700
Vismaya ENT Clinic,clinic,12.9175335,77.559993,Bengaluru 560070,,,,7579924701
Beta Clinic,clinic,12.9209147,77.5432594,Bengaluru 560085,,,,7579924702
Nagaratna Clinic,clinic,12.9060631,77.5433318,Bengaluru 560061,,,,7579924703
Prashanth Nursing Home,clinic,12.9295017,77.5635313,Bengaluru 560070,,,,7579924704
Safa Health care,clinic,12.9238004,77.6024467,Bengaluru 560029,,,,7579924705
Daivik Clinic,clinic,12.9147481,77.6063204,Bengaluru 560076,,,,7579924707
Usha Clinic,clinic,12.9264311,77.6016717,Bengaluru 560029,,,,7579924708
Prashant Clinic,clinic,12.9222659,77.550702,Bengaluru 560090,,,,7579924709
Soukhya Family Clinic,clinic,12.9089522,77.5341499,Bengaluru 560061,,,,7579924710
Lavis Hospital,hospital,12.925461,77.609021,Bengaluru 560029,,,,7579924711
Hanumagiri Clinic,clinic,12.9280659,77.5446602,Bengaluru 560085,,,,7579924712
Reviva Dermaesthetic,clinic,12.9165942,77.5965621,Bengaluru 560078,,,,7579924713
Gowri Dental Clinic,dentist,12.913901,77.546925,Bengaluru 560061,,,,7579924714
Sevakshetra Hospital,hospital,12.9215119,77.5724702,Bengaluru 560070,,,,7579924715
Vitiligo Clinic,clinic,12.9172038,77.6149488,Bengaluru 560068,,,,7579924716
Amar Ayurveda,clinic,12.9194081,77.5845857,Bengaluru 560041,,,,7579924717
Dr. S C Veerendra Kumar,doctors,12.9233888,77.5512272,Bengaluru 560085,,,,7579924718
Niramaya Dental care,dentist,12.9318184,77.5556681,Bengaluru 560085,,,,7579924719
Disney Family Clinic,clinic,12.913031,77.6034614,Bengaluru 560076,,,,7579924720
Venkateshwara Clinic,clinic,12.906888,77.54518,Bengaluru 560061,,,,7579924721
Shrinetra Eye Clinic,clinic,12.924971,77.549831,Bengaluru 560085,,,,7579924722
Ganesh Dental Care,dentist,12.9169158,77.5607423,Bengaluru 560070,,,,7579924723
M.F. Dental Care,dentist,12.917483,77.6028048,Bengaluru 560029,,,,7579924724
Perfetual Help Hospital,hospital,12.9055752,77.5425258,Bengaluru 560011,,,,7579924725
Ramdas Homeopathy Clinic,clinic,12.9271897,77.5447555,Bengaluru 560085,,,,7579924726
Modi Dental Care & Implant Centre,dentist,12.9140497,77.613406,Bengaluru 560076,,,,7579924727
Dr. Revathi Prasad,doctors,12.9053197,77.6030568,Bengaluru 560076,,,,7579924728
Shree Vaishnavi Heart Centre and Multi Speciality,hospital,12.9121632,77.6098276,Bengaluru 560076,,,,7579924729
RespiCare,clinic,12.918078,77.580926,Bengaluru 560041,,,,7579924730
Marigold Hospital,hospital,12.9136262,77.6045369,Bengaluru 560076,,,,7579924731
Bharathi Hospitals,hospital,12.9334096,77.5622345,Bengaluru 560050,,,,7579924732
GBY ENT Clinic,clinic,12.914444,77.546796,Bengaluru 560061,,,,7579924733
Vijaya Orthopaedic Centre,clinic,12.9174804,77.5608236,Bengaluru 560070,,,,7579924734
Carewell Dental Clinic,dentist,12.9063963,77.5432763,Bengaluru 560061,,,,7579924735
Root & Crown Dental Care,dentist,12.913579,77.548358,Bengaluru 560061,,,,7579924736
Devi Hospital,hospital,12.9239445,77.6198634,Bengaluru 560034,,,,7579924738
Arogya Clinic,clinic,12.9212952,77.5416399,Bengaluru 560085,,,,7579924739
Dermacare Skin Clinic,clinic,12.925261,77.549434,Bengaluru 560085,,,,7579924740
Nisa Multi Speciality Clinics,clinic,12.9138294,77.6070373,Bengaluru 560076,,,,7579924741
Amba Laser Clinic,clinic,12.9191848,77.6104644,Bengaluru 560029,,,,7579924742
Dr. Seema Sultana's Women's Clinic,clinic,12.9232355,77.6021539,Bengaluru 560029,,,,7579924743
Devagiri Hospital,hospital,12.924153,77.565797,Bengaluru 560070,,,,7579924744
Poorna Clinic,clinic,12.905774,77.536862,Bengaluru 560061,,,,7579924745
Metropolis Healthcare,clinic,12.9250629,77.5453371,Bengaluru 560001,,,,7579924746
Anand Kids,clinic,12.9278507,77.5506292,Bengaluru 560085,,,,7579924747
Trinetra Polyclinic,clinic,12.9226964,77.5630076,Bengaluru 560070,,,,7579924748
Ashya Clinic,clinic,12.907377,77.6040762,Bengaluru 560076,,,,7579924749
Madhumeha Diabetes Centre,clinic,12.919227,77.575866,Bengaluru 560070,,,,7579924750
Dr. Jagadish Adiga,doctors,12.9245451,77.5492886,Bengaluru 560085,,,,7579924751
Shenoy's Children Clinic,clinic,12.917402,77.6010132,Bengaluru 560029,,,,7579924752
Pothys Hospital,hospital,12.9159348,77.6034098,Bengaluru 560076,,,,7579924753
Center for Liver Disease Hospital,hospital,12.916234,77.593019,Bengaluru 560078,,,,7579924754
Banashankari Poly Clinic,clinic,12.915263,77.584736,Bengaluru 560041,,,,7579924755
Kareem ENT,clinic,12.918787,77.605897,Bengaluru 560029,,,,7579924756
Dr. Santosh Clinic,clinic,12.9190762,77.6092154,Bengaluru 560029,,,,7579924757
Karthik Dental & Orthodontic Care Centre,dentist,12.9179383,77.5779837,Bengaluru 560070,,,,7579924758
All Smiles Dental Health Centre,dentist,12.905596,77.6047376,Bengaluru 560076,,,,7579924759
Sudha Prevention Centre,hospital,12.9254569,77.5467101,Bengaluru 560085,,,,7579924760
Sri Devi Clinic,clinic,12.9249909,77.5440968,Bengaluru 560085,,,,7579924761
Sahasra Hospital,hospital,12.920651,77.5746118,Bengaluru 560082,,,,7579924762
Nargund Clinics,clinic,12.925235,77.540841,Bengaluru 560085,,,,7579924763
Vinayaka Sai Dental Clinic,dentist,12.928795,77.609192,Bengaluru 560029,,,,7579924764
Sri Jyoti Eye Clinic,clinic,12.9221202,77.610766,Bengaluru 560068,,,,7579924765
Health India Hospital,hospital,12.9265183,77.6090995,Bengaluru 560029,,,,7579924766
Nandeesh's Dental Speciality,dentist,12.9117655,77.5396707,Bengaluru 560078,,,,7579924767
Shanti Hospital,hospital,12.9202202,77.5772991,Bengaluru 560070,,,,7579924768
Anugraha Clinic,clinic,12.912832,77.605728,Bengaluru 560076,,,,7579924769
Srinivas Clinic,clinic,12.9052928,77.5423946,Bengaluru 560061,,,,7579924770
Dental Plus Multispeciality Centre,dentist,12.9245021,77.5511045,Bengaluru 560085,,,,7579924771
Vaishanavi ENT Clinic,clinic,12.9254955,77.5402548,Bengaluru 560085,,,,7579924772
Akshay Dental care,dentist,12.914273,77.548708,Bengaluru 560061,,,,7579924773
Ullas Clinic,clinic,12.909983,77.544557,Bengaluru 560061,,,,7579924774
Hopeberry Clinic,clinic,12.924474,77.55082,Bengaluru 560085,,,,7579924775
Devasparsha Ayurvedic Clinic,alternative,12.911862,77.60988,1203 16th Main Road Bengaluru 560076,,,,7579924776
Diya Speciality Eye Care,clinic,12.9075819,77.5470543,Bengaluru 560061,,,,7579924777
Ravi Clinic,clinic,12.923358,77.5467868,Bengaluru 560085,,,,7579924778
Spurthy Hospital,hospital,12.923857,77.611355,Bengaluru 560029,,,,7579924779
Apollo Cradle Maternity & Children's Hospital,hospital,12.916885,77.585258,Bengaluru 560011,,,,7579924780
Ayesha Speciality Clinic,clinic,12.918036,77.603516,Bengaluru 560029,,,,7579924781
Bharat Clinic,clinic,12.9082942,77.6050646,Bengaluru 560076,,,,7579924782
St. Martha's Hospital,hospital,12.906113,77.542548,Bengaluru 560061,,,,7579924783
Lakshmi Venkateswara Clinic,clinic,12.9152752,77.5394034,Bengaluru 560061,,,,7579924784
The Orthopaedic Centre,clinic,12.9204339,77.5624477,Bengaluru 560070,,,,7579924786
Apollo Pharmacy,pharmacy,13.0038285,77.6154682,Bengaluru,,,,7817577922
MedPlus,pharmacy,13.0039944,77.6155412,Bengaluru,,,,7941607043
Shree srinivasa uro care,clinic,12.9759367,77.6469418,80ft road Bengaluru,+919242178751,https://ssurocare.com/,,7976291965
Chinmaya Hrudayalaya,hospital,12.9778121,77.6459447,Bengaluru,,,,7976310624
Fame Balaji,pharmacy,12.978176,77.6429501,2nd cross Bengaluru,,,,7976320212
"Dr C Jagadeesh's Dental Clinic, The Center for Smile Correction and Dental Implants",dentist,12.9776632,77.6435868,9th A Main Road Bengaluru 560038,+9108041153444,https://www.drcjagadeesh.com/,,7976322810
Dr Nidhi's Clinic and Implant Centre,dentist,13.0015829,77.6236346,Bengaluru,,,,8065138992
Sarooj Pharma,pharmacy,13.0001038,77.6230624,Bengaluru,,,,8120700204
Manjula Clinic,clinic,12.967786,77.5303786,Bengaluru,,,,8145729233
Unnamed Medical Location,pharmacy,12.9678599,77.5303785,Bengaluru,,,,8145729234
Unnamed Medical Location,dentist,13.0309821,77.5602586,Bengaluru,,,,8151032698
Max Medicals,pharmacy,12.9564805,77.5828736,Bengaluru,,,,8170392717
Axis Pharma and Dental Supplies,pharmacy,13.0004506,77.6218199,Bengaluru,,,,8186304650
Richfeel Hair And Scalp Clinic,clinic,13.0096996,77.5760799,Bengaluru,,,,8187986324
Dhanvanthri Clinic,clinic,13.0055162,77.5739831,Bengaluru,,,,8187986339
Alleviate Pain Management Clinic,clinic,13.0056853,77.5805903,Bengaluru,,,,8187986340
Mona Clinic and Lab,clinic,13.002402,77.5540647,Bengaluru,,,,8187986346
The orthopedics clinic,clinic,13.0022436,77.621601,Bengaluru,+91 080 25466695,,,8187986351
Dr. Satyananda Clinic,clinic,13.0016601,77.5584934,Bengaluru,,,,8187986352
Manjunatha maternity clinic,clinic,13.0000365,77.5349821,Bengaluru,,,,8187986355
Shilpa Clinic,clinic,12.9986082,77.5425992,Bengaluru,,,,8187986356
Namma Vaidyashaala Clinic,clinic,12.9982397,77.5710706,Bengaluru,,,,8187986357
Ganesha Clinic,clinic,12.9918121,77.5626808,Bengaluru,,,,8187986368
Mythri Clinic,clinic,12.9912126,77.5662996,Bengaluru,,,,8187986370
Dr Ramesh Clinic,clinic,12.9717729,77.5519645,Bengaluru,,,,8187986393
Koushik Dental Care Orthodontic And Implantology Center,dentist,13.007049,77.578793,Bengaluru,,,,8188018370
Dental 360,dentist,12.9953,77.567335,Bengaluru,,,,8188018381
Smiles Dental Care ECHS Clinic,dentist,12.9831754,77.6803283,Bengaluru,,,,8188018394
Sri Lakshmi Multi Speciality Hospital,hospital,12.8812376,77.7516894,Bengaluru,,,,8188036050
Government Hospital,hospital,13.0903942,77.4966765,Bengaluru,,,,8188038448
Government Hospital,hospital,13.0803204,77.5535057,Bengaluru,,,,8188038457
Bangalore Healthcare Center Pranav Ayurveda Hospital,hospital,13.0770012,77.5581038,Bengaluru,,,,8188038463
Government Hospital,hospital,13.070554,77.5388968,Bengaluru,,,,8188038473
Kruthika Hospital,hospital,13.0650144,77.5041964,Bengaluru,,,,8188038495
Dr Saju George Kottakkal,hospital,13.0621628,77.5177637,Bengaluru,,,,8188038499
Fathima Hospital,hospital,13.0559513,77.5329456,Bengaluru,,,,8188038523
Esi Dispensary,hospital,13.0439933,77.5065494,Bengaluru,,,,8188038553
Ashwini Hospital,hospital,13.0313399,77.5055985,Bengaluru,,,,8188038578
Esi Hospital Peenya 1st Stage,hospital,13.0280728,77.5231858,Bengaluru,,,,8188038584
Nayanalaya Super Speciality Eye Care Centre,hospital,13.006795,77.571159,Bengaluru,,,,8188038659
Srinidhi Health Centre,hospital,13.005821,77.5725746,Bengaluru,,,,8188038670
Orthopedic & Eye Care Center,hospital,13.0054934,77.5719519,Bengaluru,,,,8188038674
ESI Hospital,hospital,13.004596,77.5540033,Bengaluru,,,,8188038681
Ramani Orthopaedic Hospital,hospital,13.0044307,77.5785238,Bengaluru,,,,8188038683
Atharva Ayurdhama Ayurvedic Hospital,hospital,13.004314,77.547749,Bengaluru,,,,8188038684
RICH CARE HOMEOPATHY,hospital,13.0015461,77.5721683,Bengaluru,,,,8188038691
Poornayu Ayurveda Hospital,hospital,12.998238,77.551173,Bengaluru,,,,8188038705
Appllo Diagnostic,hospital,12.9981064,77.6008126,Bengaluru,,,,8188038706
Supra Diagnostics Spine Care And Ortho Care Hospital,hospital,12.9969996,77.5730038,Bengaluru,,,,8188038712
K.C.General Hospital,hospital,12.9960244,77.5693714,Bengaluru,,,,8188038718
ESIC Model Hospital,hospital,12.9916924,77.5539007,Bengaluru,,,,8188038735
Government Hospital,hospital,12.9905045,77.5566355,Bengaluru,,,,8188038742
Esi Hospital Bangalore,hospital,12.9904985,77.5530924,Bengaluru,,,,8188038743
Government Hospital,hospital,12.9844963,77.5551801,Bengaluru,,,,8188038786
Anupama Hospital,hospital,12.9831814,77.4787872,Bengaluru,,,,8188038795
Unnamed Medical Location,pharmacy,12.9990055,77.5251143,Bengaluru,,,,8240244514
Medicine Point,pharmacy,13.0234095,77.555958,Bengaluru,,,,8255026055
Sri Balaji Specialist clinic,clinic,12.9336108,77.5415266,"2nd Main Rd, 6th Block, Banashankari 3rd Stage, Banashankari Bengaluru 560085",,https://www.spineexpertbangalore.in/dr-pramod-sudarshan,,8261705436
Dr. Srikanth KP,clinic,12.9579281,77.6485471,"People Tree Hospitals, Metro Stop, 2, Tumkur Rd, Next to, Goraguntepalya, Yeswanthpur Bengaluru 560022",,https://www.orthodrsrikanthkp.in/,,8277238199
Dentawell,dentist,12.9213268,77.736211,Bengaluru,,,,8277305011
Dr. Srikanth KP,doctors,13.0287266,77.5393827,People Tree Hospitals Bangalore 560022,,https://www.orthodrsrikanthkp.in,,8277369138
Outpatients,clinic,12.9357161,77.594267,Bengaluru,,,,8279529784
Dental Conceptz,dentist,13.0639874,77.58574,Bengaluru,080 2363 6923,https://www.dentalconceptz.com/,,8283583120
Sun Orthopaedic center,hospital,13.0332219,77.5549236,Bengaluru,,,,8364348296
Ramdev Medical,pharmacy,13.0344427,77.5578665,Bengaluru,,,,8364370519
Bites and Braces Dental Clinic,dentist,13.0192651,77.5574251,Bengaluru,9686633551,,,8427338689
Kushi Dental Clinic,dentist,13.0435248,77.5520426,Bengaluru,9886059236,,,8427345271
Raghu Medicals,pharmacy,13.0376774,77.5535627,Bengaluru,,,,8427355017
St. Johns hospital Emergency ward,hospital,12.9305937,77.6186159,Bengaluru,,,,8428403226
Liss Medical and Dental Clinic,clinic,12.8984689,77.6572967,5 Reliable Lakedew Residency Bengaluru 560102,,,,8439422717
Unnamed Medical Location,pharmacy,12.9981123,77.5406402,Bengaluru,,,,8442182839
Sharma Nethralaya,clinic,12.9977569,77.5407442,Bengaluru,,,,8442182842
People Pharmacy,pharmacy,12.9975844,77.5404666,Bengaluru,,,,8442182850
Anand Lab,laboratory,12.9995138,77.5521214,Bengaluru,,,,8442228924
Cuti Care,clinic,12.959775,77.5674788,Bengaluru,,,,8457582817
CUPA Small Animals Hospital,veterinary,13.026494,77.5933758,Bengaluru,,,,8534917998
Dental Concepts,dentist,13.0639837,77.5857473,Bengaluru,,,,8543840371
Nandini Medicals,pharmacy,13.0299023,77.5534768,Bengaluru,,,,8544082326
SRL Diagnostics,clinic,12.9261315,77.5847369,51 33rd Cross Road Jayanagar 4th Block Bangalore 560011,091115 91115,https://www.srlworld.com/,,8571439080
Katherina Kasper Clinic,clinic,13.0022702,77.6216147,Bengaluru,+91 080 25466695,,,8594821791
Katherina Kasper Leprosy Control Scheme,clinic,13.0022957,77.621624,16 Hutchins Main Road Bangalore 560005,+91 080 25466695,,,8594821792
Mathew Children's Specialist,clinic,13.0002611,77.6208809,Bengaluru,+91 080 25473578,,,8594849018
Dental Zone- Dentist in Bangalore,dentist,12.9421555,77.6973034,"36/1, 2nd floor, Outer Ring Rd, opposite Prestige Tech Park, next to indiqube gamma, Kadubeesanahalli, Bengaluru, Karnataka 560103 Sevice Road Bangalore 560103",+918050808811,https://dentalzone.co.in/,info@dentalzone.co.in,8632176210
Shiv shakthi medicals,pharmacy,13.0331404,77.5993644,Bengaluru,,,,8684358823
Healing Hands Advanced Physiotherapy Clinic,hospital,12.9128623,77.5714903,"64/2, Sarakki Main Rd, Sarakki Nagar, 4th Cross Road Bangalore 560078",,,,8776646948
Narayan Multispeciality clinic,hospital,12.9288444,77.5828703,Bengaluru,,,,8873805759
MedPlus,pharmacy,12.9715511,77.635481,"3142, Ground Floor 7th Main, ESI Hospital Road Bengaluru",+916366374166,https://pharmacy.medplusmart.com/INKABLR00500,,9066455075
Jan Aushadhi,pharmacy,13.0259658,77.6060233,Bengaluru 560032,,,,9082429618
Rashi Medical Stores,pharmacy,13.0102236,77.7063424,Bengaluru,,,,9136927427
Pradhanmantri Bharatiya Janaushadhi Kendra,pharmacy,12.9953858,77.5546266,624 Bengaluru,,,,9136927430
Anand Diagnostics,laboratory,13.0814263,77.5604177,12th cross road Bengaluru,,https://anandlab.com/,,9144899120
Anand Diagnostic Laboratory,laboratory,12.9825917,77.5374605,Bengaluru,,,,9161008240
Indus Diagnostics,laboratory,12.9137769,77.606525,Bengaluru,,,,9165209209
Om Medicals,pharmacy,12.9136612,77.6076138,Bengaluru,,,,9165273183
Impact Physiotherapy,physiotherapist,12.9135723,77.6099363,Bengaluru,,,,9173864226
Garden City Homeopathic Clinic,alternative,12.9134132,77.6047308,Bengaluru,,,,9174433689
Adarsh Hospital,hospital,12.9208444,77.4847891,Bengaluru,,,,9192967331
Raghu Pharma,pharmacy,13.0254048,77.5575363,Bengaluru,,,,9249655400
K Health Diagnostics Lab,laboratory,12.9704347,77.6951109,Bengaluru,,,,9274264129
clinic,hospital,12.9395279,77.586437,Bengaluru,,,,9276855256
Flourish Dental Studio,dentist,12.9719428,77.6399329,Bengaluru,,,,9288431564
Micro Diagnostic Center,laboratory,12.9721253,77.6957724,Bengaluru,,,,9290912311
Magnum Onco Care,clinic,12.9592631,77.5931659,Bengaluru,,,,9296258309
Maya Clinic Pharmacy,pharmacy,12.9690162,77.6936245,Bengaluru,,,,9312818687
Maya Clinic,clinic,12.9689946,77.6936227,Bengaluru,,,,9312818688
Smile On Complete Dental Care,dentist,12.9585861,77.7085301,Bengaluru,,,,9332449847
MedPlus,pharmacy,12.9733976,77.6936603,Bengaluru,,,,9332469957
Janani Clinic,pharmacy,12.9386583,77.6968715,Panathur Main Road Bengaluru 560103,,,,9341700063
Aster Pharmacy,pharmacy,13.0023102,77.552568,Bengaluru,,,,9350054873
Navashakthi Nethralaya,clinic,13.0370182,77.6278442,Bengaluru,,,,9527967779
Shree Manyata Hospitals,hospital,13.0544507,77.6316369,Bengaluru,,,,9527967835
Aster Labs,pharmacy,13.0608541,77.6419379,Bengaluru,,,,9527967873
Dr. Naveen Tahasildar,clinic,12.8536938,77.6660164,"29/P2, The Health City, Hosur Rd, Bommasandra Industrial Area, Bommasandra Industrial Area, Bengaluru- 560099,Karnataka, India Bengaluru 560099",,https://www.naveenspine.com/,,9528908058
Dentist,dentist,13.053769,77.5744763,Bengaluru,,,,9563008718
Netmeds,pharmacy,12.873081,77.5666966,Amruth Nagar Main Road Bangalore 560062,,https://www.netmeds.com/,,9568586470
Best Medical and General Store,pharmacy,12.8726746,77.5663573,Anjanapura 60 Feet Road Bangalore 560062,,,,9568796528
Cessna Lifeline Veterinary Hospital,veterinary,13.0145081,77.5742617,Bengaluru,,,,9583428973
Kaveri Diagnostic Centre,clinic,13.0968582,77.5777955,Bengaluru,,,,9623069636
Apollo Pharmacy,pharmacy,12.9102334,77.483414,Bengaluru,,,,9654247748
Sri Ganesha Clinic,clinic,12.9519232,77.4995649,Bengaluru,,,,9654252397
Apollo Pharmacy,pharmacy,12.9230032,77.4844748,Bengaluru,,,,9654252408
Indira pet clinic,veterinary,12.9726123,77.6379008,Bengaluru,,,,9655459411
Sri Badri Clinic,clinic,13.1025097,77.5712728,Bengaluru,,,,9659513315
NLSIU Health Center,clinic,12.9557239,77.5177181,Bengaluru,,,,9688306968
Deepa polyclinic,clinic,13.1039641,77.5739215,Bengaluru,,,,9689131148
Yelahanka new standard diagnostic centre,clinic,13.1039477,77.5739432,Bengaluru,,,,9689131149
Aster Pharmacy,pharmacy,13.1038518,77.5742208,Bengaluru,,,,9689131157
Apollo Pharmacy,pharmacy,13.1038491,77.5749896,Bengaluru,,,,9689162982
Oral D,dentist,12.9684795,77.6408797,Bengaluru,,,,9689539838
Kidwai Cancer Institute Radiation Block,hospital,12.9355966,77.5971575,Bengaluru,,,,9730853893
Altius Hospital,hospital,13.0344639,77.6291947,Bengaluru,,,,9739831278
Ace Dental Care,dentist,12.9904828,77.6604438,Bengaluru,,,,9740683768
Neo Hospital,hospital,12.8474,77.6439378,Bengaluru 560100,,,,9776823581
Jangu Pharma,pharmacy,12.9268186,77.69495,Bengaluru,,,,9781262329
Planet Dental,dentist,12.9955047,77.5715809,Bengaluru,,,,9784639593
Unnamed Medical Location,pharmacy,12.9945697,77.5716164,Bengaluru,,,,9784639597
Nurture,clinic,12.9343959,77.6970325,Bengaluru,,,,9795107214
Safe Hands,laboratory,12.9344651,77.6970542,Bengaluru,,,,9795107215
Banyan Dental Care,dentist,12.9554823,77.6534434,"First Floor, Lakshmi Complex Wind Tunnel Road Bengaluru 560017",+918971567992,,,9803471813
Sai Clinic,clinic,12.9365809,77.7033198,Bengaluru,,,,9819701594
Jayarekha Medicals,pharmacy,12.9035704,77.7042548,Bengaluru,,,,9822939189
Apollo Pharmacy,pharmacy,12.915418,77.6987688,Bengaluru,,,,9828595269
Maya Hospital,hospital,12.9365283,77.7046741,Bengaluru,,,,9830781726
Apollo Pharamacy,pharmacy,12.9133573,77.6491004,Bengaluru,,,,9833465632
Devi Eye Hospital,hospital,12.9556074,77.7216631,Bengaluru,,,,9841433907
Bangalore Pet Hospital,veterinary,12.9558503,77.7301227,Bengaluru,,,,9841485158
Janani Clinic,clinic,12.9385536,77.6970795,Bengaluru,,,,9854961738
Apollo Clinic,clinic,12.9358709,77.7211024,Bengaluru,,,,9865527821
MedPlus,pharmacy,12.9361556,77.7211315,Bengaluru,,,,9865527822
Prestige,pharmacy,12.9391792,77.7211107,Bengaluru,,,,9865883218
Shubham,clinic,12.9396871,77.722405,Bengaluru,,,,9865883235
Relief,physiotherapist,12.9397017,77.7225877,Bengaluru,,,,9865883236
ALR,pharmacy,12.9397035,77.7226865,Bengaluru,,,,9865883237
Smile Dental Clinic,dentist,12.9394985,77.7230174,Bengaluru,,,,9865883252
Ashapurna Medicals,pharmacy,12.9394601,77.7348009,Bengaluru,,,,9873938160
Sri Ramdev Medicals,pharmacy,12.936494,77.7445098,Bengaluru,,,,9874033645
Sahasra Hospital,hospital,12.9337751,77.7433234,Bengaluru,,,,9874033652
Kosmoderma dermatologist,clinic,12.9555826,77.7215706,Bengaluru,,,,9874558791
Clove Dental,clinic,12.9555812,77.7214813,Bengaluru,,,,9874558792
Dhanalaxmi General Stores,pharmacy,12.9559635,77.7207388,Bengaluru,,,,9876035819
Truth Labs Forensics,laboratory,12.9555494,77.7251755,Bengaluru,,,,9876035830
MedPlus,pharmacy,12.9603343,77.7193382,4th Main Road Bengaluru,,,,9883500517
Medpolo,pharmacy,12.9604186,77.7201826,Bengaluru,,,,9883500548
Health Bloom Poly Clinic,clinic,12.960334,77.7187368,Bengaluru,,,,9884929792
Health Bloom,pharmacy,12.9603516,77.7187819,Bengaluru,,,,9884929793
Apollo Pharmacy,pharmacy,12.9604763,77.7174445,Bengaluru,,,,9884929802
Cloudnine Hospital,hospital,12.8832909,77.5500857,"766 Narayana Nagar, 1st Block, Doddakallasandra Village, Kanakapura Road Bengaluru 560062",9972999729,https://www.cloudninecare.com,,9884952776
Whitefield Spine Clinic,clinic,12.9555785,77.7197673,Bengaluru,,,,9884967531
SSR Multi Speciality Dental Clinic,clinic,12.9582795,77.7009429,Bengaluru,+919686258458,,,9909034421
Sri Sai Medicals,pharmacy,12.9081233,77.6957465,Bengaluru,,,,9909036522
Balaji Pharma,pharmacy,12.9086588,77.6958342,Bengaluru,,,,9909062223
Apollo Pharmacy,pharmacy,12.9589036,77.7016002,Bengaluru,,,,9909062518
Bagda Dental Care,dentist,12.9870231,77.5562178,Bengaluru,,,,9909999115
Srinivasa Medicals,pharmacy,12.9589394,77.7184195,Bengaluru,+91 97050 87594,,,9917384680
My Dentist-Centre For Complete Dental & Implant Care,dentist,12.9429386,77.5460608,"9, 50 Feet Road, Muneshwara Block , Girinagar Bangalore 560026",,,,9933966690
My Dentist,hospital,12.9429852,77.5460604,Bengaluru,,,,9934012104
Bhoomi Medicals,pharmacy,13.005053,77.5497289,Bengaluru,,,,9936582860
Mandahaasa,dentist,12.9257647,77.4857621,"#4&5, 1st Floor, Mahantesh Building 11th Cross, 1st Main, Kengeri Satellite Town, Bengaluru 560060. Bengaluru",+918618204213,https://mandahaasadentalcare.com/,,9937275997
G. S. Clinic,clinic,12.9594686,77.7184595,Bengaluru,,,,9945555278
G. S. Pharmacy,pharmacy,12.9594016,77.7184562,Bengaluru,,,,9945555279
Apollo Diagnostics,laboratory,12.9700293,77.7124215,Bengaluru,,,,9948671552
MedPlus,pharmacy,12.9411755,77.6277014,Bengaluru,,,,9953939217
Mahaveer Medical,pharmacy,12.9417192,77.6278767,Bengaluru,,,,9961663318
Iswarya Fertility,clinic,12.9650736,77.701674,Bengaluru,,,,9967069617
A-Z Pharma,pharmacy,12.9754863,77.6967198,Bengaluru,,,,9978419618
Hurbz,clinic,12.9691264,77.6405793,Bengaluru,,,,9981919774
Unnamed Medical Location,dentist,12.972527,77.6401596,Bengaluru,,,,9981919776
Sure Smile,dentist,12.9817215,77.6056207,Bengaluru,,,,10009237339
Anand Diagnostic Laboratory,clinic,12.9814463,77.6061401,Bengaluru,,,,10009305818
Brothers Chemist,pharmacy,13.0514678,77.6041664,Bengaluru,,,,10009663799
IVF Access - Fertility Clinic,clinic,12.9449334,77.6196372,Bengaluru,,,,10036561217
Vitamin Galaxy,pharmacy,12.940938,77.6241703,Bengaluru,,,,10036648121
Sabka Dentist,dentist,12.9415824,77.6235081,Bengaluru,,,,10036648517
Jain Medicals,pharmacy,12.9818781,77.6040785,Bengaluru,,,,10047234717
Aarthi Scans and Labs,laboratory,12.9403606,77.6251922,Bengaluru,,,,10047410419
Olivia Hair & Skin Clinic,clinic,12.9174635,77.6515123,Bengaluru,,,,10049251595
Siddanth Hospital,hospital,12.9563317,77.7305782,Bengaluru,,,,10051271572
Apollo Diagnostics,laboratory,12.9557764,77.7262087,Bengaluru,,,,10051271592
Apollo Diagnostics,laboratory,12.940814,77.6276531,Bengaluru,,,,10064404017
Samosa Party,fast_food,12.9118695,77.6379593,36 14th Main Road Bengaluru,,https://www.samosaparty.in/,,10066902937
Safe Hands Diagnostics,laboratory,12.909025,77.6436232,Bengaluru,,,,10066903114
Tooth Flora,dentist,12.9092427,77.6439852,Bengaluru,,,,10066903119
Sanjeevani Medicals,pharmacy,12.9141711,77.6383752,Bengaluru,,,,10066903148
Skinsi,clinic,12.9333552,77.6224709,Bengaluru,,,,10068956766
Toothsi,clinic,12.9333754,77.6224577,Bengaluru,,,,10068956767
Pinnacle Family Dental and Implant Clinic,dentist,12.9348218,77.6304221,Bengaluru,,,,10072982933
V-Care Pet Polyclinic,veterinary,12.9265299,77.6375122,Bengaluru,08025525834,https://www.vcarepetpolyclinic.com/,,10073443014
Pet Zone Pet Clinic,veterinary,12.9335751,77.6267634,437 8th Main Bengaluru,08041217299,,,10073475701
Economic Homeo Store,alternative,12.9346981,77.6298274,983 1st Cross Road Bengaluru,,,,10076924585
Skanda Medicals,pharmacy,12.9350365,77.6332951,991 7th Main Road Bengaluru,,,,10079235531
iCure Medicals,pharmacy,12.9352067,77.6315454,4th Main Road Bengaluru,,,,10079235533
Apollo Pharmacy,pharmacy,12.935561,77.6309798,Bengaluru,,https://www.apollopharmacy.in/,,10079235534
Devi Dental Clinic,dentist,12.9434116,77.6284322,Bengaluru,,,,10095557017
Sree Maruthi Diagnostics Centre,laboratory,12.9511744,77.6225308,Bengaluru,,,,10098185519
Sanjith Clinic,clinic,12.9511615,77.6225552,Bengaluru,,,,10098185617
United Medicals,pharmacy,12.9509127,77.6230621,Bengaluru,,,,10101174018
Bright Medicals,pharmacy,12.9509673,77.623189,Bengaluru,,,,10101174122
Dental Lounge,dentist,12.9393803,77.6286584,Bengaluru,,,,10111481449
Ramdev Medical,pharmacy,12.9394907,77.6257893,Bengaluru,,,,10114142768
Unnamed Medical Location,pharmacy,12.9507714,77.6238421,Bengaluru,,,,10118711001
Apollo Pharmacy,hospital,12.9263862,77.6766068,Bengaluru,,,,10137293053
Medray Diagnostic Centre,laboratory,12.9699756,77.640079,Bengaluru,,,,10139984054
Ambica Medical,pharmacy,12.9505124,77.6243668,Bengaluru,,,,10159395930
Dental Clinic,dentist,12.950483,77.6243878,Bengaluru,,,,10159395931
Frank Ross,pharmacy,12.9131646,77.6662853,Bengaluru,,,,10174066605
Health Care Pharmacy,pharmacy,12.9585663,77.7028132,Bengaluru,,,,10197726124
Sri Balaji Medicals & Surgicals,pharmacy,12.9592397,77.7015645,Bengaluru,,,,10197726125
Ramdev Medicrest,pharmacy,12.9593413,77.7017001,Bengaluru,,,,10197726126
Aspire,clinic,12.9174363,77.64467,Bengaluru,,,,10213564140
Sai Krupa Hospital,hospital,12.8629885,77.4330082,Bengaluru,,,,10218105725
Panchavati Chemists and Druggists,pharmacy,12.98669,77.5796975,Bengaluru,,,,10228304187
BBMP Clinic,clinic,13.0261502,77.5776319,Bengaluru,,,,10242924663
Pet Connect,veterinary,13.065306,77.5800479,Bengaluru,,,,10250253421
Forster Pharma,pharmacy,12.9720878,77.6009403,Bengaluru,,,,10272932180
Sri Reddy Pharma,pharmacy,13.0010747,77.5505476,Bengaluru 560010,,,,10276162819
Delta Dental Care,dentist,13.0028806,77.5502687,Bengaluru,,,,10276162823
Sri Balaji,clinic,12.8024836,77.7032429,Bengaluru,,,,10278043187
Prima Diagnostics,laboratory,12.9555907,77.7253412,Bengaluru,,,,10284845771
Smaya's Dento Care,dentist,12.9557697,77.730186,Bengaluru 560066,+91 9959759477,https://www.smayasdentocare.com/,smayasdentocare@gmail.com,10284845773
Unnamed Medical Location,dentist,12.9894282,77.5541009,Bengaluru,,,,10285926887
Medical Shop,pharmacy,13.0547385,77.5757832,Bengaluru,,,,10299332310
Apollo Pharmacy,pharmacy,12.8568366,77.5417326,Kumarans School Holiday Village Road Bengaluru 560062,+91 90361 19292,https://www.apollopharmacy.in/,,10311370638
Apollo Clinic,clinic,12.8567838,77.541725,Kumarans School Holiday Village Road Bengaluru 560062,+91 80 4172 3865,,,10311370640
Ganesh Medicals and General Store,pharmacy,12.9588498,77.7202575,Bengaluru,,,,10550697164
Manish Medicals,pharmacy,12.9605567,77.716688,Bengaluru,,,,10550697168
Turning Point Therapists,clinic,12.920554,77.5915324,Bengaluru,,,,10554508510
Aster Pharmacy,pharmacy,13.1038383,77.5742273,Bengaluru,,,,10558971056
Apollo Pharmacy,pharmacy,13.1038674,77.5749742,Bengaluru,,,,10558971059
Mahaveer Medicals,pharmacy,13.102027,77.5732547,Bengaluru,,,,10558971066
Kush Oral Surgery,dentist,12.9569894,77.7035327,Bengaluru,,,,10564154381
Aditya Pharma,pharmacy,13.0560824,77.6445048,Bengaluru,,,,10574709755
Unnamed Medical Location,pharmacy,13.0599809,77.5766833,Bengaluru,,,,10591250907
Ganesh Medicals,pharmacy,12.9789354,77.6954036,Bengaluru,+91 95134 74684; +91 97420 83570,,,10617518510
Prakruti Pharma,pharmacy,12.9759268,77.7268757,Bengaluru,,,,10651299083
Dr. Raj's,doctors,12.9587793,77.7200019,Bengaluru,+91 9606230460,http://www.drrajskin.in/,,10676226620
DP Speciality Dental Clinic,dentist,12.8601722,77.5422854,"Holiday Village Resort Road, Mallasandra, Karnataka Bengaluru",,,,10680740309
Creative Smiles,dentist,12.8950745,77.6615909,Bengaluru,,,,10685053925
Geronics,clinic,12.894727,77.6616046,Bengaluru,,,,10685053926
Geronics Pharmacy,pharmacy,12.8947315,77.6615482,Bengaluru,,,,10685053927
Jiva Ayurveda,clinic,12.9127582,77.6519241,Bengaluru,,,,10718514443
Ram Medicals HSR Layout,pharmacy,12.9127558,77.6519251,Bengaluru,,,,10718658055
All Smiles Dental Care,dentist,13.0016412,77.5493105,Bengaluru,,,,10731092775
Suraksha Hospital,hospital,13.048083,77.628791,Bengaluru,,,,10731125349
Bangalore Baptist Clinic,clinic,13.0664266,77.641042,Bengaluru,,,,10731130864
Balaji Pharma,pharmacy,13.0669086,77.6391806,Bengaluru,,,,10731130866
MedPlus,pharmacy,13.0728892,77.6007459,Bengaluru,,,,10731130897
Dalvkot,pharmacy,12.9798928,77.727045,Bengaluru,,,,10760815446
Padithem Health Centre,doctors,12.9078712,77.651886,Bengaluru,,,,10778975981
Harsha Poly Clinic & Maternity Home,clinic,12.9946616,77.6961287,Bengaluru,+91 93428 63309,,,10792878640
Mahadev Medicals,pharmacy,12.8743401,77.5417687,"Holiday Village Resort Road, Mallasandra, Bangalore Bengaluru",,,,10801962481
Parency Hospital,clinic,12.9172857,77.5845399,Bengaluru,,,,10854298575
GHOC Obesity Clinic,clinic,12.9173916,77.5785137,Bengaluru,,,,10854298594
MedPlus,pharmacy,12.9886368,77.6842948,DRDO Phase 2 Main Road Bengaluru 560048,,,,10892608897
Apollo Clinic,clinic,12.9874393,77.6893768,Bengaluru,,,,10892672970
Rana Ramdev Medicals,pharmacy,12.9516788,77.7173944,Bengaluru,,,,10894030132
Namma Clinic,clinic,12.9177197,77.5799118,Bengaluru,,,,10931530154
Namma Clinic,clinic,12.9985298,77.5575603,Bengaluru,,,,10934276549
The Local Dentist,hospital,12.9094156,77.663997,"HARLUR MAIN ROAD ,OPP.OZONE EVERGREEN SOCIETY GATE 1 Bengaluru 560102",,,,10963251389
Kirti Eye and Dental Hospital,clinic,12.9966455,77.6211025,2/1 MM Road Cox Town Bengaluru 560005,,,,10979409746
Unnamed Medical Location,doctors,13.0014615,77.6239398,Bengaluru,+91 7349548470,https://www.drchiragthonse.com/,,10980098242
Shri Veer Teja Medical And General Store,pharmacy,12.9712879,77.6941564,Bengaluru,+91 73535 12470; +91 97720 07279,,,10992684349
Saalik's Healthcare Centre,clinic,13.0053041,77.6232049,15 Hutchins 2nd Cross Bangalore 560084,,,,11001999282
Apollo Pharmacy,pharmacy,12.9634686,77.7133118,Bengaluru,,,,11003395608
Zanjani's Medscope Diagnostic Lab,laboratory,13.0044639,77.623133,Bengaluru,,,,11005461596
Leaf pharma,pharmacy,12.924161,77.5971697,Bengaluru,,,,11013472862
Clarity Diagnostics,laboratory,12.9755531,77.6975065,Bengaluru,+91 81055 65960,,,11014674474
Dr. Santa Animal Health Care,veterinary,12.9846095,77.7490486,Bengaluru,,,,11028341135
Janani Clinics,hospital,12.9918503,77.5437825,"629 8th B Main Road, 3rd Stage, 2nd Block, Basaveshwaranagara Basaveshwara Nagar, Bangalore 560079",9036817877,,,11031908387
Roots Pharma,pharmacy,12.9400467,77.6179642,Bengaluru,,,,11036798846
Ram Medicals,pharmacy,12.8603077,77.5423118,"JP Hive complex, Holiday Village Resort Road, Mallasandra, Bangalore Bengaluru",,,,11048990363
Blossoms Dental Clinic,dentist,12.9555717,77.7200867,Bengaluru,,,,11078702998
MedPlus,pharmacy,12.955628,77.7200664,Bengaluru,,,,11078703000
Lotus Hospital,hospital,12.9144825,77.6491563,"24th Main Rd, Vanganahalli, 1st Sector, HSR Layout 5th Sector, Bengaluru, bangalore 560103",,,,11085582504
Dhanavantri Health Care,clinic,12.9873583,77.5507381,Bengaluru,,,,11102274271
MedPlus,pharmacy,13.0329717,77.6089188,Bengaluru,,,,11119054525
MedPlus,pharmacy,12.9714734,77.6277316,Bengaluru,,,,11131430560
Ramdev Medicals,pharmacy,12.8943447,77.6571511,Bengaluru,,,,11136746017
Zenith Dental Care,dentist,13.0054525,77.6235027,Bengaluru,,,,11156162843
Tooth Oral Care Centre,dentist,13.0067974,77.6244593,Bengaluru,+91 9894481 67924,,,11165132273
Hafiz Pharma,pharmacy,12.9597011,77.6015633,Bengaluru,,,,11171324534
HKGN Medicals,pharmacy,12.9600253,77.6016276,Bengaluru,,,,11171324535
DRN Dental Care,dentist,12.9573514,77.5697176,Bengaluru,,,,11178098071
Shankarapuram Diagnostic Centre,clinic,12.9568006,77.5697604,Bengaluru,,,,11178123930
Oncore Diagnostics,laboratory,12.953375,77.5696376,Bengaluru,,,,11178139575
Dr. Trivikran's All smiles,dentist,12.9527119,77.5695634,Bengaluru,,,,11178139576
Rayara Kirana,clinic,12.9525434,77.569727,Bengaluru,+91 99727 77111,https://rayarakirana.com,rayarakirana@gmail.com,11178139577
Balaji Dental Clinic,dentist,12.9570211,77.5694976,Bengaluru,,,,11178139737
Ara Skin Clinic,doctors,12.9512118,77.5696962,Bengaluru,,,,11178142883
Sri Lakshminarasimha Drug Centre,pharmacy,12.9571579,77.5718768,38/1 Pampa Mahakavi Road Bengaluru,,,,11178144186
Sri Vaari Dental Clinic,dentist,12.9569978,77.5636814,64 Chamrajpet 5th Main Road Bengaluru,,,,11178147825
Sri Bhagavan Mahaveer Jain Dental Care,dentist,12.9569814,77.5636441,66 Chamrajpet 5th Main Road Bengaluru,+91 78920 49865,,,11178147827
ProDerma Skin Clinic,clinic,12.9570283,77.5694518,Bengaluru,,,,11178150968
Pandit Clinic (Ayurveda and Panchkarma Center),clinic,12.9570859,77.5701608,Bengaluru,,,,11178150969
Arihant Shri Jain Pharma,pharmacy,12.9588046,77.5649867,Bengaluru,,,,11178186960
Value Pharma,pharmacy,13.011635,77.5568763,Bengaluru,,,,11180654059
Wellness Forever,pharmacy,12.8920864,77.5817853,Bengaluru,,,,11183717719
Krishna Medical,pharmacy,12.9628816,77.7131542,Bengaluru,,,,11192491329
Life Care Medicals,pharmacy,12.8917341,77.5775977,Bengaluru,,,,11196248277
MedPlus,pharmacy,12.8919652,77.5806493,Bengaluru,,,,11196248279
MedPlus,pharmacy,13.0059256,77.555443,Bengaluru,,,,11197006509
Lions Eye Hospital,doctors,12.8880434,77.5816502,Bengaluru,,,,11205380685
Hoysala Medical Stores,pharmacy,12.888287,77.5795047,Bengaluru,,,,11205380686
Smiles On,dentist,12.9589518,77.7179132,Bengaluru,+91 97380 18755,,,11209525663
mom&me,doctors,13.0586257,77.5924592,Bengaluru,,,,11209916091
Dr David Chico,doctors,13.0065349,77.6237528,Bengaluru,,,,11211898843
St Josephs Homeopathic Clinic,doctors,13.0062086,77.6249783,Bengaluru,+91 9066519772,,,11211898906
Prestige Medical Healthcare PMHS,clinic,13.0008846,77.6235326,Bengaluru,+91 9886499994,https://www.pmhshealthcare.com/,,11212337067
Dhanvantri Medical Stores,pharmacy,13.0631437,77.5588654,699/1/1-1 Doddabomasandra Bengaluru 560097,,,,11215176139
Smile 365 Dental Clinic,clinic,13.0139282,77.6423538,Bengaluru,,,,11219451414
SVM Pharmacy,pharmacy,13.0625167,77.5928357,Bengaluru,,,,11219782001
Dentium,dentist,13.0627654,77.5922289,Bengaluru,,,,11219782018
Salovs Labbix,laboratory,13.0629743,77.5918761,Bengaluru,,,,11219782029
Cross Dental Care,dentist,13.06299,77.5918316,Bengaluru,,,,11219782030
Pristyn Care,doctors,13.0633458,77.5908133,Bengaluru,,,,11219784440
Namma Clinics,clinic,13.0636324,77.5899294,Bengaluru,+918310092635,,nammaclinicals@gmail.com,11219784470
Smile Studio Dental Care,dentist,13.0635953,77.5887631,Bengaluru,,,,11219784536
Shree Mohan Medicines & General Stores,pharmacy,13.0636355,77.588526,Bengaluru,,,,11219784583
Aesthetic Dental Care,dentist,13.0635993,77.588529,Bengaluru,,,,11219784584
Dr. Prashanth MV,doctors,13.0635932,77.588335,Bengaluru,080-48518559,,,11219784589
Amogha Fertility Clinic,clinic,13.0636273,77.5881871,Bengaluru,,,,11219784593
Zuddha Natural & Wellness Store,alternative,13.0636222,77.5878034,Bengaluru,,,,11219784601
Isha Sparsh,alternative,13.0636211,77.587843,Bengaluru,,,,11219784602
clove dental,dentist,13.0638968,77.5885044,Bengaluru,,,,11220149684
Dr. Sculpt Aesthetic Clinic,doctors,13.0639031,77.5883845,Bengaluru,,,,11220149688
MedPlus,pharmacy,13.0638568,77.5892788,Bengaluru,,,,11220149701
B mom,clinic,13.0639293,77.5892806,Bengaluru,,,,11220149703
Dentyscan 3D,dentist,13.0639963,77.5899876,Bengaluru,,,,11220149715
All Smiles the dental clinic,dentist,13.062827,77.5927911,Bengaluru,,,,11220149736
Dava Dost,pharmacy,12.9769077,77.7267157,Bengaluru,,,,11220766886
Sri Sai Paharmacy,pharmacy,12.9787061,77.638013,Bengaluru,,,,11245004192
Saphire Heart Care,clinic,12.9046774,77.5856497,"24th Main Road, JP Nagar, 6th Phase, Bengaluru Bengaluru",,,,11245712606
Bruhati Clinic,clinic,12.8620659,77.5430178,Bengaluru,,,,11245854559
Kartikeya Medicals,pharmacy,12.8622143,77.5430185,Bengaluru,,,,11245922502
Chandini Neuro Specialty Clinic,doctors,12.912655,77.6325493,Bengaluru,,,,11250719123
Quantum Physiotherapy,physiotherapist,12.9127191,77.6325615,Bengaluru,,,,11250733209
Denton Dental Clinic,dentist,12.9126891,77.6325502,Bengaluru,,,,11250759679
Epicorium Skin Hair Nail Clinic,clinic,12.9150191,77.6325124,Bengaluru,,,,11250816374
ChanRe Diagnostic Laboratory,laboratory,13.0015697,77.569429,Bengaluru,+91-080-40810611,,,11255385152
ChanRe Dental Care,dentist,13.0015838,77.5694962,Bengaluru,,,,11255385153
Unnamed Medical Location,pharmacy,12.9673234,77.6400936,Bengaluru,,,,11268357659
Unnamed Medical Location,pharmacy,12.9671096,77.6403708,Bengaluru,,,,11268362649
Ayaans Hospital,hospital,12.9782618,77.6435889,Bengaluru,,,,11272209797
Harsha Polyclinic,clinic,13.0141223,77.4908305,Bengaluru,,,,11276494331
Banashree Medicals,pharmacy,13.0141068,77.4924104,Bengaluru,,,,11276538639
Eashwar Medicals,pharmacy,13.0140933,77.4907441,Bengaluru,,,,11276538680
Shivu Medicals,pharmacy,13.0141469,77.495551,Bengaluru,,,,11276556033
Mohit Medicals,pharmacy,13.0138476,77.4898021,Bengaluru,,,,11276557472
Swasthya Medicals,pharmacy,13.0141258,77.4930163,Bengaluru,,,,11276573650
SKM Medicals,pharmacy,13.0142197,77.4935623,Bengaluru,,,,11276578299
Gaur Physiotherapy,clinic,12.917472,77.5757825,Bengaluru,,,,11279791930
smiles.ai,dentist,12.9162635,77.6515529,Bengaluru,,,,11279852905
Sabka Dentist,dentist,12.9164452,77.6515415,Bengaluru,,,,11279852906
Balaji Medicals,pharmacy,12.9961725,77.6131645,Bengaluru,,,,11282630647
Urocare Urology Superspeciality Clinic,clinic,12.9132656,77.6057264,Bengaluru,,,,11290256856
Odont Dental Care,dentist,12.9135271,77.6061385,Bengaluru,,,,11290256857
Cloud Dental Care,dentist,12.9139064,77.6081076,Bengaluru,,,,11291647601
Life Care Medicals,pharmacy,12.9136049,77.606949,Bengaluru,,,,11291647624
Smruthi ENT Clinic & Multispeciality Centre,clinic,12.9136053,77.6070457,Bengaluru,,,,11291647625
Davadost,pharmacy,12.9776273,77.5695903,Bengaluru,,,,11292257027
Agilus Diagnostics,laboratory,12.9220109,77.5953422,Bengaluru,,,,11294646348
HTM Dental Care Center,dentist,12.9293283,77.5926046,Bengaluru,,,,11294646349
NIMHANS Department Of Psychiatric and Neuro Rehabilitation,hospital,12.9400516,77.5954768,Bengaluru,,,,11295071515
Nimhans Mr-pet Center,hospital,12.9396498,77.5967825,Bengaluru,,,,11295217457
NIMHANS Physiotherapy Center,hospital,12.9402037,77.5954721,Bengaluru,,,,11295246682
NIMHANS Pharmacy,pharmacy,12.9406356,77.5948929,Bengaluru,,,,11295265923
Primecare Pharma,pharmacy,12.9519038,77.5944072,Bengaluru,,,,11295469699
Kamaldeep Medicals,pharmacy,12.9500344,77.5965335,Bengaluru,,,,11295921628
Amruth Medicals,pharmacy,12.9499736,77.5966031,Bengaluru,,,,11295921629
Rajalakshmi Medicals,pharmacy,12.9514745,77.595132,Bengaluru,,,,11295921635
Apollo Pharmacy,pharmacy,12.94961,77.5962261,Bengaluru,,,,11295921636
Susheela Medicals,pharmacy,12.9494082,77.59618,Bengaluru,,,,11296003727
BTM Vet Clinic,veterinary,12.9134477,77.605435,Bengaluru,,,,11296908431
Bangalore Orthopaedic Clinic,clinic,12.9134261,77.6050916,Bengaluru,,,,11296908432
Zymus Hospitals,hospital,12.8784742,77.5450234,Bengaluru,,,,11299121541
Narayana Pharmacy,pharmacy,12.8773772,77.6389141,Bengaluru,,,,11301688310
Gracious Smilz,dentist,12.878942,77.6378364,Bengaluru,,,,11301855957
Shathayu Ayurveda Clinic,alternative,12.9107527,77.5824296,Bengaluru,+91 94490 83334,,,11303695823
Banashankari Heart Clinic,clinic,12.9062356,77.5762138,Bengaluru,,,,11303698298
BSK Diagnostics,laboratory,12.9062356,77.576189,Bengaluru,,,,11303702487
Apollo CM fertility,clinic,12.9062412,77.5769133,607 15th Cross Bengaluru,,,,11303708028
Pristyn Care,clinic,12.9107901,77.5822781,Bengaluru,,,,11303710183
Bangalore Dental Clinic,dentist,12.9069743,77.5820075,Bengaluru,+91 80 2663 2094,,,11303710185
Cadabam's Hospitals,hospital,12.906071,77.5869281,Bengaluru,,,,11303711371
Flow,rehabilitation,12.9061401,77.5909461,Bengaluru,,,,11303711409
Medall Clumax Diagnostics,clinic,12.9070993,77.5825707,Bengaluru,,,,11303726653
Harsitha Medicals,pharmacy,12.9072137,77.5829997,Bengaluru,,,,11303726654
Pharma One,pharmacy,12.9106694,77.5835369,Bengaluru,+91 98117 89001,,,11303727833
Prime Orthopedics,doctors,12.9107148,77.583503,Bengaluru,,,,11303758350
Aster Labs,clinic,12.9106464,77.5841885,Bengaluru,,,,11303758351
Baby Science IVF clinic,clinic,12.9106464,77.5841885,Bengaluru,,,,11303758352
Bloom Women's Health,doctors,12.9103298,77.587092,Bengaluru,+91 95917 87988,,,11303763740
PharmEasy Labs collection centre,clinic,12.9062374,77.5762286,Bengaluru,,,,11303763741
Bloom Diagnostic Centre,laboratory,12.9103351,77.5870873,Bengaluru,+91 79757 60564; +91 81059 35698,,,11303767324
Spectrum Dental Clinic,dentist,12.9099304,77.581821,Bengaluru,,,,11303784532
Skanda Health Care,clinic,12.9061026,77.5914037,Bengaluru,,,,11304329508
Rush Pharma,pharmacy,12.9089929,77.6351685,Bengaluru,,,,11309449852
sugar.fit,clinic,12.9089273,77.6494595,Bengaluru,,,,11309680644
The Smile Studio,dentist,12.9121163,77.649952,Bengaluru,,,,11309680646
Dental Clinic,dentist,12.9167851,77.6106449,Bengaluru,,,,11309805450
partha,clinic,12.9166445,77.5936147,Bengaluru,,,,11309805461
Bengaluru Drug House,pharmacy,12.9166967,77.5929637,Bengaluru,,,,11309805462
Aster Pharmacy,pharmacy,13.054318,77.6019187,Bengaluru,,,,11331384652
Unnamed Medical Location,pharmacy,12.9065641,77.6973371,Bengaluru,,,,11331558121
Trust Pharmacy Counter CMH,pharmacy,12.9782983,77.6459051,726 Chinmaya Mission Hospital Road Bengaluru,,,,11336333627
Dental Domain,dentist,12.8364027,77.686668,Bengaluru,,,,11341034748
Ramdev Medical,pharmacy,12.8357145,77.6899611,Bengaluru,,,,11341043448
Sai Ultrasound Scan Centre,laboratory,12.8913909,77.5787168,Bengaluru,+91 94804 13724; +91 98459 33002,,,11341600709
MedPlus,pharmacy,12.8350168,77.6952595,Bengaluru,,,,11342630242
Shree Ramdev Medicals,pharmacy,12.835039,77.69384,Anantha Nagar Bengaluru,,,,11342660623
JJ Hospital,hospital,12.8350455,77.693987,Bengaluru,,,,11342710964
MedPlus,pharmacy,12.8354408,77.6807317,Bengaluru,,,,11353294131
Med ortho,clinic,12.8362179,77.6869086,Anantha Nagar Road Bengaluru 560100,,,,11353296795
ManDent,dentist,12.8361571,77.6881295,Anantha Nagar Road Bengaluru 560100,,,,11353326686
Poorvam Care & hearing solution,clinic,12.8362408,77.6868352,Anantha Nagar Road Bengaluru 560100,,,,11353342419
Get Well Pharmacy,pharmacy,12.836417,77.6866283,Bengaluru,,,,11353349845
Apollo Pharmacy,pharmacy,12.8354782,77.6809917,Bengaluru,,,,11353377685
Aster Pharmacy,pharmacy,12.9108271,77.6492497,Bengaluru,,,,11368536064
Apollo Pharmacy,pharmacy,12.8828555,77.5660366,Bengaluru,,,,11368773024
S. S. Medicals,pharmacy,12.8829214,77.5662397,Bengaluru,,,,11368773026
Sri Sai Prathyusha Medicals,pharmacy,12.8819647,77.5660279,Bengaluru,,,,11368839282
Dr. Braces and Faces,dentist,12.9163971,77.6065089,Bengaluru,,,,11380741679
Dental Clinic,dentist,12.9166283,77.5957461,Bengaluru,,,,11382935814
"Fortis Hospital, Nagarbhavi",hospital,12.9596032,77.5112481,Bengaluru 560072,,https://www.fortishealthcare.com/,,11385217932
Lavish Pharma,pharmacy,12.9374519,77.6265817,Bengaluru,,,,11385580177
Nova IVF,clinic,12.9644348,77.7158331,Bengaluru,,,,11387140627
Narayana Pharma,pharmacy,13.0084969,77.5685026,Bengaluru,,,,11391167232
Poornima Medicals,pharmacy,12.9169678,77.5985202,Bengaluru,,,,11395345924
Apollo Pharmacy,pharmacy,12.9168319,77.6039247,Bengaluru,,,,11395345927
Clove Dental,dentist,12.920461,77.6518507,Bengaluru,,,,11397742484
Sankalpa Ayurveda Clinic,alternative,12.9089836,77.6495327,Bengaluru,,,,11399909240
Ayurkshetraa,alternative,12.9231158,77.6514085,Bengaluru,,,,11399914995
Shree Raajarajeshwari Medicals & General store,pharmacy,12.9776472,77.6273121,Bengaluru,,,,11404712824
MEDSTAR Speciality Hospital,hospital,13.058128,77.5860405,Bengaluru,,,,11407254183
Meenakshi's Dental Clinic,dentist,12.9600104,77.6454019,Bengaluru,+91-80-41133122,,,11407673604
Dermaville,doctors,12.9106462,77.65207,Bengaluru,,,,11411649457
Brothers Pharma,pharmacy,12.9577122,77.7095997,Bengaluru,,,,11423311804
Rajendra Ayurveda Clinic,alternative,13.0207279,77.5626497,Bengaluru,,,,11445452511
Veda Dental Clinic,dentist,13.0949342,77.5799615,Bengaluru,,,,11445621455
MedPlus,pharmacy,13.0951387,77.5800692,Bengaluru,,,,11445662498
Care and Cure,clinic,13.0955323,77.5781644,Bengaluru,,,,11445706496
Hayagreeva Medical And Women's Health,clinic,13.0941852,77.5782466,Bengaluru,,,,11445715299
Apollo Pharmacy,pharmacy,13.0937722,77.5816744,Bengaluru,,,,11448912544
Namma Clinic,clinic,13.0086529,77.5718825,Bengaluru,,,,11454494922
Prashanth Medicals,pharmacy,12.9614804,77.6363697,Bengaluru,,,,11463065115
Sanjeevani,clinic,13.1070097,77.6002084,Bengaluru,,,,11465749610
MedPlus,pharmacy,12.9104387,77.6098975,Bengaluru,,,,11468397656
Elite Physiotherapy Clinic,clinic,13.106768,77.6014754,Bengaluru,,,,11469855279
Topmost Medicals,pharmacy,13.0003625,77.6169853,Bengaluru,,,,11472852215
Dr Noor Saira's Dental Studio,dentist,13.0003005,77.6173407,Bengaluru,+91 88849 26497,,,11472852216
Aster Labs,laboratory,12.9999029,77.619368,Bengaluru,,,,11472852229
Sri Balaji Medicals,pharmacy,13.0001367,77.6188756,Bengaluru,,,,11472852233
Smiles Dental Specialities,dentist,13.000267,77.6178923,Bengaluru,,,,11472852241
Ragavendra Diagnostic Center,laboratory,12.9575183,77.5276284,Bengaluru,,,,11494558384
Sri Shakthi Clinic,clinic,13.0355885,77.5573862,Bengaluru,,,,11496155847
Medicine House,pharmacy,12.9786575,77.6453982,Bengaluru,,,,11497059471
Sundeep Pharma,pharmacy,12.9552768,77.6207566,Bengaluru,,,,11505830447
Unnamed Medical Location,pharmacy,13.0091522,77.5787543,Bengaluru,,,,11512935332
Tenet Diagnostics,clinic,13.0093245,77.5798606,Bengaluru,,,,11513175533
Santhosh Medicals,pharmacy,13.1023214,77.5948021,Bengaluru,,,,11516214987
SDMA Dental Clinic,dentist,13.1024611,77.595301,Bengaluru,,,,11516691514
Amruth Clinic,clinic,13.1022809,77.5953761,Bengaluru,,,,11516691523
Shivaprasad Health Centre,clinic,13.1024507,77.595244,Bengaluru,,,,11516691525
Royal Medical,pharmacy,13.1023109,77.5950629,Bengaluru,,,,11516691543
Oral rehabilitation center,dentist,12.9857804,77.6167848,9 Osbourne Road Bengaluru 560042,,https://oralrehabilitationcenter.com/,oralrehabilitationcenter@gmail.com,11530082861
Sri Amulya Medicals,pharmacy,12.9165245,77.6032301,Bengaluru,,,,11532843227
Ashirvad Clinic,clinic,12.9206693,77.6495699,Bengaluru,,,,11533109537
Srinivasa Medical And General Stores,pharmacy,12.9214559,77.6495378,Bengaluru,,,,11533112298
MedPlus,pharmacy,12.9212413,77.6494174,Bengaluru,,,,11533112305
Sri Swamy Medicals,pharmacy,12.921083,77.6494,Bengaluru,,,,11533112307
Sunkris Dental Health Care & Implant Centre,dentist,12.9210197,77.6493322,Bengaluru,,,,11533112310
Vinayaka Medicals,pharmacy,12.920369,77.649228,Bengaluru,,,,11533112313
The Dentist,dentist,12.9188768,77.6493774,941 24th Main Road Bengaluru,+91 99866 89888,,,11533128576
Ganesh Medicals,pharmacy,12.9189105,77.6493579,Bengaluru,,,,11533128587
Care Clinic,clinic,12.9163949,77.6509828,Bengaluru,,,,11533134010
Apollo Pharmacy,pharmacy,12.9234005,77.6950845,Bengaluru,,,,11535639641
Eshwar Pharma,pharmacy,12.9784085,77.630885,Bengaluru,+91 91643 45443,,,11630738956
Narayan Nethralaya,clinic,12.977022,77.6412175,Bengaluru,,,,11637653603
Apollo Pharmacy,pharmacy,12.9884057,77.7116945,Bengaluru,,,,11642208653
Apollo Clinic,clinic,13.0094685,77.5531501,Bengaluru,,,,11642307874
Thejus Dental Clinic,dentist,12.9922532,77.5913119,Bengaluru,,,,11659025204
Pharma Point,pharmacy,12.9736597,77.6229416,Bengaluru,,,,11659385837
Lupin Diagnostics,laboratory,12.9294391,77.6326412,Bengaluru,,,,11659905690
MedPlus,pharmacy,12.930344,77.6332226,Bengaluru,,,,11659905692
Cosmo Imaging and Diagnostic Center,laboratory,13.0032862,77.5499273,Bengaluru,,,,11662082265
Sri Ram Medicals,pharmacy,13.0580923,77.6438883,Bengaluru,,,,11662119203
Supra Dental Care,dentist,12.8985408,77.6753792,Bengaluru,,,,11662811568
RCT Dental Inn,dentist,12.8989725,77.6763124,Bengaluru,,,,11664019649
Metropolis,laboratory,12.9644715,77.5969125,Bengaluru,,,,11665637088
Sri Krishna Medicals,pharmacy,12.9781021,77.5752146,Bengaluru,,,,11677179256
Amogh Medical,pharmacy,12.9783411,77.575127,Bengaluru,,,,11677179263
Asha Pharma,pharmacy,12.905095,77.612091,Bengaluru,,,,11683483665
Span Health Center,hospital,12.9774449,77.6271297,Bengaluru,,,,11684501144
Dental 360,dentist,12.9962744,77.5668325,Bengaluru,,,,11684876144
SVS Medicals,pharmacy,13.0219543,77.5534496,Bengaluru,,,,11684876159
Laxmi Piles Clinic,clinic,12.9784197,77.6306998,Bengaluru,,,,11690851846
Sri Sai Med Pharma,pharmacy,12.9761609,77.6244665,Bengaluru,+91 98443 85199,,,11694214521
Dr. Sahana's Skin & Hair Clinic,doctors,12.9761193,77.6242848,Bengaluru,+91 70196 43144,,,11694214522
Balaji Diagnostic Laboratory,laboratory,12.992737,77.5935086,Bengaluru,,,,11697176343
Friends Pharma,pharmacy,12.9811642,77.6286416,Bengaluru,,,,11708703072
Uvin Care Hospital,hospital,12.9778346,77.6282837,Bengaluru,,,,11710491602
Cosmo Clinic and Diagnostic Centre,clinic,12.9549096,77.721061,Bengaluru,+91 9845860225,,,11734847572
Agilus Diagnostics,laboratory,12.9546502,77.7209806,Bengaluru,,,,11734847578
Ashwini Clinic,clinic,12.9553436,77.7209014,Bengaluru,,,,11734847626
Amrutha Medicals,pharmacy,12.9553775,77.7208994,Bengaluru,,,,11734847627
Sri Veer Teja Medical & Generalist Store,pharmacy,12.9541568,77.7210711,117 Bengaluru,+91 8302284646,,,11736162419
Nakkshatra Pharma,pharmacy,12.9469618,77.7223532,Bengaluru,,,,11736419370
Nakkshatra Clinic,clinic,12.9469762,77.722384,Bengaluru,,,,11736419371
Sai Sparsh Hospital,hospital,12.8933895,77.6368614,Bengaluru,,,,11782289126
Sumukha Medicals,pharmacy,12.9070711,77.5638206,Bengaluru,,,,11794800066
Heathline Pharma and General Store,pharmacy,12.9067062,77.5634005,Bengaluru,,,,11794889411
Dharani Pharma,pharmacy,12.9055332,77.5627886,Bengaluru,,,,11794900171
United Dental,dentist,12.9045059,77.5613181,Bengaluru,,,,11801895904
Maruthi Clinic,clinic,12.9051059,77.5600192,Bengaluru,,,,11801895910
Balaji ENT Clinic,clinic,12.9061994,77.5630843,Bengaluru,,,,11801896106
Lakshmi General Store,pharmacy,12.9069811,77.5599857,Bengaluru,,,,11801896510
Mitra Medical Centre,pharmacy,12.9048549,77.5623997,Bengaluru,,,,11801896551
Aswad Medical Store,pharmacy,12.9034568,77.56879,Bengaluru,,,,11813225530
Bengaluru City Hospital,hospital,12.9075935,77.5707809,Bengaluru,,,,11813227397
Dr. Lal Path labs,laboratory,12.9512236,77.7174249,Bengaluru,,,,11818132232
Vetic Pet Hospital,veterinary,12.9620431,77.7328007,Bengaluru,,,,11826955228
Brothers Chemist,pharmacy,12.963666,77.7330257,Bengaluru,,,,11826962880
Clove Dental,dentist,12.9637518,77.73304,Bengaluru,,,,11826962881
Jyothi The Lasik Vision Centre,doctors,12.9477417,77.5793843,Bengaluru 560004,+91 80 2656 7878; +91 80 4096 7878; +91 93800 65139,https://www.jyothilasik.com,jyothilasikvision@gmail.com,11827173636
Lakshmi Dental Clinic,dentist,12.9997738,77.6158458,Bengaluru,+91 98451 30949,,,11853263738
Aspire Hospital,hospital,12.9971683,77.6145878,Bengaluru,,,,11853321328
Scanline Ultrasound Scanning,laboratory,12.9975224,77.6148206,Bengaluru,,,,11853327823
Apollo Pharmacy,pharmacy,12.9970164,77.6141416,Bengaluru,,,,11853327833
Asian Diagnostics,laboratory,12.9975057,77.6148168,Bengaluru,,,,11853336090
Cardoza Clinic,clinic,13.0006814,77.6166833,Bengaluru,,,,11853518215
Sai Divine ENT,clinic,12.9993917,77.6182696,Bengaluru,,,,11853708696
Apollo Pharmacy,pharmacy,12.8876589,77.4719792,Bengaluru,,,,11868366072
Dhee Hospital,hospital,12.8835095,77.550214,Kanakapura Road Bengaluru,,https://dheehospitals.com/,,11869384815
Medishop,pharmacy,13.0419502,77.6247788,Bengaluru,,,,11878470077
Image Diagnostics,laboratory,13.0400706,77.6248369,Bengaluru,,,,11878470079
Apollo Pharmacy,pharmacy,12.871679,77.5426749,"Holiday Village Resort Road, Off Kanakapura Road, Mallasandra, Bengaluru - 62 Bengaluru",,https://www.apollopharmacy.in/,,11881272850
Unnamed Medical Location,pharmacy,12.9259251,77.6698885,Bengaluru,,,,11897230619
Xpressclinic,laboratory,12.9969684,77.56754,Bengaluru,,,,11897819744
"89, 16th Cross,Margosaroad, Pragyashree Clinic",doctors,13.0063748,77.5693297,Bengaluru,,,,11897874533
Shastri Skin Clinic,clinic,13.0040251,77.569424,Bengaluru,,,,11897958367
Arista Health Clinic,clinic,13.0075248,77.5692974,Bengaluru,,,,11897964089
Shishu Clinic,doctors,13.0070878,77.5691125,Bengaluru,,,,11897966591
Sri Sai Medicals,pharmacy,13.0031199,77.5713727,Bengaluru,,,,11897968141
Sugar.Fit Diabetes Reversal Centre,clinic,13.0058272,77.5691213,Bengaluru,,,,11897968145
Vaidyaratnam Oushadhasala Ayurvedic Clinic,clinic,13.0081116,77.569112,Bengaluru,,,,11897981174
Yashvini Ayurveda,pharmacy,13.0053599,77.5712888,Bengaluru,,,,11897985622
Homeocare International,clinic,13.0026347,77.5712549,Bengaluru,,,,11897987650
Temple Health Clinic,clinic,12.9671277,77.5363679,Bengaluru,+91 96325 87814,,,11898536494
Tata MD,clinic,12.9727771,77.7506394,07 Whitefield Main Road Bengaluru,08069156999,,,11898639322
QI Spine Clinic,clinic,13.0023121,77.5694635,Bengaluru,,,,11898860812
Sai Thunga Hospitals,hospital,12.9240012,77.6481809,Bengaluru,,,,11903094814
Keshava Polyclinic,clinic,12.9598176,77.5335655,Bengaluru,,,,11904013614
Namma Clinic,clinic,12.9593134,77.5360153,Bengaluru,,,,11904042969
Chitra Dental Care,dentist,12.9843282,77.6654378,Bengaluru,,,,11908994207
MDP Medicals,pharmacy,13.0215753,77.6297995,Bengaluru,,,,11917222409
Chaitanya Clinic,clinic,12.9567879,77.5332602,Bengaluru,,,,11919808627
Dhatri Ayurdhama,clinic,12.9570968,77.5327946,Bengaluru,,,,11919808629
Harish Dental Clinic,dentist,12.9651237,77.5378104,Bengaluru,,,,11922269794
Prasad Ortho Care,clinic,12.9650601,77.5389467,Bengaluru,+91 96636 11405,,,11922269799
Avikova Clinics,clinic,12.9649164,77.5392244,Bengaluru,,,,11922269801
MedPlus,pharmacy,12.9639892,77.5348786,Bengaluru,,,,11930674589
Ram Medicals,pharmacy,13.0296128,77.5607646,Bengaluru,,,,11932321833
Unnamed Medical Location,pharmacy,13.0893231,77.5560025,Bengaluru,,,,11932360082
Sri Ramdev Chemist,pharmacy,13.0979485,77.5666617,Bengaluru,,,,11932360087
Esha Hospital,hospital,13.098072,77.567378,Bengaluru,,,,11932360089
Organic Health Labs,pharmacy,13.0981977,77.5690055,Bengaluru,,,,11932360091
Lions Blood Bank,blood_donation,12.9567962,77.5342277,Bengaluru,+91 98451 65539,,,11934558467
Medplus,pharmacy,12.8664619,77.5918193,Bengaluru,,,,11939125780
Anand Laboratory,laboratory,12.9497745,77.5267738,Bengaluru,+91 99458 88999,,,11942324326
New Bright Pharma,pharmacy,12.9497383,77.5267613,Bengaluru,,,,11942324327
Karnataka Medicals,pharmacy,12.9509385,77.5269843,Bengaluru,,,,11942360704
UDC Dental Clinic,dentist,12.9509595,77.5269319,Bengaluru,,,,11942360705
Pradhana Manthri Bharathiya Jan Aushadhi Kendra,pharmacy,12.9542581,77.5279393,Bengaluru,,,,11942427773
Apollo Pharmacy,pharmacy,12.9558437,77.697913,Bengaluru,,,,11944342159
Dezy,dentist,12.9777807,77.6364733,Bengaluru,,,,11945113518
Chirag Global Hospital,hospital,12.9058817,77.6037517,Bengaluru,,,,11946809268
"4 Senses Advanced Skin, Hair & ENT Clinic",doctors,13.060184,77.5888665,2444 13th Main Road Bengaluru 560092,,,,11949185950
Aditya Kids Clinic,clinic,13.0602165,77.5888831,Bengaluru,,,,11949185951
Victory Homeo Speciality Clinic,clinic,13.0604878,77.5885002,Bengaluru,,,,11949185952
Unnamed Medical Location,pharmacy,12.998839,77.5763743,Bengaluru,,,,11949210770
Unnamed Medical Location,clinic,13.0588992,77.5905918,Bengaluru,,,,11949230488
Dr. B K Mudhusudhan Neurology Superspeciality,clinic,13.0578826,77.5888392,Bengaluru,,,,11949235206
Apollo Diagnostics,clinic,13.0605948,77.5873304,Bengaluru,,,,11949255340
Anand Diagnostic Laboratory,laboratory,13.0605727,77.5884091,Bengaluru,,,,11949298015
Aishwarya health care centre,clinic,13.0632365,77.5900752,187 Bengaluru,+919448104831,,,11949298722
Astha Diagnostic Centre,laboratory,13.0589421,77.5926431,Bengaluru,,,,11949303462
Shalom Dental Clinic,dentist,13.0586887,77.5910526,Bengaluru,,,,11949307017
"4 Sense Skin, Hair And ENT Clinic",clinic,13.057458,77.5910073,Bengaluru,,,,11949307444
Krishna Medical,pharmacy,13.0608558,77.5875414,Bengaluru,,,,11949313692
Impressions Dental,dentist,13.0610985,77.5872132,Bengaluru,,,,11949319859
Archish Fertility & IVF,clinic,13.0589649,77.590642,Bengaluru,,,,11949322855
Mahalaxmi Medical & General Store,pharmacy,13.0602212,77.5888572,Bengaluru,,,,11949324002
Apollo Pharmacy,pharmacy,13.0633952,77.5914488,Bengaluru,,,,11949324219
Manipal Hospital OPD,hospital,13.0624568,77.592227,Bengaluru,18001025555,,,11949327621
Metropolis The Pathology Specialist,doctors,13.0586588,77.591111,Bengaluru,+91 99160 35248,,,11949329811
Pradhan mantri bharatiya jan aushadh kendra,pharmacy,13.0633061,77.5895364,459/7 11cross Bengaluru,+919741602399,,,11949329870
Mother And Heart Care,clinic,13.0593748,77.5926249,Bengaluru,,,,11949330259
Sanjivani Clinic,clinic,13.0574294,77.5904617,Bengaluru,,,,11949334343
Ekdanta Dental Wellness,clinic,13.0574767,77.5902837,Bengaluru,,,,11949336677
"Glow up Skin, Hair & Laser clinic",clinic,13.0610523,77.5871633,Bengaluru,,,,11949336786
Dr Lal Path Labs,laboratory,13.0593942,77.5926274,Bengaluru,,,,11949336925
Sanjeevini Dental,dentist,13.0596498,77.5927922,Bengaluru,,,,11949336927
Partha dental,dentist,13.0604649,77.5875761,Bengaluru,,,,11949337145
Sukhibhava ayurvedic Clinic,clinic,13.0604183,77.5873596,Bengaluru,,,,11949344370
Dr. B M Krupa Obstetrics And Gynaec Speciality,clinic,13.0578745,77.5889485,Bengaluru,,,,11949346388
Aarthi scans & labs,laboratory,13.0292023,77.6318102,Bengaluru,,,,11949500383
Aposs Diagnostics Health Care Pvt Ltd,clinic,12.8908863,77.606061,133 Bengaluru,080 2648 3828,,,11957600380
Ashraya Mediacals,pharmacy,12.891181,77.6064826,513 Bengaluru,,,,11957635105
R R Dental Center,dentist,12.8911861,77.6064469,513 Bengaluru,,,,11957635107
Ketaki kids care clinic,clinic,12.8911892,77.6065268,Bengaluru,,,,11957635108
Vijaya Medical Centre,clinic,12.892281,77.6112304,Bengaluru,,,,11958462030
Sundha Medicals,pharmacy,12.9197456,77.6674893,Bengaluru,,,,11962404403
PMC Hospital,hospital,13.0065047,77.5545009,Bengaluru,,,,11965775664
Spectrum Diagnostics,clinic,13.0075047,77.5546283,Bengaluru,,,,11965775665
Sukrith Medicals,pharmacy,12.8876321,77.5526322,Bengaluru,,,,11966054963
Unnamed Medical Location,dentist,12.8872263,77.5541857,Bengaluru,,,,11980645976
New Varalakshmi Hospital,hospital,12.9988382,77.5550964,Bengaluru,,,,11982389397
Surana Chemist,pharmacy,12.995114,77.6160795,Bengaluru,,,,11982693070
Health Green Pharma,pharmacy,12.9966446,77.6116049,Bengaluru,,,,11982693072
Dr. Elizabeth Alexander,dentist,12.9970062,77.6095198,Bengaluru,,,,11982693073
Shanti Medicals,pharmacy,12.9924482,77.5756565,Bengaluru,,,,11986964427
Sri Balaji Medicals,pharmacy,12.9078609,77.6491098,5-3/1 24th Main Road Bengaluru 560102,,,,11998243969
Saptagiri Pharmacy,pharmacy,13.0045802,77.7167366,Bengaluru,,,,11998955850
Saptagiri Health Care,clinic,13.0045882,77.7167045,Bengaluru,,,,11998955851
NE Pharmacy,pharmacy,12.9932604,77.571151,Bengaluru,,,,12000328232
Spring Dental Care,dentist,12.8695549,77.5432284,"Holiday Village Resort Road, Off Kanakapura Road, Mallasandra, Bengaluru Bengaluru",7892140084,,,12009649930
Mataji Medical Store,pharmacy,12.9812196,77.6800194,Kaggadasapura Main Road Bengaluru,,,,12014473674
Oncquest Laboratories,clinic,12.9218007,77.5933109,Bengaluru,,,,12030632870
Clinica Dental & Orthodontics,dentist,13.0928385,77.588681,Bengaluru,,,,12040191227
S L Gastro & Liver Clinic,doctors,13.0935631,77.5894255,Bengaluru,,,,12040205749
TridENT Cares ENT Super Speciality Centre,doctors,13.0313936,77.6355645,404A Hennuru - Bagaluru Road Bengaluru,,,,12045522269
Apollo Pharmacy,pharmacy,12.9729744,77.6994417,Bengaluru,,,,12046469614
Sri Ganesh Medicals & General Stores,pharmacy,12.9728694,77.701613,Bengaluru,+91 97423 97442,,,12046469619
Apollo Pharmacy,pharmacy,13.0996273,77.597945,Bengaluru,,,,12049247036
Metropolis,laboratory,12.9642446,77.7126252,Bengaluru,,,,12050444580
Unnamed Medical Location,dentist,12.9655482,77.7181949,Bengaluru,,,,12050447425
Dalvakot Pharmacy,pharmacy,12.960605,77.7138149,Bengaluru,,,,12050458363
Dr.Regish’s Dental care & implant Center,dentist,12.9622347,77.7132712,Bengaluru,,,,12050465775
Sachins Dental Clinic,doctors,12.9608513,77.7135638,Bengaluru,+91 88614 46589,,,12050485608
MedPlus,pharmacy,12.964995,77.7170926,Bengaluru,,,,12050487429
Manipal Clinics,clinic,12.9658922,77.7138464,Bengaluru,,,,12050489473
Sattva Fertility,clinic,12.9641605,77.7142226,Bengaluru,,,,12050490176
Sri Sreenivasa Medicals,pharmacy,12.9669723,77.7142387,Bengaluru,,,,12050490628
Arya vaidya Sala Kottakal,alternative,12.9627202,77.7172018,Bengaluru,,,,12050499484
Punarjani,alternative,12.9627015,77.7173969,Bengaluru,,,,12050499486
Fertilite IVF,clinic,12.9164448,77.6046546,Outer Ring Road Bengaluru 560076,,,,12051379642
Sai Suraksha Dental Clinic,dentist,12.9511593,77.529216,Bengaluru,,,,12054475567
Ashwini Hospital,hospital,13.0988482,77.5978974,Bengaluru,,,,12056743550
Vaidya cart,pharmacy,12.8790841,77.7626067,Bengaluru,,,,12064495054
Pradhan Mantri Jan Aushadhi Kendra,pharmacy,12.8818035,77.5835092,Bengaluru,,,,12064909669
Madhura Medicals,pharmacy,12.8828903,77.5858366,Bengaluru,,,,12068511169
dermalogica,clinic,12.9654724,77.6027445,Bengaluru,,,,12101709439
Dental Clinic,dentist,12.963649,77.5960156,Bengaluru,,,,12101731497
Apollo Cradle Children's Hospital,hospital,13.002768,77.5536287,Bengaluru,,,,12103684982
Vinayaka Dental Clinic,dentist,13.0008219,77.5506281,Bengaluru,,,,12103684983
The Drug Hut,pharmacy,12.9989667,77.5800117,Bengaluru,,,,12103968917
Dr. Farzana,clinic,12.9952654,77.6081268,Bengaluru,,,,12103968921
Dr. Markiyar Abdul Razack,clinic,12.9944409,77.607752,Bengaluru,,,,12103968923
Confident Dental Care,dentist,12.9943943,77.6077375,Bengaluru,,,,12103968924
Bilva Pharmacy,pharmacy,12.9989823,77.5802854,Bengaluru,,,,12103968933
Goutam Dental Clinic,dentist,12.9978791,77.5825963,Bengaluru,,,,12103968939
Ray Speciality Clinic,clinic,12.9966044,77.5723384,Bengaluru,,,,12103981469
Good Move Wellness,physiotherapist,12.9332146,77.6312259,80 Feet Road Bengaluru 560034,,,,12115149771
Clove Dental,dentist,12.9322049,77.6321901,80 Feet Road Bengaluru 560034,,,,12115149777
Cherish Fertinity Clinic,clinic,12.9296138,77.6316244,7th Cross Road Bengaluru 560034,,,,12115251882
MedPlus,pharmacy,13.0383902,77.6640554,Bengaluru,,,,12116422269
Ashok Medicals,pharmacy,13.0381517,77.6659314,Bengaluru,,,,12116422272
Motherhood Children's Hospital,hospital,13.0620051,77.5930638,Bellary Road Bengaluru,,,,12117952601
Veterinary Dispensary,veterinary,12.995834,77.7576041,Bengaluru,,,,12135160553
Abiramm Hospital,hospital,12.8728525,77.6515698,Bengaluru,,,,12144434658
MedPlus,pharmacy,12.9482059,77.5987156,Bengaluru,,,,12168445593
Smile View Dental,dentist,12.8819212,77.550347,Bengaluru,,,,12175217966
Partha Dental Clinic,clinic,12.9754341,77.696718,Bengaluru,,,,12176946582
Dr Lal Pathlabs,laboratory,12.8613844,77.5428772,121 Holiday Village Road Bengaluru,9353146916,,,12180385436
Apollo Pharmacy,pharmacy,12.9248794,77.6150117,Bengaluru,,,,12187048818
Dr. Kalyan Banerjee,doctors,12.9703082,77.636649,Bengaluru,,,,12190347817
Ganesh Medicals,pharmacy,12.9692627,77.7122767,Bengaluru,,,,12199128515
Apollo Pharmacy,pharmacy,12.9421478,77.7472823,Bengaluru,,,,12201433513
Varthur Pharma,pharmacy,12.937814,77.7469328,2 Halasahalli Road Bengaluru,,,,12211528725
MedPlus,pharmacy,12.9571546,77.7388836,Bengaluru,,,,12211668056
Aditya Pharma,pharmacy,13.1222311,77.6290095,Bengaluru,,,,12212969791
Chiru Pharma,pharmacy,13.1222868,77.6294122,Bengaluru,,,,12212969792
Sri Lakshmi Venkateshwara Medical & General Store,pharmacy,13.1418161,77.6711595,Bengaluru,,,,12212978271
Apollo Pharmacy,pharmacy,13.122016,77.630345,Bengaluru,,,,12212978986
Ramdev medicals,pharmacy,12.9567733,77.7458362,Bengaluru,,,,12218473094
Insync,physiotherapist,12.9566624,77.7458595,Bengaluru,,,,12218525898
Kaveri Pharma,pharmacy,12.9376589,77.7478535,93/1 Halasahalli Road Bengaluru,,,,12218565426
Meditech Kidney Stone Centre,doctors,13.0962383,77.5844651,Bengaluru,+91 98440 04671;+91 98453 73752,,,12222501371
Shifa Piles Hospital,clinic,12.9395976,77.7478233,Bengaluru,,,,12224096368
JJ Poly Clinic & Diagnostic Center,clinic,12.9376469,77.7479108,Bengaluru,+91 96320 85108; +91 99863 04138,,,12224096370
Vishnu Medicals,pharmacy,13.1022828,77.5953411,Bengaluru,,,,12229218318
Mahalakshmi Medical,pharmacy,13.1028251,77.5972583,Bengaluru,,,,12229218334
Balaji Clinic,clinic,13.1028446,77.5973243,Bengaluru,,,,12229218335
Mataji Medical and General Stores,pharmacy,13.1030691,77.5980928,Bengaluru,,,,12229218353
Mohan Medicals,pharmacy,12.8602477,77.7925757,Bengaluru,,,,12229758565
City Laboratory,laboratory,12.8602271,77.7926152,Bengaluru,+91 81238 86859,,,12229758566
Dixit Skin & Ortho Care,clinic,12.8663372,77.54525,"Holiday Village Resort Road, Mallasandra Bengaluru",+91 74830 75957,,,12230826895
Maruthi Medicals,pharmacy,12.8597542,77.7935861,Bengaluru,,,,12231720778
Nandi Health Care,clinic,12.8598028,77.7931952,Bengaluru,,,,12231720779
Sri Rama Medicals,pharmacy,12.8599988,77.7890175,Bengaluru,,,,12231740201
Sri Rama Clinic,clinic,12.8600341,77.7890154,Bengaluru,,,,12231740202
Sri Ranganatha Clinical Laboratory,laboratory,12.8612193,77.7864391,Bengaluru,,,,12231740212
Orthosquare,dentist,12.8606204,77.7820607,Bengaluru,,,,12231740220
Unnamed Medical Location,pharmacy,12.8605751,77.7788236,Bengaluru,,,,12231740230
Minora,pharmacy,12.9602676,77.7213479,Bengaluru,+91 76766 04179,,,12237245975
Milann,clinic,12.9123978,77.6419176,Bengaluru,,,,12238310057
Netradhama,hospital,12.99743,77.5510293,Bengaluru,,,,12240737170
Aria Multispeciality Clinic,clinic,12.9421804,77.747312,Bengaluru,,,,12241217280
RK Multispeciality center,clinic,12.9568467,77.7402255,Bengaluru,,,,12241219036
Sunkris Dental,dentist,12.8780308,77.7621095,Bengaluru,,,,12243754901
MedPlus,pharmacy,12.8610077,77.7812383,Bengaluru,,,,12246039717
Sabka Dentist,dentist,12.9963506,77.693861,Bengaluru,,,,12246090208
White Pearls Dental,dentist,12.9568177,77.7411209,Bengaluru,,,,12247713063
Healing Hands,physiotherapist,12.9135809,77.6031943,7th Cross Road Bengaluru 560076,,,,12247876726
Shishu Ivf Fertility Centre Pvt Ltd,clinic,12.9987184,77.552661,"2nd & 3rd Floor, No. 4/110, 1st Main Rd, 1st Block, Dr. Rajkumar Road Bengaluru 560010",,,,12252320934
Mahadev Medicals,pharmacy,13.0384368,77.6649063,Bengaluru,,,,12260896174
Netmeds,pharmacy,13.1030045,77.5767815,Bengaluru,,,,12260941280
Apollo Pharmacy,pharmacy,13.1031397,77.5767965,Bengaluru,,,,12260949089
MedPlus,pharmacy,13.1029053,77.5770303,Bengaluru,,,,12260975952
Unnamed Medical Location,clinic,13.1076683,77.5924406,Bengaluru,,,,12265477654
Payal Medical,pharmacy,13.0493495,77.6300471,Bengaluru,,,,12265540837
Ramdev Medical,pharmacy,13.1036592,77.6228102,Bengaluru,,,,12265556061
P.P Pharma,pharmacy,13.1025916,77.6292752,Bengaluru,,,,12265556668
Koya Pharma,pharmacy,13.0230689,77.619348,Bengaluru,,,,12265592079
Jeevika Pharmacy,pharmacy,12.9658546,77.7025095,Bengaluru,,,,12270718859
Sri Sai Hospital,hospital,12.871395,77.6542581,Bengaluru,,,,12270754747
Jan Aushadhi,pharmacy,12.8717707,77.654208,Bengaluru,,,,12270754748
Seva Clinic,clinic,12.8719033,77.654013,Bengaluru,,,,12270754749
Sathiyam Medicals,pharmacy,12.8719512,77.6540059,Bengaluru,,,,12270754750
Aster Pharmacy,pharmacy,12.878507,77.6550824,Bengaluru,,,,12270754751
Unnamed Medical Location,clinic,12.8800977,77.6530592,Bengaluru,,,,12270754753
Apollo Pharmacy,pharmacy,12.8827544,77.6503642,Bengaluru,,,,12270754754
Unnamed Medical Location,hospital,12.8841477,77.6492549,Bengaluru,,,,12270754755
SS Pharmacy,pharmacy,12.8859463,77.6495484,Bengaluru,,,,12270754756
Raksha Hospital,hospital,12.8892622,77.6505317,Bengaluru,,,,12270754757
Sri Manjunatha Medicals,pharmacy,12.8890673,77.6512336,Bengaluru,,,,12270754758
Keshav Medical & General Store,pharmacy,12.8891007,77.6520774,Bengaluru,,,,12270754759
West Mead Clinic,clinic,12.9166014,77.6349717,Bengaluru,,,,12270762304
Unnamed Medical Location,pharmacy,12.9239614,77.618357,Bengaluru,,,,12285338812
Aster Clinic,clinic,13.0977696,77.5845455,Bengaluru,,,,12290220790
Unnamed Medical Location,pharmacy,12.9059207,77.5858993,Bengaluru,,,,12320273045
Aloha Pharmacy,pharmacy,12.8799238,77.5535447,Bengaluru,,,,12323528963
Dental Centre,dentist,12.9600628,77.6018387,Bengaluru,,,,12327093397
Sudama Clinic,clinic,12.8020292,77.7117883,2 Lakshmisagara Road Bengaluru 560099,,https://sudama.org,,12364809501
Ram Medicals,pharmacy,12.9496859,77.7015241,Bengaluru,,,,12366484706
MedPlus,pharmacy,12.9498195,77.7008092,Bengaluru,,,,12366484707
Pharma.wellness,pharmacy,12.9723434,77.650478,Bengaluru,,,,12366524008
Sri Venkateswara Medicals,pharmacy,12.9724579,77.6500589,Bengaluru,,,,12366525439
Dr C Jagadeesh’s Dental Clinic,dentist,12.9725421,77.6512378,Bengaluru,,,,12366525445
Unnamed Medical Location,dentist,12.9699936,77.6517652,Bengaluru,,,,12366563172
Precise Pet Clinic,veterinary,12.9685315,77.6514828,Bengaluru,,,,12366563178
Yahvi Dental Clinic,dentist,12.9724422,77.6518046,Bengaluru,,,,12366575626
Sri Laxmi Medicals,pharmacy,12.9723163,77.6516977,Bengaluru,,,,12366580602
PR Dental Clinic,clinic,12.973074,77.6511037,Bengaluru,,,,12366582153
Sai Health Pharma,pharmacy,12.9722287,77.652062,Bengaluru,,,,12366598604
St Philomenas Hospital OPD Building,hospital,12.9658506,77.6109015,4 Mother Teresa Road Bengaluru 560047,08040164346;08040164300,https://www.stphilomenashospital.com/,,12389587601
ThinkCare Pharma,pharmacy,12.9857934,77.5957495,Bengaluru,,,,12401325625
Namma Clinic,clinic,13.097981,77.5696584,Bengaluru,,,,12412564743
Ashirvad Clinic,clinic,12.9756434,77.5361674,Bengaluru,,,,12438122541
Dr. Gayatri Taggarai,clinic,12.9717272,77.5366398,Bengaluru,,,,12438135209
Suraksha Medicals,pharmacy,12.9712027,77.5365182,Bengaluru,,,,12438135215
Chaitanya Clinic,clinic,12.9756929,77.5358082,Bengaluru,,,,12438168002
Hiremath Hospital,hospital,12.9754354,77.5358965,Bengaluru,,,,12438173201
Sri Ranga Medicals,pharmacy,12.9756469,77.5358203,Bengaluru,+91 99160 50298,,,12438175329
Plaza Dental Care,dentist,13.0378554,77.6266436,Bengaluru,,,,12450999452
Baptist Express Healthcare,clinic,13.0570278,77.6444364,Bengaluru,,,,12450999472
Janasuraksha Medicals,pharmacy,12.9543928,77.497201,Bengaluru,,,,12456237565
Kesari Medicals,pharmacy,12.9544913,77.4967574,Bengaluru,,,,12456237571
Gawai Hospital,hospital,12.9962739,77.6075693,Bengaluru,,,,12460939644
Reform Dental Care,dentist,12.9133573,77.6491178,Bengaluru,,,,12482481196
Arka Dental Clinic,dentist,12.9261144,77.5818696,Bengaluru,+91 99019 02304,,,12491615791
Dr Vidya's Medispa,doctors,12.9261144,77.5818696,Bengaluru,+91 99019 02304,,,12491615792
7th Main Pharma,pharmacy,12.9261536,77.5818706,Bengaluru,,,,12491615793
Dhanvanthri Dental Clinic,dentist,12.9232221,77.5843728,Bengaluru,+91 99865 77700; +91 98456 05004,,,12491797193
Dhanavantri Dental Clinic,dentist,12.9232155,77.5843753,Bengaluru,,,,12491803164
Tara Healthcare,clinic,12.9236086,77.5854336,Bengaluru,+91 77607 00133,,,12492393139
Dr. Agarwal's Eye Hospital,hospital,12.9678752,77.7500478,Bengaluru,,,,12500298573
Apollo Pharmacy,pharmacy,12.9561338,77.7170501,"Varthur Main Road Bengaluru, Karnataka 560066",,,,12504252126
Apollo Medical Center,clinic,12.9560244,77.717073,"Near Kundanahalli Gate, Varthur Main Road, Thubarahalli, Whitefield Bengaluru, Karnataka 560066",,,,12504252127
Baby Sciences IVF Clinic Pvt Ltd,clinic,12.9563494,77.7284867,"115 Varthur Main Road, Brookefield, Opposite D Mart, Whitefield Bengaluru 560066",,,,12506342830
Beams Hospitals Private Limited,hospital,12.9342277,77.6296323,"640 640, 12Th Main, 80 Ft Road, 4Th Block, Koramangala Bengaluru 560034",,,,12508687328
Br Pet Animal Clinic And Shop,veterinary,13.0650701,77.5046875,Bengaluru,,,,12509153047
Shree Medical and General Stores,pharmacy,12.8686473,77.451718,Bengaluru,,,,12512479751
Da Lives's Clinic,clinic,13.0668948,77.5012273,"243 3rd Main Rd, Kirloskar Layout, Siddeshwar Layout, Soundarya Layout,Sidedahalli Bengaluru 560073",,,,12518055367
Dental Cures Clinic,clinic,13.0271055,77.5778326,"3 80 Feet Road, New Bel Rd, near MSR Hospital Road, Ashwath Nagar, R.M.V. 2nd Stage Bengaluru 560094",,,,12519659558
Dental Solutions,clinic,12.9797531,77.6354352,"498 15th Cross Road, 2nd Stage, Indira Nagar II Stage, Hoysala Nagar, Indiranagar Bengaluru 560038",,,,12520047542
Dentalign,dentist,12.980066,77.6460933,"80 Feet Rd, Kalyan Nagar, Indira Nagar 1st Stage, H Colony, Indiranagar Bengaluru 560038",,,,12520049852
D.A Dental lab,dentist,12.9341449,77.5898434,"9/10 5th Cross, 1st Block, jayanagar East Bengaluru 560011",,,,12520149567
Sangeevini Clinic,clinic,13.0633964,77.5057075,"Hosaraghatta Main road, Nagasandra Post Bengaluru 560073",,,,12525379125
Nandi Pet Clinic And Shop,veterinary,13.0486189,77.5076129,"Hessarghatta Main Road,Bagalakunte Bengaluru 560073",,,,12528580055
Best Hospital,hospital,12.8015345,77.7079091,Bengaluru,,,,12536338712
Sri Manikanta Medicals,pharmacy,12.8145012,77.6918843,Bengaluru,,,,12536338714
Narayana Clinic,clinic,12.8418319,77.6451267,"Neeladri Rd, Neeladri Nagar, Electronics City Phase 1, Electronic City Bengaluru 560100",,,,12541051142
H Siddiah Referral Hospital,hospital,12.9569057,77.5824398,Bengaluru,,,,12541779301
Apollo Medical Center,clinic,12.956499,77.7168607,5/2 Varthur Road Bengaluru,,,,12551032332
Ramadev Medical,pharmacy,12.9158584,77.6989689,Bengaluru,,,,12553383591
Suraksha Hospitsls,hospital,12.939978,77.7467408,Bengaluru,,,,12570033453
Akshay Medicals,pharmacy,12.9425679,77.7472154,Bengaluru,,,,12572821857
Pradhan Mantri Bhartiya Jan Aushadhi Kendra,pharmacy,13.0988835,77.3914163,Bengaluru,,,,12573338901
AnK Senior Citizen Healthcare Home,clinic,13.105914,77.5678264,Bengaluru,,,,12584979212
SLV Mecical,pharmacy,12.9455014,77.7524932,Bengaluru,,,,12588048612
Sondekoppa Government Hospital,hospital,13.0230115,77.3845954,Bengaluru,,,,12617711001
Sri Gajanana Physiotherpy Clinic,physiotherapist,12.937667,77.7479502,Bengaluru,,,,12617717676
SR Clinic,clinic,12.9371045,77.7495603,136 Halasahalli Road Bengaluru,,,,12617717694
SR Pharma,pharmacy,12.9371,77.7495865,136/19 Halasahalli Road Bengaluru,,,,12617717695
Aria,hospital,12.9433908,77.7475266,Bengaluru,+91 90907 86110,,,12620153411
EVA Esthetic & Implant Dental Centre,dentist,13.0400691,77.624792,Nagawara Main Road Bengaluru 560045,,https://evaestheticandimplantdental.com/,,12622264508
Sigma Diagnostics,clinic,13.1041869,77.5718736,Bengaluru,,,,12642184429
Amogha Physiotherapy Clinic,physiotherapist,12.9368691,77.7495898,Bengaluru,+91 63632 98575; +91 98456 78530,,,12651753833
"Shri Mokambika Women's Clinic, Child care and Nethralaya",hospital,12.9519863,77.4989075,Ullal Main Road Bengaluru 560056,,,,12651764011
Suraksha Diagnostic Centre,hospital,12.9519538,77.4990341,Ullal Main Road Bengaluru 560056,,,,12651764012
Sanchu Animal Hospital,veterinary,12.9558806,77.7308147,Bengaluru,,,,12651832966
Cloud Nine,hospital,12.9566829,77.7414284,Bengaluru,,,,12651832969
Smile Miless,dentist,12.937715,77.7477108,Bengaluru,+91 9019906870,,,12651854713
Srikanth Medicals,pharmacy,13.0191345,77.5575105,Bengaluru,,,,12676261319
Jindal Charitable Hospital,hospital,12.9937247,77.5539724,Bengaluru,,,,12676261338
Sri Balaji Medical and General Store,pharmacy,13.0044903,77.5536452,Bengaluru,,,,12676261360
Apollo Pharmacy,pharmacy,13.0516497,77.5515983,Bengaluru,,,,12676265220
Celera Diagnostics,clinic,12.9812089,77.6020482,Bengaluru,,,,12686350437
Aster Labs,clinic,12.9868761,77.5984573,Bengaluru,,,,12695892246
Ashwini Medical And General Store,pharmacy,12.963561,77.7331668,Bengaluru,,,,12695926126
Bangalore Pet Hospital,veterinary,12.925256,77.6698302,Bengaluru,,,,12696023087
Himalaya Ayurvedic Camp,alternative,12.9560666,77.7261863,Bengaluru,,,,12704387223
Orange Health Labs,pharmacy,12.9562554,77.7295399,Bengaluru,,,,12704428628
Unnamed Medical Location,pharmacy,12.8069334,77.6982449,Bengaluru,,,,12706314912
Nandi Pharma,pharmacy,12.9257669,77.737715,Bengaluru,,,,12712153740
Pranathi Clinic,clinic,12.9257492,77.7377807,Bengaluru,,,,12712153743
Sri Jagannatha Medicals & General Stores,pharmacy,12.9561496,77.7321483,Bengaluru,,,,12714132886
Dentyscan 3D,dentist,12.9561516,77.7322836,Bengaluru,,,,12714132890
Pred Labs,laboratory,12.9568142,77.7399271,Bengaluru,,,,12715087992
Dental Clinic,dentist,12.9568125,77.7401974,Bengaluru,,,,12715098614
Niyamh Health,clinic,12.9568252,77.7408435,Bengaluru,,,,12715098621
BOSH Physiotherapy,clinic,13.022113,77.6388793,"426 CMR Main Rd, 3rd Cross, 2nd Block HRBR Layout, Kalyan nagar Bangalore 560043",,,,12722075584
Smile Stories,dentist,12.9566586,77.7432134,Bengaluru,,,,12723978272
Siddanth Health Care,clinic,12.9399835,77.7469772,Bengaluru,,,,12730591142
Hosmat Hospitals,hospital,12.9644726,77.6143018,"13 Palmgrove Road, Stage 2, Xavier Layout, Victoria Layout Bengaluru 560047",+918025593796,https://www.hosmathospitals.com/,,12737013801
Maruthi Medicals,pharmacy,12.8601623,77.7929506,Bengaluru,,,,12748167750
Pranav Ayur Hospital,alternative,13.0676005,77.5539765,Bengaluru,+91 98868 59809; 080 43780668,https://pranavayur.com,,12758812315
Biswas Dental Surgery,dentist,13.0676808,77.5540231,13/2 Ramachandrapura Main Road Bengaluru,+91 95454 51029,,,12758812316
Sri Sanjeev Pharma,pharmacy,13.0678615,77.5541182,Bengaluru,,,,12758812321
Krishna Clinic,doctors,13.0680994,77.5542103,24/2 Ramachandrapura Main Road Bengaluru,,,,12758812324
Sri Sai Physiotherapist Clinic,physiotherapist,13.0662479,77.5555412,Bengaluru,,,,12758835324
Metier,clinic,13.0692173,77.5561774,Bengaluru,,,,12759264209
Apollo Pharmacy,pharmacy,13.0668502,77.5538593,Bengaluru,,,,12760304680
GoodLife Medicines,pharmacy,13.0670884,77.5539186,Bengaluru,,,,12761908823
Bangalore Gastro Centre,hospital,12.9160037,77.6523087,Bengaluru,080 46 888 888,https://www.bangaloregastrocentre.com/,,12765777977
Narayana Nethralaya,hospital,12.980602,77.7092104,Bengaluru,08066121658,https://www.narayananethralaya.org/,,12767981104
Nethradhama,hospital,12.9762006,77.7258334,Bengaluru,080 62646800,https://nethradhama.org/,,12767981105
Jan Aushadhi,pharmacy,13.0998479,77.5962035,Bengaluru,,,,12768263590
Unnamed Medical Location,pharmacy,12.9993025,77.6766323,Bengaluru,,,,12769507793
Ayurveda Pharmacy,pharmacy,13.0675995,77.5539474,Bengaluru,,,,12770171414
The Dental Crafts,dentist,12.9561366,77.7168989,5/2 Varthur Road Bengaluru,+91 73385 09922,https://thedentalcrafts.com,smile@thedentalcrafts.com,12809380567
Apollo Clinic,clinic,12.8745652,77.5394104,Bengaluru,,,,12827978980
Pradhan Mantri Bharatiya Janaushadhi Kendra,pharmacy,13.0966531,77.5836552,Bengaluru,,,,12828041489
Kruthika Eye Hospital,doctors,13.0676724,77.5598943,Bengaluru,,,,12833669115
Bangalore Endocrinology & Diabetes Research Center (BEDRC),clinic,12.9966783,77.5728746,35 5th Cross Road Bengaluru 560003,+918041281998,,,12834564801
Dhanvantri Medicals,pharmacy,12.9138831,77.7693818,Bengaluru,,,,12839589938
Thyrocare,clinic,12.8791377,77.7625998,Bengaluru,,,,12839689225
Radiant Dental Care,dentist,12.8751674,77.7663353,Bengaluru,,,,12839728355
Dr Shelly's Dental Care,dentist,12.8787586,77.7618941,Bengaluru,,,,12839738018
The Image,doctors,12.8791173,77.7626535,Bengaluru,,,,12839738025
Unnamed Medical Location,alternative,13.000797,77.7640683,Bengaluru,,,,12843686101
Srinivasa Clinic,clinic,12.9685348,77.7495183,Bengaluru,,,,12860399902
Unnamed Medical Location,doctors,12.9793775,77.7512839,Bengaluru,,,,12860399908
Kerala Ayurveda,alternative,12.9690348,77.7496245,Bengaluru,,,,12860399913
D White Feather,doctors,12.9684904,77.7494957,Bengaluru,,,,12860399930
Smile Zone,dentist,12.9685405,77.7494702,Bengaluru,,,,12860399931
Whitefield Eye Clinic,doctors,12.9608198,77.7470624,Bengaluru,,,,12860980662
Dr Lal Pathlabs,laboratory,12.9593068,77.7463138,Bengaluru,,,,12860980664
Mouth Marvels,dentist,12.9592566,77.7462434,Bengaluru,,,,12860980667
Dr Rai's Skin And Hair Clinic,doctors,12.9592241,77.7462486,Whitefield Main Road Bengaluru,,,,12860980668
Mediline Clinical Lab,laboratory,12.9378082,77.7462613,Bengaluru,,,,12870727591
Ramdev Medicals,pharmacy,12.9749902,77.7509286,Bengaluru,,,,12872632885
Unnamed Medical Location,pharmacy,12.9200334,77.651758,Bengaluru,,,,12876472291
Sree Venkateshwara Hospital,hospital,12.9388501,77.7472104,Bengaluru,,,,12879028441
CosMediQ,doctors,12.9829517,77.7525129,Whitefield Main Road Bengaluru,,,,12880382712
MedPlus,pharmacy,13.001333,77.6619286,Bengaluru,,,,12887426834
Manjunath Clinic,clinic,12.9377907,77.7469777,Halasahalli Road Bengaluru,,,,12889160198
Apollo Pharmacy,pharmacy,13.0033511,77.6607132,Bengaluru,,,,12907525856
Apollo Pharmacy,pharmacy,12.9395771,77.7361182,Bengaluru,,,,12912121271
Apollo Diagnostics,laboratory,12.9390758,77.7406972,Bengaluru,,,,12912121272
Sri Sangama Diagnostic and Health Centre,clinic,12.928995,77.5769386,Bengaluru,,,,12917084066
AMC Multispeciality Hospital,hospital,12.9296701,77.5764082,Bengaluru,,,,12917084092
Dezy,clinic,13.0054941,77.659597,Bengaluru,,,,12917094457
Aishwarya Medical,pharmacy,13.0683531,77.3612814,Bengaluru,,,,12918653750
Heart Clinic & Pharmacy,clinic,12.9592301,77.7462313,Bengaluru,,,,12918784608
Apollo Diagnosis,laboratory,13.0031746,77.6609497,Bengaluru,,,,12921832270
Ayampyad,laboratory,12.9103535,77.5929624,210 9th Cross Road Bengaluru 560078,+91 89775 10911,,,12941883834
Genea,clinic,12.9101317,77.5908631,Bengaluru,,,,12941883844
Unnamed Medical Location,laboratory,12.9360678,77.7058203,Bengaluru,,,,12942152838
Ramdev Medicals,pharmacy,12.9315315,77.6862132,Bengaluru,,,,12942381204
Unnamed Medical Location,dentist,12.9314655,77.6860413,Bengaluru,,,,12942381205
Apollo Pharmacy,pharmacy,12.9348468,77.7433697,Bengaluru,,,,12942413818
Sri Sai Pharmacy,pharmacy,12.92953,77.757352,Bengaluru,,,,12944870020
SSV Medicals,pharmacy,12.9078907,77.7928385,Bengaluru,,,,12944870024
A1 Pharma,pharmacy,12.9083895,77.7925197,Bengaluru,,,,12945154399
V Care Pet Polyclinic,veterinary,12.9712265,77.7503977,Bengaluru,,,,12946368099
Kids Dentist,dentist,12.9728577,77.7506455,Bengaluru,,,,12951565828
Aitone Diagnostics & Clinics,clinic,12.9422585,77.7473207,1/1A Varthur Main Road Bengaluru,+91 82177 77281,,,12956020019
Proteeth Dental,hospital,12.9346221,77.6284665,"224 5th cross, 4th block Bangalore 560034",,,,12956090274
Molar Bears,dentist,12.9285839,77.741393,Bengaluru,,,,12959588096
Trilife Hospital,hospital,13.0170153,77.6429262,Bengaluru,,,,12959840781
Unnamed Medical Location,veterinary,12.8025702,77.7086925,Bengaluru,,,,12977371120
SLV Pharmacy,pharmacy,12.8060227,77.699892,Bengaluru,,,,12977371123
Ramdev Medicals,pharmacy,12.9218214,77.6653489,Bengaluru,+91 77608 22426,,,12979176590
Lupin Diagnostics,laboratory,12.9273916,77.6694101,Bengaluru,,,,12979256447
MedPlus,pharmacy,12.9274267,77.6713421,Bengaluru,,,,12979349716
Sri Surya Ayurvedic Clinic & Center,alternative,12.9561309,77.7168391,5/2 Varthur Road Bengaluru,+91 81235 67891,,,12980123997
Whitefield Clinic of Nephro-Urology,clinic,12.9833772,77.7519481,Bengaluru,,,,12985113917
Sri Ram Medical Store,pharmacy,13.0099404,77.5390596,4th Cross Road Bengaluru 560096,,,,12985610202
MedPlus,pharmacy,13.00911,77.5382451,Saraswathipuram Main Road Bengaluru 560096,,,,12985610401
MedPlus,pharmacy,12.9710649,77.7504113,Bengaluru,,,,12987428708
"MS Clinic, Diagnostic & Scan Center",clinic,12.9701393,77.7502477,Bengaluru,+91 92421 09671,,,12987428709
Dr. Rakesh's Dental,dentist,12.9675932,77.7497826,Bengaluru,,,,12995167687
Homoeo Pharma,pharmacy,12.9690647,77.7500197,Bengaluru,,,,12995187521
Big Hospitals,hospital,12.9405054,77.5848675,Bengaluru,,,,12995318310
Unnamed Medical Location,alternative,12.9412764,77.5839428,Bengaluru,,,,12995318320
Clove Dental,dentist,12.9331039,77.743025,Bengaluru,,,,12997705738
Ujwala Dental Care,dentist,12.9325797,77.7422572,Bengaluru,,,,12997705743
The Eye Foundation,clinic,12.9313014,77.7418274,Bengaluru,,,,12997705749
Pavan Diagnosis,laboratory,13.0021905,77.6340212,Bengaluru,,,,13009224761
Dr HK's Neuro and Parkinson's Clinic,doctors,12.9561115,77.7168981,5/2 Varthur Road Bengaluru,+91 81002 77610,,,13013381750
Peak Performance,physiotherapist,12.9793687,77.7512445,Bengaluru,+91 74062 00111,,,13020318618
Ojas,alternative,12.984508,77.7495071,Bengaluru,,,,13022417936
Eva Physiotherapy Clinic,physiotherapist,12.9844442,77.7494124,Whitefield Road Bengaluru,,,,13022417940
Health Point,clinic,12.939425,77.7473505,Bengaluru,,,,13027727343
Divya Medicals,pharmacy,13.0282476,77.5714826,Bengaluru,,,,13043171891
Ramdev Medicals,pharmacy,12.9379642,77.7202523,Bengaluru,,,,13043372722
MedPlus,pharmacy,13.0978883,77.563176,Bengaluru,,,,13048230843
Teeth Care Dental Clinic,dentist,12.9384338,77.7432358,Bengaluru,,,,13052807090
Apollo Pharmacy,pharmacy,12.9123027,77.6327926,Bengaluru,,,,13063810467
Motherhood,hospital,13.0202419,77.6516186,Bengaluru,,,,13065064242
Lotus Advanced Dental Care,dentist,13.0518834,77.6311612,"First Floor, S Ramaiah Arcade, above PizzaHut Thanisandra Main Rd, Ashwath Nagar Bengaluru 560077",,https://lotusadvanceddentalcare.com/,,13066450484
Cosmo,pharmacy,12.9784737,77.6394515,Bengaluru,,,,13072556914
NASA Hospitals,hospital,13.0058328,77.6597392,Bengaluru,,,,13072628554
DKA Pharmacy,pharmacy,12.9762148,77.7285533,Bengaluru,,,,13072751388
Narayana's Ayurveda Center,alternative,12.9169419,77.6142751,Bengaluru,+91 80 2668 1748,https://www.narayansayurveda.com,,13073521867
Skinray,doctors,12.8873538,77.7400395,Bengaluru,,,,13075622933
Ramaiah Ayurveda Clinic,alternative,13.0925847,77.5855424,Bengaluru,+917090533000,,,13076068658
Emerge Dental Studio,dentist,12.9714719,77.6352447,3138 Sai Baba Mandira Road Bengaluru 560008,,https://emergedentalstudio.com/,,13086370348
Pure Smiles Dental Clinic,dentist,13.0060466,77.5650785,Bengaluru,,,,13086475302
Corner Clinic,clinic,13.0059814,77.5651154,Bengaluru,,,,13086475303
Center For Child Development & Disabilities,doctors,13.006008,77.5650855,Bengaluru,,,,13086475304
Vignesh Homeo Clinic,alternative,13.0060569,77.5651049,Bengaluru,,,,13086475305
Lupin Diagnostics,laboratory,13.0044793,77.6603632,Bengaluru,+91 70303 00400,,,13089232585
Puran Medical And Central Store,pharmacy,13.0043462,77.6604392,Bengaluru,,,,13089232589
Yash Chemist and Druggist,pharmacy,12.9193973,77.6491547,Bengaluru,,,,13097022856
Krishna Pharma,pharmacy,13.0057911,77.6595163,Bengaluru,,,,13100714481
AlignBy Orthodontic & Multi-Speciality Clinic,dentist,12.9017823,77.6779575,341 2nd Main Road Bengaluru 560035,,https://alignby.com/,,13103135473
Revive Janata,pharmacy,12.9777179,77.6306728,Bengaluru,,,,13114667051
Life Care Medicals,pharmacy,12.8757204,77.5440302,Bengaluru,,,,13137769246
Medplus Pharmacy,pharmacy,12.879743,77.5537562,Bengaluru,,,,13149575752
Venky Vet Pharma,veterinary_pharmacy,13.0275516,77.5860894,Bengaluru,,,,13155774217
Terra Dental Studio,dentist,13.0252865,77.7626333,Bengaluru,,,,13160021026
Bangalore Orthopeadic And Surgical Hospital,hospital,13.0219385,77.6385853,"426 CMR Main Rd, 3rd Cross,2nd Block HRBR Layout, Kalyan nagar Bangalore 560043",,,,13164592436
Ramdev Medicals,pharmacy,12.9555919,77.7207693,Bengaluru,,,,13167189679
Frank Ross,pharmacy,12.9541309,77.7175389,Bengaluru,,,,13175465714
Chiranjeevi Specialist Center,clinic,12.9179144,77.5967581,Bengaluru,,,,13176401337
Physio Reset,physiotherapist,12.942309,77.7473744,Bengaluru,+91 83285 63399,,,13176724498
Glamhue Aesthetics,doctors,12.9422581,77.7473698,Bengaluru,+91 81256 18594,,,13176724499
Roots and Grins Dental Clinic,dentist,12.9729735,77.6467027,3037 8th Main Road Bengaluru 560008,063660 40123,https://rootsandgrinsdentalclinic.com/,,13183413401
Kushal Skin Clinic,doctors,12.95607,77.7164684,Bengaluru,,,,13192856700
Apollo Dental,dentist,12.8815792,77.5463047,"Kanakapura Road, Doddakallasandra, Bengaluru Bengaluru",8310463413,,,13208732222
Apollo Pharmacy,pharmacy,12.859831,77.793116,Bengaluru,,,,13242475657
Raghav Medicals,pharmacy,12.9584462,77.6608493,Bengaluru,,,,13243419838
Nano Hospitals,hospital,12.9070989,77.5460762,Dr. Vishnuvardhan Road Bengaluru 560061,,,,13257391201
Ayur Central,alternative,12.9521239,77.4996917,Bengaluru,,,,13278039156
Sri Ganesh,pharmacy,13.1909775,77.6458345,Bengaluru,,,,13291204496
Dr Swarna Skin Hair & Laser Clinic,clinic,12.9364209,77.7025524,3rd Floor Above Maya Hospital Panathur Main Road Bengaluru 560103,,,,13295879973
Kasper Multi Speciality Clinic,clinic,12.9714129,77.6474946,Bengaluru,,https://www.kasperclinic.com/,,13295904199
P N Medicals,pharmacy,12.9714555,77.7065292,Bengaluru,,,,13319110553
Kamath Dental Clinic,dentist,12.9585727,77.6594576,Bengaluru,,,,13326178071
Unnamed Medical Location,physiotherapist,13.0677982,77.5661782,Bengaluru,,,,13339931424
Unnamed Medical Location,clinic,13.0040144,77.568516,Bengaluru,,,,13352409672
Salecha Dental Clinic,clinic,12.9531575,77.5712977,Bengaluru,,,,13354969822
RR Orthopedic And Surgical Center,doctors,12.9528447,77.571206,Bengaluru,,,,13354969824
Dr. Abhilipsa | AbhiGyan - Ortho Neuro Sports Rehab Physiotherapist | Physiotherapy Clinic | Back Pain | Neck Pain,physiotherapist,12.8664201,77.5354575,"Second Floor Kamala Ark, Judicial Layout Bengaluru 560109",7990793367,https://www.physiotherapistbangalore.in/,,13355148789
Sri Venkateshwara Medicals & general store,pharmacy,12.916652,77.595211,Bengaluru,,,,13357442354
Trost,alternative,12.9786576,77.6404595,Bengaluru,,,,13357990629
Supertails+,veterinary,12.9586304,77.7155748,Bengaluru,,,,13358966040
Sri Ganesh Clinic - Family physician,clinic,12.9966075,77.5425278,Bengaluru,,,,13390004731
Medall Clumax Diagnostics,laboratory,12.9579075,77.6594239,Bengaluru,,,,13401545202
Health Diagnostic Centre and Day Care,laboratory,12.9578522,77.6594994,Bengaluru,,,,13401545203
Orange Health Labs,clinic,12.9126004,77.6329359,Bengaluru,,,,13430304762
MedPlus,pharmacy,12.912582,77.6328303,Bengaluru,,,,13430324452
Shishu Care Clinic,clinic,12.8603132,77.5423146,"JP Hive complex, Holiday Village Resort Road, Mallasandra, Bangalore Bengaluru",,,,13462471297
Lal Path Labs,laboratory,12.9591795,77.7182749,Bengaluru,,,,13465423651
Sartha Health Care,pharmacy,12.9612458,77.7162332,Bengaluru,,,,13525670852
Femlife,clinic,12.9610086,77.7162207,Bengaluru,,,,13525670853
Aarthi Scans & Labs,laboratory,13.0002688,77.6177333,Bengaluru,,,,13531518187
Garbha Gudi,clinic,12.9670092,77.7026221,Bengaluru,,,,13567045164
Annmees Veterinary Hospital,veterinary,12.973863,77.5102438,Bengaluru,,,,13588888212
Sri Thirumala Medicals,pharmacy,12.9708868,77.6941945,Bengaluru,,,,13607088381
Ram Medical,pharmacy,12.8603111,77.5423104,26/3 Holiday Village Road Bengaluru,+919886885489,,,13608794251
Nexa White,dentist,12.9602629,77.7213848,Bengaluru,+91 70227 31296,,,13619251684
Amala Eye Care,clinic,13.0087658,77.6228679,Bengaluru,,,,13647330503
Sakra World Hospital,hospital,12.932315,77.6852483,"akra World Hospital - SY NO 52/2, 52/3, Devarabeesanahalli, Varthur Hobli Opp Intel, Outer Ring Rd, Marathahalli Bengaluru 560103",,https://www.dalwaispine.com/,,13666515767
Uplift,physiotherapist,12.9594066,77.7186352,748 7th Main Road Bengaluru,,,,13667087906
Ayub residency,doctors,12.9534135,77.528608,205 9th Main Road Bengaluru 560040,,,,13699266701
MedPlus,pharmacy,12.9925855,77.6804704,Bengaluru,,,,13734016149
S.S. Medicals,pharmacy,12.9925085,77.680311,Bengaluru,,,,13734016150
Lupin Diagnostics,laboratory,12.9914465,77.684551,Bengaluru,,,,13735348317
The Dentists,dentist,12.9914931,77.6842279,Bengaluru,,,,13735348318
White Pearl Dentist,dentist,12.9860964,77.537836,Bengaluru,,,,13741675235
Sri Lakshmi Venkateswara Medical & General Stores,pharmacy,12.989954,77.6979639,Bengaluru,,,,13766019282
"Healing Hands Clinic - J.P Nagar, Bengaluru",hospital,12.9061361,77.5868707,"#281,Ground Floor,Krishna Towers 15th Cross, 5th Phase Bangalore 560078",,https://www.healinghandsclinic.co.in/bengaluru-location/piles-fistula-hospital-in-jp-nagar/,,13817067479
"Healing Hands Clinic - Indiranagar, Bengaluru",hospital,12.9783093,77.6426202,"3rd Floor Krishvi Aspire, #516 Chinmaya Mission Hospital Road Indira Nagar, Bangalore 560038",,https://www.healinghandsclinic.co.in/bengaluru-location/piles-fistula-hospital-in-indiranagar/,,13817232442
"Healing Hands Clinic - Sahakar Nagar, Bengaluru",hospital,13.0635992,77.5895961,"1st Floor, 490/8, F Block Bengaluru 560092",,https://www.healinghandsclinic.co.in/bengaluru-location/piles-fistula-hospital-in-sahakarnagar/,,13817489999
"Healing Hands Clinic - HSR Layout, Bengaluru",hospital,12.9120415,77.6479898,"1st Floor, Krishna Complex 17th Cross Road Bengaluru 560102",,https://www.healinghandsclinic.co.in/bengaluru-location/piles-fistula-hospital-in-hsr-layout/,,13821019822
"Healing Hands Clinic - Rajajinagar, Bengaluru",hospital,12.9981698,77.5429724,"2nd floor, 9th Cross Modi Hospital Main Road Bengaluru 560079",,https://www.healinghandsclinic.co.in/bengaluru-location/piles-fistula-hospital-in-rajajinagar/,,13821035120
"Healing Hands Clinic - Sarjapura, Bengaluru",hospital,12.8666262,77.767802,"215/10C, Trinity Complex Sarjapura Main Road Bengaluru 562125",,https://www.healinghandsclinic.co.in/bengaluru-location/piles-fistula-hospital-in-sarjapur/,,13821072256
"Healing Hands Clinic - Whitefield, Bengaluru",hospital,12.9880628,77.7298427,"Zenya Signature, 4th Floor ITPL Main Road Bangalore 560066",,https://www.healinghandsclinic.co.in/bengaluru-location/piles-fistula-hospital-in-whitefield-bengaluru/,,13821104862
Shiva Krupa,clinic,12.9836261,77.5368865,Bengaluru,,,,13830420920
Sri Aruna Pharma,pharmacy,12.9830339,77.7183429,Bengaluru,,,,13860048097
Patel Medicals,pharmacy,12.9497535,77.5970612,Bengaluru,,,,13860991593
Aditya Medicals,pharmacy,12.9473524,77.598322,Bengaluru,,,,13860991594
Hahneman Homeo Consortium,alternative,12.982666,77.5375133,Bengaluru,,,,13904007861
The Blue Capital Pet Hospital,veterinary,12.9826459,77.5374853,Bengaluru,,,,13904007862
Dr Ali's DentaCare,dentist,12.9854666,77.5979873,"19, Chinnaswamy Mudaliar Rd, Swamy Shivanandapuram, Shivaji Nagar Bengaluru 560051",919141829885,https://dralisdentacare.com/,,13906515794
Dr Chaitra's Dental Clinic & Implant Centre,dentist,12.9365269,77.5611528,"1223, 8th Main, 11th Cross Rd, Ashok Nagar, Banashankari 1st Stage Bengaluru 560050",919986336226,https://wizroi.com/DrChaitrasdentalclinicandimplantcentre,,13906620977
Portea Heal At Home,clinic,12.9609602,77.6357945,Bengaluru,,,,13913735990
Laser Dental Health Center,dentist,12.9604437,77.635962,Bengaluru,,,,13913766170
Pavis Lab,laboratory,12.9600271,77.6375719,Bengaluru,,,,13913789691
Apollo Cradle & Children's Hospital,hospital,12.8695143,77.6542531,Bengaluru,,,,13926749740
Kauvery hospital,hospital,12.855088,77.6631602,Hewlett Packard Avenue Bengaluru,,,,13955109101
ENTRUST ENT Clinic,clinic,12.9703089,77.6401984,956 12th Main Road Bengaluru,,,,13962201201
Praveen Medicals,pharmacy,12.98491,77.6793715,Bengaluru,,,,13962747988
Sumeru Homeopathic Clinic,alternative,12.986792,77.5387268,Bengaluru,,,,13967838015
Aparna Diagnostic Centre,laboratory,12.9884188,77.5378231,Bengaluru,,,,13967838016
The Insole Co,clinic,13.168415,77.5962476,Survey No 336 Padukone Dravid Centre for Sports Excellence Bengaluru 562157,,https://insole.in/,hello@insole.in,13974192980
Namma Clinic,clinic,12.9645507,77.748775,Bengaluru,,,,13976772623
Fix and flex Physiotherapy Clinic | Best physiotherapy centre in Bangalore,physiotherapist,12.9440778,77.5562077,"Srinagar, 4th Cross Road, 5th Main road, Banashankari Stage I Bengaluru 560050",075068 84671,https://fixandflex.in/,,13977784501
Silva Dent Multi-Speciality Dental Clinic,dentist,12.9716976,77.5809536,"118 First Floor Main Road, 560002, Avenue Road, Cubbonpete Bengaluru 560002",080 4123 2499,https://silva-dent.grexa.site/,,14002020201
Pristine physiotherapy and wellness clinic in Koramangala,physiotherapist,12.9382509,77.6187831,Prestine physiotherapy clinic Bangalore 560095,063646 35943,https://pristine-physiotherapy.grexa.site/,,14008020801
Sukoon Psychiatry Centre,hospital,13.0408289,77.5626277,"22 New Bel road, 2nd main road Bengaluru 560054",,https://www.sukoonhealth.com/,,14008366201
Sri Lakshmi Clinic,clinic,12.9015628,77.6605259,Bengaluru,,,,24365167
Aster RV Hospital,hospital,12.9114199,77.5850249,"CA-37 24th Main Road, 1st Phase, J P Nagar bangalore 560078",08046414641,https://www.asterhospitals.in/hospitals/aster-rv-bangalore,,32258435
Chinmaya Mission Hospital,hospital,12.9779337,77.6461885,Bengaluru,+91 80 2502 6100,https://www.chinmayamission.com/what-we-do/institutes/chinmaya-mission-hospital-chinmaya-mission-of-nursing/,,35133587
KLE Dental College,hospital,13.0305079,77.535667,Bengaluru,,,,36676436
Bangalore Medical College Hospitals,hospital,12.9622995,77.5734349,Bengaluru,,,,37338859
Susruta Nursing Home,doctors,13.0270228,77.6394042,Bengaluru,,,,37828776
Health Centre,hospital,13.0157723,77.5638038,Bengaluru,,,,37976777
K C General Hospital,hospital,12.9950532,77.5697431,Bengaluru 560003,,,,38536360
St Marthas Hospital,hospital,12.9708175,77.5857431,Bengaluru 560001,,https://www.narayanahealth.org/,info.sm@nhhospitals.org,38542913
Vydehi Superspeciality Hospital,hospital,12.9681553,77.5950421,2 Vittal Mallya Road Bengaluru 560001,+9180 2227 7979,http://www.vsshospital.com/,info@vsshospital.com,38750705
Jayanagar General Hospital,hospital,12.9261175,77.592549,Bengaluru 570014,0821-2461158,,,40631131
Hospital Complex,hospital,12.9383683,77.5899069,Bengaluru,,,,40631657
Sri Jayadeva Institute Of Cardiology,hospital,12.918526,77.599254,Bannerghatta Road Bengaluru 560041,,,,40678727
HMT Hospital,hospital,13.04958,77.5509219,Bengaluru,,,,42014454
BEL Hospital,hospital,13.0503387,77.5567647,Bengaluru 560013,,,,42407828
"Fortis Hospitals, Bannerghatta Road",hospital,12.8947511,77.5985816,Bengaluru 560076,,www.fortishospitals.com,enquiries@fortishospitals.in,44091443
Apollo Hospital,hospital,12.89632,77.5983495,Bannerghatta Road Bangalore 560076,,www.apollohospitalsbangalore.com,customercarebangalore@apollohospitals.com,44091445
Bhagwan Mahaveer Jain Hospital,hospital,12.9914884,77.5952993,Bengaluru,,,,45185764
Bowring and Lady Curzon Hospitals,hospital,12.9830115,77.6047116,"Lady Curzon Road Shivaji Nagar, Bangalore 560001",+91-80-25591325,https://sabvmcri.karnataka.gov.in/,,45444044
Sir Haji Ismail Gosha Sait Hospital,hospital,12.9837175,77.599792,"Venkataswamy Naidu Road Shivaji Nagar, Bangalore",,,,52063534
Government Veterinary Hospital,hospital,12.9641529,77.5676947,Bengaluru,,,,53849361
Divisional Railway Hospital,hospital,12.9798353,77.5651105,Bengaluru,,,,53859295
Baptist Hospital,hospital,13.0347249,77.5901708,Bellary Road Bangalore 560024,08022024700,https://www.bbh.org.in/,,54963084
ESI Hospital,hospital,12.9713479,77.6367243,Bengaluru,,,,59358741
Railways Hospital,hospital,13.1041114,77.5829963,Bengaluru 560064,,,,82432632
KK Hospital,hospital,13.0971434,77.5893851,Bengaluru 560064,,,,82494617
ESI Dispensary,hospital,12.992488,77.7062224,"Graphite India Road Hudi, Bangalore",080 28524261,,,89781247
Rajshekhar Hospital,hospital,12.9110143,77.5797725,"21 9th Cross Road, Phase 1, Sarakki Layout, JP Nagar bangalore 560078",080 4252 7555,https://www.rajshekarhospital.com/,,118411722
Karunashraya,hospital,12.9574104,77.7134875,Bengaluru,,https://www.karunashraya.org/,,122157597
Sankara Eye Hospital,hospital,12.9571436,77.7128215,Varthur Road Bengaluru 560037,,https://www.sankaraeye.com,bangalore@sankaraeye.com,124013168
"Sparsh Hospital For Advanced Surgeries, Bengaluru Urban",hospital,12.9833345,77.5945358,Infantry Road Bangalore 560001,,https://www.sparshhospital.com/,,124760551
Sri Sathya Sai Institute of Higher Medical Sciences,hospital,12.9808814,77.7303132,Bengaluru,,,,124782791
Nama Clinic,clinic,12.9468482,77.5956798,"Hombegowda Boys High School Skating Ground, Wilson Garden,Hombegowda Nagar Bengaluru 560027",,,,131396833
Manipal Speciality Hospital,hospital,12.908884,77.5136186,Bengaluru,,https://www.rashtrotthanahospital.com/,,132913842
"Manipal Hospital, Bengaluru Urban",hospital,12.9587074,77.6490296,Bengaluru 560017,,,,133061664
Narayana Nethralaya,clinic,13.0115204,77.5521069,Bengaluru 560010,,,,133117380
Chaitanya Nursing Home,hospital,13.0990774,77.5861467,Bengaluru,,,,133352357
Radhakrishna Multispeciality Hospital,hospital,12.9409612,77.5455617,"3-4 Sunrise Towers, 30th crs JP Rd. Girinagar.,opp Canara Bank bangalore 560085",080 2642 2977,,,133379520
Rajalakshmi Multispeciality Hospital,hospital,12.9164637,77.5796155,Bengaluru 560078,,,,133951786
Manipal Hospital,hospital,12.9585777,77.6481409,Bengaluru,,,,135262255
Indiranagar Government Hospital,hospital,12.9829238,77.6446972,Bengaluru,,,,135266042
Isolation Hospital,hospital,12.9839262,77.6436191,Bengaluru,,,,135266057
Epidemic Disesase Hospital,hospital,12.9864155,77.6437586,Bengaluru 560002,,,,135270813
Employees' State Insurance Corporation Model Hospital,hospital,12.9909528,77.5534579,Bengaluru,,,,138697265
Dr. O'grady Health And Welfare Center,doctors,12.9701362,77.7504747,Bengaluru,,,,141454553
"Vittala International Institute Of Ophthalmology, Hosakerehalli",hospital,12.9308127,77.5412224,Bengaluru 560085,,,,141791769
ISRO Employees Hospital,hospital,12.966082,77.656317,Bengaluru,,,,146204781
Ramaiah Memorial Hospital,hospital,13.0282176,77.569775,Bengaluru 560054,,https://msrmh.com/,contact@msrmh.com,148032600
Hosmat Hospital,hospital,12.9691251,77.6133228,Bengaluru 560025,,,,148065730
Victoria Hospital,hospital,12.9634957,77.5736948,Bengaluru,,,,150350476
Manipal Hospital,hospital,13.050953,77.5938654,Bengaluru 560024,,,,160906231
Dasappa Maternity Hospital,hospital,12.9643477,77.5845256,Bengaluru 560002,,,,161984945
Isolation Hospital,hospital,12.9858278,77.6429649,Bengaluru,,,,164048206
Sarvodaya Hospital,hospital,12.9803669,77.5390159,Bengaluru 560079,,,,169801514
Dasarahalli Referral Hospital,hospital,12.9773598,77.5428202,Bengaluru 560040,,,,169801520
Nethra Eye Hospital,hospital,13.0271503,77.5768623,Bengaluru 560094,,,,175880547
Narayana Hrudayalaya,hospital,12.8077543,77.6950585,Bengaluru 560099,,,,188320000
M S Ramaiah Harsha Hospital,hospital,13.0931394,77.395632,Bengaluru 562123,,https://www.harshainstitutions.com/,contact@harshainstitutions.com,192927611
Kidwai Memorial Institute of Oncology,hospital,12.936526,77.5981388,Bengaluru 560 029,,https://www.kidwai.kar.nic.in/,,239738408
Ayurvedagram Heritage Wellness Centre,hospital,12.968954,77.7994762,Bengaluru,,,,251275242
P.D. Hinduja Sindhi Hospital,hospital,12.9644407,77.5926745,Bengaluru 560027,,https://www.hindujasindhihospital.com/,,256703169
Nmpc Hospital,hospital,13.0224158,77.6580401,Bengaluru 560043,,,,256940540
Shri Krishna Sevashrama Hospital,hospital,12.9173301,77.5851028,Bangalore 560041,+918022441631,http://www.sks-hospital.org/,admin@sksh.com,259487871
Veterinary Hospital,veterinary,13.0283387,77.5844332,Bengaluru,,,,260994096
Lions Seva Hospital,hospital,12.9555043,77.7053083,Bengaluru,,,,262198741
Sacred Oak,hospital,12.8433084,77.6754789,ELECTRONI CITY MAIN ROAD Bengaluru 560100,,,,264294673
Sreerampura Referal Hospital,hospital,12.9907432,77.5649082,Bengaluru 560010,,,,271786067
HAL Hospital,hospital,12.9623685,77.6664034,Bengaluru,,,,290187542
Pro MED Hospital,hospital,12.9294355,77.564005,Bengaluru 560070,,,,306826547
Apollo Speciality Hospital,hospital,12.9362818,77.5843424,Bengaluru 560011,,https://www.apollohospitals.com/,customercarebengaluru@apollohospitals.com,306861065
"Sevakshetra Hospital, Bengaluru Urban",hospital,12.9216723,77.5721649,27th Cross Bangalore 560070,,,,307097150
Netradhama Hospital,hospital,12.9253024,77.5774064,Kanakapura Road Bengaluru,,,,307098232
"Fortis Hospitals Limited, Bengaluru Urban",hospital,12.9884932,77.5945504,Cunningham Road Bengaluru 560052,,https://www.fortishealthcare.com/,,325436710
ESI Hospital,hospital,12.9952564,77.6527138,Bengaluru,,,,328758432
Institute of Ayurveda and Integrative Medicine (I-AIM),hospital,13.1256158,77.5468302,Bengaluru,,http://iaimhealthcare.com/,,330196978
Milann Fertility Center,hospital,12.9788013,77.6380849,4 12th Cross Bengaluru,,,,331365081
Sln Medical And General Stores,pharmacy,13.0161475,77.5438849,Bengaluru,,,,332071364
Sanjeevani Hospital,hospital,13.0116917,77.5438731,Bengaluru 560086,,https://www.sanjeevinihospital.com/,,332071569
Dr. Agarwal's Eye Hospital,hospital,12.9103586,77.600474,Bengaluru,,,,333052556
Sanjay Gandhi Accident and Trauma Hospital,hospital,12.9356389,77.5935945,Bengaluru,,,,334493050
Sanjay Gandhi Accident and Trauma Hospital,hospital,12.9357711,77.5939433,Bengaluru,,,,334493056
NIMHANS De-Addiction Centre,rehabilitation,12.9412164,77.5948912,Bengaluru,,,,334493068
Psychiatric Project Wing,doctors,12.9409785,77.5943587,Bengaluru,,,,334493074
Greenview Hospital,hospital,12.9191928,77.6381223,Bengaluru,,,,335043199
Leprosy Hospital,hospital,12.9744546,77.5640222,Bengaluru,,,,337987686
Nandi Clinic,clinic,13.0344882,77.5014235,Bengaluru,,,,338086179
Ravi Kirloskar Memorial Hospital,hospital,13.0384676,77.527802,Bengaluru 560058,,,,339095607
Endo Expert,dentist,13.0930956,77.5847183,279 15th A Cross Road Bengaluru,+918123821907,,,345926296
Amrutha Diagnostic Centre,doctors,13.0934109,77.583389,287 15th A Cross Road Bengaluru,,,,345926300
Dr. Agarwal Eye Hospital,hospital,13.0943148,77.58071,Bengaluru,,,,345926542
Annasawmy Mudaliar General Hospital,hospital,12.9999803,77.6144986,Bengaluru 560005,,,,345954862
Arth Ayurveda World,hospital,12.9685282,77.6457748,3367/A 13th Main Road Bangalore 560008,,,,345964025
"Neha Prakash Hospital, Bengaluru Urban",hospital,13.1077314,77.5717299,Bengaluru 560064,,https://www.nehaprakashhospital.com/,shobha217@gmail.com,346156811
SRL Diagnostics,laboratory,12.9885353,77.6845183,"Near Gangabhavani Temple, behind DRDO Township Phase 2 Main Road, Quarters, Mahadevapura Bengaluru 560048",,https://www.srlworld.com,,346170345
Sri Lakshmi Venkateshwara Hospital,hospital,13.1056278,77.5772997,Bengaluru,,,,346190765
Prolife Hospital,hospital,13.065084,77.5936343,Bengaluru 560092,,,,346195951
Cutis,clinic,12.9768424,77.544906,Bengaluru,,,,346272579
Metphi Clinic,clinic,12.9702189,77.6382451,1079 12th Main Road Bengaluru 560038,+919632077410,https://www.metphi.com/,,346436208
Amrik Hospital,hospital,12.9828993,77.7478126,Bengaluru,,,,346449367
Facelit Skin Hair & Wellness,clinic,13.0236925,77.6370146,"218 Kammanahalli Main Rd, HRBR Layout 3rd Block Bangalore 560043",,,,346506657
Apollo Pharmaceuticals,pharmacy,13.0105307,77.7046644,Bengaluru,,,,346506903
Shree Srinivasa Uro Care,clinic,12.9759331,77.6470463,Bengaluru 560075,,,,346517391
Indicus,hospital,13.0146094,77.6464563,2nd Cross Road Bengaluru 560043,,,,346521829
Fortis La Femme Hospital,hospital,12.9657452,77.6097161,Bengaluru 560025,,,,346537092
Shyamala Hospital,hospital,12.9714272,77.627494,17/4 Cambridge Road Bangalore 560008,,,,346711854
Ways2Guide Speech Therapy Center,hospital,12.9599619,77.7126304,"15 3rd Cross Road, Vaikuntam Layout Bangalore 560037",,,,346714039
Government Primary Health Centre,hospital,12.9718119,77.693776,Bengaluru 560037,,,,346722362
Hope Veterinary Clinic,veterinary,13.0378807,77.6502896,Horamavu Agara Road Bengaluru 560043,,,,346729228
RMV Hospital,veterinary,13.0304983,77.5738738,1st Main Road Bengaluru,,,,346753888
Kinder Women's Hospital & Fertility Center,hospital,12.9920515,77.7064747,Bengaluru,+91 80 2888 8880,https://kinderhospitals.com/,contactus.blr@kinderhospitals.com,346842857
Medicare Diagnostics,hospital,13.0285228,77.5587301,Bengaluru,,,,347071790
Abhaya Hospital,hospital,12.9462798,77.5947839,Bengaluru 560027,,https://www.abhayahospital.org/,,347074890
Tirumalai Eye Clinic,hospital,12.9194536,77.5838939,Bengaluru,,https://www.tirumalaieyeclinic.com/,,347113528
Kairali Ayurvedic and Treatment Center,clinic,12.982185,77.6414945,Hutting colony Bengaluru,,,,347118960
MS Diabetes Speciality Center,hospital,12.9807106,77.646011,Bengaluru,,,,347120731
Shashank Clinic,hospital,12.9265095,77.5808392,175 5th Main Road Bengaluru 560011,,,,347120748
BBMP Maternity Hospital,hospital,12.9491979,77.596808,Bengaluru,,,,347167749
Ramakrishna Clinic,hospital,12.978694,77.5744614,"4th Cross Gandhi Nagar, Bangalore",,,,347175871
ESI Hospital,hospital,12.9279948,77.5894064,Bengaluru,,,,347187836
SPARRC Institute,clinic,12.9683093,77.6398241,3347 Bengaluru,,,,347217736
Unnamed Medical Location,hospital,12.9346732,77.6287815,Bengaluru,,,,347236390
Proteeth Dental,hospital,12.9346254,77.6284672,"224 5th Cross Road, 4th block Bangalore 560034",,,,347236718
Dental Clinic,clinic,12.9343637,77.589961,Bengaluru,,,,347449274
Unnamed Medical Location,clinic,13.0023134,77.6215608,16 Hutchins Main Road Bangalore 560005,,,,347450104
Delta Diagnostic Lab,laboratory,12.947629,77.568768,Bengaluru,,https://www.deltadiagnostics.in/,,347480133
Apollo Hospital,hospital,12.9883419,77.5726976,Bengaluru,,,,347485349
Shubha Ayurvedic Center,pharmacy,12.937231,77.579479,Bengaluru,,,,347489268
Supra Hospital,hospital,12.9928137,77.5386455,Bengaluru 560079,,http://www.panaceahospital.com/,,347497660
GM Hospital,hospital,12.9929463,77.5386927,"334 8th Main, 3rd Stage Basaveshwara Nagar, Bangalore 560079",,,,347497848
Jan Aushadhi,pharmacy,12.9053525,77.641394,Bengaluru,,,,347501955
Amruth Ayurvedic Center,clinic,12.9479261,77.5709428,Bengaluru,,,,347504826
Sakhi Hospital (A Unit Of Prasad Healthcare Services),hospital,12.9052747,77.6031945,Bengaluru 560076,,,,348229715
Prashanth Hospitals,hospital,12.9391883,77.5513126,Bengaluru,,,,348287598
Vagus Super Speciality Hospital,hospital,13.0084773,77.5684217,"6,7,8 18th Cross Road Bengaluru 560003",080-23569970,https://www.vagushospital.com/,info@vagushospital.com,348827364
Ovum Hospitals,hospital,13.0171298,77.6432944,"8th Main Road (west) Bengaluru 560043,",,,,350750824
Unnamed Medical Location,hospital,13.0546111,77.5915016,Bengaluru,,,,351121389
Deepak Hospital,hospital,12.9262236,77.5775108,Bengaluru,,,,351326759
Unnamed Medical Location,dentist,12.9410831,77.623777,Bengaluru,,,,351627455
Gopala Eye Care Centre,hospital,12.9883622,77.5343261,Bengaluru,,,,354557914
Manipal Hospitals,hospital,12.9583496,77.7454332,Bengaluru,,,,360342803
Jeevika Hospital,hospital,12.9659074,77.7025531,Bengaluru,,,,360347699
Sharada Medicals,hospital,13.0152635,77.6467105,8th E Main Road Bengaluru 560043,,,,363870191
SDM Institute of Ayurveda & Hospital,hospital,12.8938602,77.4572342,Bengaluru,,,,367578285
Halasuru Referal Hospital,hospital,12.973692,77.6266773,Bengaluru 560008,,,,369295552
Manipal Hospital,hospital,12.9882084,77.5921572,Bengaluru 560052,,https://www.vikramhospital.com/,,371602983
BBMP Primary Health Center,hospital,12.9591543,77.6464476,Bengaluru,,,,372545827
The Fracture and Orthopaedic Clinic,hospital,13.0081737,77.5634644,Bengaluru,,,,398113412
CSI Hospital,hospital,12.991305,77.6011314,Bengaluru 560051,080 22861103,http://csihospitalblr.org,info@csihospitalblr.org,400480962
Government Hospital,hospital,12.9490229,77.6199247,Bengaluru,,,,401993917
Sagar Hospitals,hospital,12.9279005,77.5998446,Bengaluru 560041,08042888888,https://www.sagarhospitals.in/,infojnr@sagarhospitals.in,442048030
Sagar Hospital,hospital,12.9078674,77.5651623,Bengaluru,,,,442048031
Command Hospital (Air Force),hospital,12.9638769,77.627935,Bengaluru 560007,,,,478206073
Yelahanka Government Hospital,hospital,13.0995716,77.5962927,Bengaluru 560063,,,,487591672
St. Philomena's Hospital,hospital,12.9649568,77.6111375,"4 Mother Theresa Rd, Vivek Nagar Post, Near Life Style, Xavier Layout, Victoria Layout bangalore 560047",080 4016 4433,stphilomenashospital.org,,487956103
Government Maternity Hospital,hospital,12.9377267,77.5697859,Bengaluru,,,,496821816
Indira Gandhi Institute Of Child Health,clinic,12.9371517,77.5919106,Bengaluru 560029,,,,501700870
HCG Cancer Hospital,hospital,12.9637737,77.5896796,8 P. Kalinga Rao Road Bengaluru 560027,+918040206000,https://www.hcgoncology.com/,,509638758
Al-Ameen Hospital,hospital,12.9898869,77.5942601,Bengaluru 560001,,,,512626192
St. Theresa's Hospital,hospital,13.0067504,77.5529389,Dr Rajkumar Road Bengaluru 560010,,,,513532062
Shirdi Sai Hospital,hospital,13.0668492,77.6394164,Bengaluru,,,,525508983
Life Hospital,hospital,12.9756177,77.6470614,Bengaluru,,,,535587224
South City Hospital,hospital,12.9496516,77.5803074,Bengaluru,,,,549373054
Nandi Medicals,pharmacy,13.0534181,77.5750015,Bengaluru,,,,550861926
Manipal Hospitals Whitefield,hospital,12.9880712,77.7286414,"Manipal Hospitals Whitefield #143, 212-2015 Whitefield Main Road Bangalore 560048",1800 3001 4000,https://www.manipalhospitals.com/whitefield/,,598030834
"Sparsh Hospital, Bengaluru Urban",hospital,12.8069097,77.6957524,Bengaluru 560099,,,,608640663
Mazumdar Shaw Medical Center,hospital,12.8066737,77.6946919,Bengaluru 560099,,,,608640669
Homeocure Clinic,clinic,12.9195467,77.6685465,"9/47 1st Floor, Bellandur Gate, Sarjapur Road Bengaluru 560035",,,,610128869
Motherhood,hospital,12.9179135,77.6722553,Bengaluru,,,,610471335
Manipal Hospitals,hospital,12.9199685,77.6652549,Bengaluru,,,,611385979
touchwood,hospital,12.9059995,77.6511229,1587 Bengaluru,,,,611698410
Suvarnamukhi,hospital,12.9135595,77.6795552,"66 Kaikondrahalli, Sarjapur Road Bengaluru 560034",+91 98451 26869,,,613474107
Jayashree Pharmacy,pharmacy,12.8845926,77.6251218,Bengaluru,,,,631054119
Sakra World,hospital,12.9322182,77.6853258,"52/2, 52/3 Kariammana Agrahara Road Bengaluru",080 4962 4962,https://www.sakraworldhospital.com/,,631580848
Rainbow Children's Hospital,hospital,12.9753078,77.697834,Bengaluru,,,,632111019
Agadi Hospital,hospital,12.9492019,77.5977936,Bengaluru 560027,,,,639010019
Punarjani Ayurvedic Multispeciality Hospital,hospital,12.8964133,77.6950639,Bengaluru 560035,,,,655045245
Janani Clinic,clinic,12.9058886,77.5800176,Bengaluru,,,,658687560
Sri Sri Ayurveda hospital,hospital,12.8222,77.5217734,Bengaluru 560082,,,,668074515
Svastha Hospital,hospital,12.9659169,77.749386,Whitefield Main Road Bengaluru,,,,674106057
Sparsh Hospital,hospital,13.0277509,77.5429924,Tumkur Road Bengaluru 560022,00919019108108,https://www.sparshhospital.com/,,674362377
Narayana Multispeciality Clinic,clinic,12.9104305,77.686067,Bengaluru,,,,677359176
Unnamed Medical Location,hospital,12.8980981,77.6338265,Bengaluru,,,,678066777
BMS Hospital,hospital,12.9413364,77.5674679,Bengaluru 560019,,,,687319732
Veterinary Hospital,veterinary,12.979026,77.6264656,Bengaluru,,,,688356352
Halasuru BBMP Primary Health Centre,clinic,12.9790012,77.6267043,Bengaluru,,,,688356353
Sarjapura Urban Primary Health Centre,hospital,12.8605548,77.7840484,Bengaluru 562125,,,,692111911
Medical Centre,hospital,12.9246391,77.5006239,Bengaluru,,,,695545711
M C Modi Eye Hospital,hospital,12.9980069,77.5459005,Bengaluru 560086,,http://www.modieyehospital.com/,modihospital@hotmail.com,697081723
Pushpa Nursing Home,hospital,12.9689004,77.7494952,284 Whitefield Main road Bangalore 560066,+917676548532,https://www.pushpanursinghome.com/,,704936395
Unnamed Medical Location,hospital,13.0177672,77.5417058,Bengaluru,,,,726095464
Nrr Hospital,hospital,13.0725243,77.5035875,Bengaluru 560090,,,,726119799
Arunodaya Hospitals,hospital,13.057066,77.508511,Bengaluru 560057,,,,726190880
Dr Ramachandra Hospital,hospital,13.048319,77.5080361,Bengaluru 560057,,,,726342145
Shushrusha Hospital,hospital,13.0997115,77.5981096,Bengaluru,,,,726478472
Government Hospital,hospital,13.0991845,77.5968656,Bengaluru,,,,726497370
Deeksha Hospital,hospital,13.0982401,77.5970471,Bengaluru 560064,,,,726506664
Ashwini Hospital,hospital,13.0988787,77.5978989,Bengaluru 560084,,,,726507165
Town Hospital,hospital,12.8605649,77.7898694,Bengaluru 562125,,,,742367763
Puneeth Rajkumar Multispeciality Hospital,hospital,12.9414292,77.5226387,Bengaluru,,,,742634558
CRPF Hospital,hospital,13.1247842,77.5764128,Bengaluru,,,,766720021
Kodathi Primary Health Centre,clinic,12.8955841,77.7090585,Bengaluru 560035,,,,771558689
"HOSMAT Hospital, Kalyan Nagar",hospital,13.028489,77.6325562,1 Hennur Main Road Kalyan Nagar Bangalore 560043,,https://hosmathospitals.com,info@chrishospital.com,772203209
Soukya International Holistic Health Center,clinic,12.9943435,77.7963446,Soukya Road Whitefield Bengaluru 560117,+91 80 2801 7000 - 08,https://soukya.com/,info@soukya.com,773155042
Navachethana Hospital,hospital,13.1036126,77.5837987,3rd B Cross Road Bengaluru 560064,,,,773577275
Natus Woman and Children Hospital,hospital,12.9427199,77.525514,Bengaluru,,,,774947265
Jindal Naturecure Institute hospital,hospital,13.0507482,77.4832827,Bengaluru 560073,,,,785273431
ITI General Hospital,hospital,13.0046358,77.6823567,Bengaluru,,,,796370470
JC Nagar Municipal Hospital,hospital,13.0099309,77.5941222,Bengaluru 560006,,,,796374051
Government Veterinary Hospital,veterinary,12.9248093,77.6174924,Bengaluru 560068,,,,803346375
Unnamed Medical Location,pharmacy,12.8963944,77.4623508,Bengaluru,,,,803422683
Complete Physiotheraphy Clinic,physiotherapist,13.0044937,77.6179891,Bengaluru,,,,838945839
Dental Health Clinic,dentist,13.0009436,77.6214621,12 Hutchins Main Road Bangalore 560005,,,,925592816
NIKISA Dementia Village,hospital,13.1114469,77.5550611,Bengaluru,,https://carefordementia.in/,,963357010
Medico Pastoral Association Center for Mental Health,rehabilitation,13.0009837,77.6196745,47 Pottery Road Bangalore 560005,,,,965216885
Government Homeopathic Hospital,hospital,12.9830546,77.536518,Bengaluru,,,,991531036
Dr. P.R. Desai Hospital Pvt Ltd,hospital,12.9863583,77.5792111,Bengaluru 560001,,,,997923996
Manipal Hospital Yeshwantpur,hospital,13.0142942,77.5560784,"26/4 Brigade Gateway, Beside Metro Cash and Carry West, Malleshwaram Bengaluru 560020",080 3989 8969,https://www.columbiaasia.com/,,1013443903
"Shifa Hospital, Bengaluru Urban",hospital,12.9900045,77.5989675,Queen's Road Bengaluru,,http://dpal.kar.nic.in/Kanunu%20padakosha%20PDF%20Files/Recognised%20Hospitals.pdf,,1039668732
Diacon Hospital,hospital,13.0037443,77.5498305,Bengaluru 560010,,,,1039760096
Aster CMI Hospital,hospital,13.0545318,77.5918707,Bengaluru,,,,1040899005
Rainbow Children's Hospital,hospital,13.0655647,77.5937383,Bengaluru,,,,1040899015
Kanva Diagnostics,clinic,12.9736685,77.5091585,Bengaluru,,,,1050578228
Austin Town Maternity Home,clinic,12.9606664,77.6152191,Bengaluru,,,,1050589714
Sumanahalli,social_facility,12.9843725,77.5171635,Bengaluru,,https://sumanahalli.org/,,1064408610
Anand Diagnostic Lab,laboratory,12.9140249,77.6413003,511 Bengaluru,,,,1066915258
Cloudnine,hospital,12.9244197,77.6724971,Bengaluru,,,,1071044455
Spandana,hospital,12.8670052,77.7671289,Bengaluru,,,,1071057533
BN Specialty Hospital,hospital,12.9124863,77.6765573,Bengaluru,,,,1071257248
Aster Women and Children Hospital,hospital,12.9883438,77.7339468,Sadarmangala Road Bengaluru,,,,1072674743
Prakriya Hospital,hospital,13.0463371,77.5065296,Bengaluru,,,,1073073120
Motherhood Whitefield,hospital,12.9589657,77.7467194,Bengaluru,18002585727,https://femiinthealth.com/,,1075362335
Unnamed Medical Location,hospital,12.9849552,77.556924,Bengaluru,,,,1076618915
Unnamed Medical Location,hospital,13.0011093,77.5639472,Bengaluru,,,,1077744680
People Tree Hospitals,hospital,13.0282887,77.5391464,"2 Tumkur Road, Opp. Taj Vivanta, Goraguntepalya bangalore 560022",+9180 4959 9999,https://www.peopletreehospitals.com/,appointments@peopletreehospitals.com,1081463156
Apollo Cradle,hospital,12.9667468,77.7172779,Bengaluru,,,,1082139631
Veterinary Superspeciality Hospital,veterinary,12.9915638,77.5992593,Bengaluru,,,,1083566603
Charaka Super Speciality Hospital,hospital,12.9896386,77.60226,Bengaluru,,,,1083566607
Unnamed Medical Location,hospital,13.0058093,77.5694388,Bengaluru,,,,1084220447
Jyothis Health Centre,clinic,13.0367747,77.5052467,Bengaluru,,,,1087820277
Karunalayam Hospital,hospital,12.9112661,77.7075837,Bengaluru,,,,1088209015
Phoenix Hospital,hospital,12.9166101,77.6450517,Bengaluru,,,,1089884368
ESI Hospital Malleshwaram Branch,hospital,13.0151199,77.5600013,Bengaluru,,,,1095561501
Bhoomi Diagnostics,hospital,12.9116986,77.6495441,Bengaluru,,,,1097519307
Narayana Multispeciality Hospital,hospital,12.9082086,77.6435134,Bengaluru 560102,,https://www.narayanahealth.org/patients/locations/Bengaluru,,1099665412
Government Primary Health Center,clinic,13.0004917,77.6139711,Bengaluru,,,,1107016498
Rainbow Children's Hospital,hospital,12.9033828,77.6007409,178/1 & 178/2 Bannerghatta Road Bengaluru 560076,,https://www.rainbowhospitals.in/our-centre/bengaluru/bannerghatta,,1108934944
Sparsh Hospital,hospital,13.0949654,77.5986449,Bengaluru,,,,1110808778
Oxford Medical College Hospital,hospital,12.7870581,77.7573413,Bengaluru,,,,1119204858
Miracle Hospital,hospital,13.0091404,77.7590705,Bengaluru,,,,1127413532
Suguna Hospital,hospital,12.9882302,77.5600393,Dr Rajkumar Road Bengaluru 560010,,,,1141353122
"Sparsh Hospital, Hennur",hospital,13.040171,77.6406846,Bengaluru,,,,1148876100
Dr Agarwal's Eye Hospital,hospital,12.9569001,77.6047605,Bengaluru 560025,,,,1149213001
"UPHC, Koramangala",clinic,12.9501568,77.6182109,Bengaluru,,,,1153736760
"UPHC, Viveknagar",clinic,12.9515077,77.6252401,Bengaluru,,,,1153736761
UPHC,clinic,12.9883828,77.6041336,Bengaluru,,,,1157218002
BBMP Maternity Home,clinic,12.9901591,77.6097106,Bengaluru,,,,1160807143
Government Primary Health Centre,hospital,13.097274,77.6477522,"Kannuru Main Road, Mitganahalli, Bellahalli Bengaluru 562149",,,,1168448945
Namma Clinic,clinic,12.956232,77.6207994,Bengaluru,,,,1169301033
Unnamed Medical Location,clinic,13.0270951,77.577837,"3 80Feet Road, New Bel Rd, near MSR Hospital Road, Ashwath Nagar, R.M.V. 2nd Stage Bengaluru 560094",,,,1173114179
Sakalavara Community Mental Health Center,clinic,12.8238882,77.6028656,Bengaluru,,,,1178402461
Camillian Pastoral Health Centre,clinic,12.9023933,77.7166361,Bengaluru,,,,1178505990
Snehadaan Hospital,hospital,12.9017283,77.7155216,Bengaluru,,,,1178505994
SS Sparsh Hospital,hospital,12.9264187,77.5216783,Bengaluru,,,,1182315656
KPTCL Hospital Yelahanka,hospital,13.1166792,77.5800714,Bengaluru,,,,1182880586
Brahma Kumaris,monastery,13.0764404,77.6024283,Bengaluru,,https://www.brahmakumaris.com/,,1182968252
Cloud Nine,hospital,12.9156928,77.6752029,Bengaluru,+91 99728 99728,https://www.cloudninecare.com/centre/sarjapur-road,,1193177992
BBMP Hospital,hospital,12.9949885,77.5937862,Bengaluru,,,,1195581196
UPHC,clinic,13.0210609,77.618726,Bengaluru,,,,1202598203
"UPHC, Devarajeevanahalli",clinic,13.0103299,77.6114975,Bengaluru,,,,1202598210
Unnamed Medical Location,hospital,12.9609247,77.5611731,Bengaluru,,,,1205832181
Center for Addiction Medicine,clinic,12.9414429,77.594589,Bengaluru,,,,1207541308
Manipal Hospital North,hospital,13.1076284,77.6033814,Bengaluru,,,,1209132340
SLN Medicals,pharmacy,13.0074429,77.5710391,Bengaluru,,,,1215422857
Metro Dental Care,dentist,13.0074528,77.5709258,Bengaluru,,,,1215422858
Jnana Sanjeevini,hospital,12.9162232,77.5890247,Bengaluru 560078,,,,1217375998
Upadhya Ayurveda Health Care,alternative,12.9519958,77.5946234,Bengaluru,,,,1218995644
Unnamed Medical Location,clinic,12.890896,77.7526529,Bengaluru,,,,1228126967
Anupamaa Hospital,hospital,13.0937967,77.5893672,Bengaluru,,,,1233498703
HCG Hebbal,hospital,13.0658864,77.5939666,Bengaluru,,,,1244123389
Central Ayurveda Research Institute,clinic,12.8578548,77.5204459,Bengaluru,,,,1246298539
Sankalp Blood Centre,blood_donation,12.9918178,77.5919824,Bengaluru,,,,1255318797
Brains Super Speciality Hospital,hospital,12.9478274,77.5924806,Bengaluru,,,,1257327546
PESU HOSPITAL,hospital,12.8628027,77.6663559,Bengaluru,,,,1267842328
Vasavi Hospital,hospital,12.9031532,77.5603082,Bengaluru,,,,1270817507
Kumaraswamy Layout UPHC,clinic,12.9056735,77.5633871,Bengaluru,,,,1271213565
Brains Hospital,hospital,13.1183866,77.6082057,Bengaluru 560064,,,,1272767220
Apollo Pharmacy,pharmacy,13.0386506,77.6639972,Bengaluru,,,,1276068504
ESI Hospital Peenya,hospital,13.0249864,77.530936,Bengaluru,,,,1280619026
Unnamed Medical Location,clinic,12.9652711,77.4748544,Bengaluru,,,,1286755339
Rainbow Childrens Hospital,hospital,12.9202359,77.6674739,3/4 Sarjapura Road Bengaluru 560103,+91 08062261218,https://www.rainbowhospitals.in/,queries@rainbowhospitals.in,1290198690
Safa Medicure Hospital,hospital,12.9447394,77.5964164,Bengaluru,,,,1298074067
Chaitanya Medical Centre Maternity and Surgical Care,hospital,13.0924907,77.5863327,971/24 15th A Cross Bengaluru 560064,,,,1298823129
Lakshmi Eye Clinic,clinic,13.0935299,77.5830212,290 15th A Cross Road Bengaluru,,,,1298824900
Tindlu Primary Health Centre,clinic,13.0749932,77.5673288,Bengaluru 560097,,,,1307652926
Abhishek Nethradhama,clinic,13.0926897,77.5848338,971/37 15th A Cross Road Bengaluru,+917795715203,,,1307863852
Rangadore Memorial Hospital,hospital,12.9538911,77.5711462,DV Gundappa Road Bengaluru 560004,,,,1307949928
Trustwell Hospitals,hospital,12.9606538,77.5840403,Jayachamaraja Wodeyar Road Bengaluru 560002,,https://trustwellhospitals.com/,,1311064558
St. John's Health Centre,hospital,12.8137466,77.5104134,136 Kanakapura Road Kaggalipura Bengaluru 560082,+91 080 26274301,https://www.stjohns.in/Affiliated_Centers/Brigade_Meadows.php,admin.bm@stjohns.in,1314992053
BEML Hospital,hospital,12.971172,77.6651791,Bengaluru,,,,1320013891
SS Laboratory,laboratory,12.9099148,77.7014178,Bengaluru,,,,1347516513
Sri Vishveshathirtha Memorial Hospital,hospital,12.9566836,77.712382,Bengaluru,,,,1347724899
Government Maternity Hospital,hospital,13.0214793,77.55361,Bengaluru,,,,1352267564
BBMP Health Centre,clinic,13.0012997,77.5624711,Bengaluru,,,,1353661388
Government Multi-Speciality Hospital,hospital,12.9510658,77.4810597,Bengaluru,,,,1360644157
Klinik Guhen - Dental Clinic,hospital,12.9090409,77.66389,Plumeria 2nd Floor Haralur Main Road Bengaluru 560102,+916366800859,https://klinikgluhen.com/,urwelcome@klinikgluhen.com,1362578786
Medical Mission Secular Institute,clinic,12.9960151,77.6108308,Bengaluru,,,,1364046498
Cadambam's Psychiatric Hospital,hospital,12.7964954,77.5274237,Bengaluru,,,,1366035450
Yadiyuru Maternity Hospital,hospital,12.9271061,77.576658,Bengaluru 560082,,,,1395462349
Ayurveda Prathisthana Hospital,hospital,12.9267938,77.5772972,Bengaluru,,,,1395462350
Unnamed Medical Location,rehabilitation,12.861904,77.7937044,Bengaluru,,,,1408490243
East Point Hospital and Medical College,hospital,13.0529326,77.7172701,Bengaluru,,,,1414809361
Vimalaya Hospital,hospital,12.8348606,77.6807681,Hosur Road Bengaluru 560100,,,,1419688646
Shanthinilaya Hospital,hospital,13.0207585,77.7016687,Bengaluru 560036,,,,1421739175
Apex Hospital,hospital,13.115139,77.6339212,Bengaluru,,,,1427144679
Healthway Pharma,pharmacy,12.927992,77.5808224,184 5th Main Road Bengaluru 560011,,,,1428296327
Vignan Hospital,hospital,12.9438635,77.5969221,Bengaluru,,https://bidsinstitution.com/,,1432018658
Mahanandi,hospital,12.967036,77.717977,Bengaluru,,,,1432357757
Aarogya Hastha Hospital,hospital,12.9005656,77.6757868,Bengaluru,,,,1433363981
Life Care Hospital,hospital,12.9239736,77.6133232,"2324, Om Comple Maruthi Nagar Main Road Bangalore 560068",080 2684 6677,,,1442330288
Urban PHC Varthuru,clinic,12.9374945,77.7464756,Bengaluru 560087,9743808301,,,1451961256
Unnamed Medical Location,hospital,13.0564574,77.7156811,Bengaluru,,,,1456924436
Unnamed Medical Location,pharmacy,12.8099313,77.6954107,Bengaluru,,,,1475489323
BGS Medical College Hospital,hospital,13.0912518,77.4262226,Bengaluru,,,,1495637250
Unnamed Medical Location,hospital,13.0947708,77.5832502,Bengaluru,,,,1498008160
Aster Whitefield Hospital,hospital,12.9890029,77.7338372,Bengaluru 560048,,,,1511814372
Vanivilas Women and Children Hospital,hospital,12.9614692,77.5736889,Bengaluru 560002,,,,2025893
Minto Eye Hospital,hospital,12.9610731,77.572289,Bengaluru,,,,2025895
M S Ramaiah Hospital,hospital,13.0297293,77.5685912,Bengaluru,,,,2187206
Faculty Of Dental Sciences,hospital,13.0292222,77.5693751,Bengaluru,,,,2215604
Rajarajeshwari Medical College and Hospital,hospital,12.8951439,77.461988,Bengaluru,,,,3397490
Vydehi Institute Of Medical Sciences And Research Centre,hospital,12.9754934,77.7293535,Bengaluru 560066,,,,4497967
Sapthagiri Hospital,hospital,13.0705768,77.5023526,Bengaluru 560090,,,,5397008
National Institute of Mental Health and NeuroSciences,university,12.937639,77.5971954,Bengaluru,,https://nimhans.ac.in,,9365463
St.John's Medical College Hospital,hospital,12.929648,77.6185932,Sarjapur Road Bangalore 560034,,http://www.stjohns.in/hospital/#sthash.1e07FWcp.dpuf,sjmcbng@rguhs.nic.in,17069662
