Name,Category,Latitude,Longitude,Address,Phone,Website,Email,OSM_ID
Snack Corner,restaurant,12.8984603,77.6010688,Bannerghatta Road,N/A,N/A,N/A,247973288
Chai-Unchai,cafe,12.8944356,77.6024475,N/A,N/A,N/A,N/A,247974238
Unnamed Spot,restaurant,12.8973119,77.6015666,N/A,N/A,N/A,N/A,247976436
Gangothri Residency,hotel,12.9212938,77.6635656,Outer Ring Road,N/A,N/A,N/A,266324684
Ringview Residency,hotel,12.9214046,77.6639051,Outer Ring Road,N/A,N/A,N/A,266324687
Sukh Sagar,restaurant,12.9333646,77.6230728,Mahayogi Vemana Road,N/A,N/A,N/A,306585721
Crazy Boys,restaurant,12.9606568,77.6385011,N/A,N/A,N/A,N/A,312503506
Nandhini,restaurant,12.9619513,77.6419064,100 Feet Road,N/A,N/A,N/A,312508904
Nandhana,restaurant,12.9558995,77.6411692,N/A,N/A,N/A,N/A,312595492
Sukh Sagar,restaurant,12.9741824,77.5753745,N/A,N/A,N/A,N/A,314705276
Simply Native,restaurant,12.9651393,77.6383211,Paramahansa Yogananda Road,N/A,N/A,N/A,316999234
Adyar Ananda Bhavan,restaurant,12.9543746,77.5930172,N/A,N/A,N/A,N/A,317119985
Koshy's,restaurant,12.9756318,77.6014761,"Saint Mark's Road, Shanthala Nagar, Bangalore, 560001",N/A,N/A,N/A,349291886
Bob's Bar,pub,12.9344837,77.6130843,N/A,N/A,N/A,N/A,363167057
MMA Kababs,restaurant,12.9566296,77.7152069,"ITPL Main Road, Bangalore",N/A,N/A,N/A,413363132
Unnamed Spot,restaurant,12.9563782,77.7108662,"Varthur Road, 560037",+91-80-28540039,N/A,N/A,413368456
Pizza Hut,restaurant,12.9782249,77.640632,Chinmaya Mission Hospital Road,N/A,N/A,N/A,423744888
Cafe Coffee Day,cafe,12.9754961,77.6412437,100 Feet Road(S K Karim Khan Road),N/A,N/A,N/A,423744924
Konārk,restaurant,12.9688102,77.6021434,Beṅgaḷūru,+918041248812,N/A,N/A,423747691
Kamat Nandanvan,restaurant,13.0492109,77.547547,N/A,N/A,N/A,N/A,426926468
Old Madras Baking Company,cafe,12.9697383,77.6003775,"Sophia's Choice, Saint Mark's Road, Bangalore, 560001",N/A,N/A,N/A,428457212
Hard Rock Cafe,restaurant,12.9762256,77.6014809,Saint Mark's Road,N/A,N/A,N/A,428845624
Sri Raghavendra,restaurant,12.9778503,77.5722059,N/A,N/A,N/A,N/A,428851697
Hotel Hindustan,hotel,12.9762752,77.5767096,N/A,N/A,N/A,N/A,429697565
Anand Sagar Punjabi Dhaba,restaurant,12.9760075,77.5763577,N/A,N/A,N/A,N/A,429697569
Hotel Anand Regency,hotel,12.9769025,77.5763491,"2nd Cross, 6th Main Road, Gandhi Nagar, Bangalore, 560009",+91-80-41139572,N/A,N/A,429698095
Mavalli Tiffin Rooms,restaurant,12.9550389,77.5854279,"Lalbagh Road, 560027",+918022220022,https://www.mavallitiffinrooms.com/,N/A,429833271
Hyderbad Biryani House,restaurant,12.9665538,77.6141032,"#8, Victoria Road",N/A,N/A,N/A,429876582
Ginger Greens,restaurant,13.0259923,77.6405519,"Sri Shankar Reddy Building, Outer Ring Road, Kalyan Nagar, Bangalore, 560043",+91-80-25434744,N/A,N/A,443646019
Navarang Bar,bar,12.9907411,77.5577577,N/A,N/A,N/A,N/A,446995814
Cafe Coffee Day,cafe,13.0232081,77.6362938,N/A,N/A,N/A,N/A,454089105
Pizza Hut,restaurant,13.0261391,77.6362268,N/A,N/A,N/A,N/A,454091339
Thambis's Inetcafé,cafe,13.0194682,77.6332105,N/A,N/A,N/A,N/A,454148315
Cafe Moksh,cafe,13.028839,77.6349071,N/A,N/A,N/A,N/A,454163741
Hallimane,restaurant,12.9955258,77.5717703,N/A,N/A,N/A,N/A,456029893
Sri Krishna Lodge,hotel,12.9932258,77.5717309,Sampige Road,N/A,N/A,N/A,456029958
Adiga's,restaurant,13.0055704,77.5713507,Sampige Road,N/A,N/A,N/A,461539222
Infinitea,cafe,12.9870759,77.5947417,"Shah Sultan Complex, Cunningham Road, Bengaluru",N/A,N/A,N/A,469614286
Yo China,restaurant,12.9504549,77.6999246,"Sri Sapthagiri Complex, Outer Ring Road (Opp. Innovative Multiplex), Marathahalli, Bangalore, 560034",+91-80-40980666,http://www.yo-china.com/,N/A,515736893
Unnamed Spot,restaurant,12.9506894,77.5786753,N/A,N/A,N/A,N/A,517874453
Unnamed Spot,restaurant,12.9505258,77.5785913,N/A,N/A,N/A,N/A,517874458
Unnamed Spot,restaurant,12.9507057,77.5784906,N/A,N/A,N/A,N/A,517874459
Unnamed Spot,restaurant,12.9522306,77.5897955,N/A,N/A,N/A,N/A,517874464
Guru Sagar Hotel,restaurant,12.9951833,77.5396211,"WOC Road, Basaveshwara Nagar, Bangalore",N/A,N/A,N/A,519549869
Polar Bear,cafe,13.0281613,77.5732067,N/A,N/A,N/A,N/A,529018365
Hav Mor,restaurant,13.02807,77.5729018,N/A,N/A,N/A,N/A,529018378
Formula III Bar,bar,12.9971601,77.5974721,"Jayamahal Hotel, Jayamahal Road, Bangalore",N/A,N/A,N/A,534659750
Hyderabad House,restaurant,12.932679,77.6135844,Hosur Road,N/A,N/A,N/A,537535762
Nandhini Andhra Hotel,restaurant,12.9932643,77.5957899,Thimmaiah Road,N/A,N/A,N/A,561049118
Cafe Coffee Day,cafe,13.0045673,77.5710992,Sampige Road,N/A,N/A,N/A,571124363
Pai Vihar,restaurant,12.9930635,77.5959522,Thimmaiah Road,N/A,N/A,N/A,573421849
Vishnu Sagar,restaurant,12.9901236,77.5722985,N/A,N/A,N/A,N/A,577020540
Sangeeth Bar and Restaurant,bar,12.9898878,77.5726957,N/A,N/A,N/A,N/A,577020638
MintLeaf,restaurant,12.9603346,77.6382904,N/A,N/A,N/A,N/A,577386395
Emirates,restaurant,13.0192135,77.5572955,Suberdar Chatram Road,N/A,N/A,N/A,577966441
Golconda Chimney,restaurant,12.9558807,77.7127803,N/A,+91 80 30623434,N/A,N/A,585148096
Bharath,restaurant,13.0521546,77.5515881,N/A,N/A,N/A,N/A,590010907
Wah Paratha,restaurant,12.9262764,77.6698353,N/A,N/A,N/A,N/A,590753382
Ganesh Darshan,restaurant,12.9309204,77.5840319,N/A,N/A,N/A,N/A,595408703
Upahara Darshini,restaurant,12.9330581,77.584422,N/A,N/A,N/A,N/A,595409635
Nagarjuna Chimney,restaurant,12.9330431,77.5843044,N/A,N/A,N/A,N/A,595409636
La Casa,restaurant,12.9261789,77.5848245,N/A,N/A,N/A,N/A,595409790
The Only Place,restaurant,12.9732444,77.6033899,Museum Road,+91-80-32718989,N/A,N/A,595411386
Temple of The Senses,cafe,12.9751034,77.6028435,"The Museum, Museum Road, Shanthala Nagar",N/A,N/A,N/A,595411387
Sathya's,pub,12.925064,77.6328706,N/A,N/A,N/A,N/A,595411389
Durga Restaurant,restaurant,13.0489683,77.5440769,N/A,N/A,N/A,N/A,595688342
Indian Coffee House,restaurant,12.9745397,77.6052505,"Brigade Gardens, Church Street",N/A,N/A,N/A,596453631
Udupi Sri Krishnarajathadri,restaurant,13.0041002,77.5713906,"Sampige Road, Malleshwaram",N/A,N/A,N/A,598500940
Nandini Palace,restaurant,13.0330093,77.5691944,N/A,N/A,N/A,N/A,598948016
Beijing Bites,restaurant,13.0330896,77.569359,N/A,N/A,N/A,N/A,598948019
Onesta,restaurant,13.0292372,77.5708378,New BEL Road,N/A,N/A,N/A,598969461
Chung's,restaurant,13.00654,77.5692833,N/A,N/A,N/A,N/A,598988679
Sher-e-Punjab Dhaba,restaurant,13.0218399,77.5349348,N/A,N/A,N/A,N/A,608958463
Adarsh Dhaba,restaurant,13.0220281,77.5340657,N/A,N/A,N/A,N/A,610336681
Shanthi Sagar,cafe,13.0369119,77.5659032,"New BEL Road, Bangalore, 560054",N/A,N/A,N/A,621235471
RMV Club,bar,13.038095,77.569086,N/A,N/A,N/A,N/A,621241029
RMV Club,restaurant,13.0380165,77.5693434,N/A,N/A,N/A,N/A,621241147
Hunan Chinese Restaurant,restaurant,13.0342347,77.5693249,"1st Main Road, New BEL Road, Chikkamaranahalli, Bangalore",+91-80-23413337,N/A,N/A,622720273
Kabini Canteen,restaurant,13.0162478,77.5648911,N/A,N/A,N/A,N/A,625145275
Chicken County,restaurant,13.0372579,77.566121,N/A,N/A,N/A,N/A,627936451
Thirteenth Floor,bar,12.9752596,77.6048953,Mahatma Gandhi Road,N/A,N/A,N/A,638167114
Shiro,restaurant,12.971852,77.5964092,"Comet, Vittal Mallaya Road, Bangalore, 560001",N/A,N/A,N/A,638168606
Sandhya Sagar,restaurant,12.9600242,77.6015444,N/A,N/A,N/A,N/A,644420166
Utsav,restaurant,12.9601639,77.5945806,Shanti Road,N/A,N/A,N/A,646739373
Rasa,restaurant,12.994359,77.5711764,Sampige Road,N/A,N/A,N/A,650621057
Freska,restaurant,13.0275961,77.5766293,N/A,N/A,N/A,N/A,660061429
Unnamed Spot,restaurant,13.0068412,77.5789439,N/A,N/A,N/A,N/A,660345442
Pizza Hut,restaurant,13.0279832,77.5715545,New BEL Road,N/A,N/A,N/A,660345491
The Founders Brewery,pub,13.027204,77.57712,N/A,N/A,N/A,N/A,660345492
Miller's 46,restaurant,12.991491,77.5941489,Millers Road,N/A,N/A,N/A,660666066
Mint Masala,restaurant,13.0069868,77.5788699,Jeevaraj Alva Road,N/A,N/A,N/A,661059074
Juice Junction,cafe,12.9720317,77.6009309,Saint Mark's Road,N/A,N/A,N/A,661983020
Bowring Stall,cafe,12.9751155,77.6014152,Saint Mark's Road,N/A,N/A,N/A,661983038
Shezan Restaurant,restaurant,12.9871688,77.5946714,"Shah Sultan Complex, Cunningham Road, Bengaluru",N/A,N/A,N/A,661983050
Ramana's,restaurant,12.9887039,77.5939333,Cunningham Road,N/A,N/A,N/A,661983062
Nisarga,restaurant,12.9704007,77.5874248,"Nrupathunga Road, Bengaluru, 560001",N/A,N/A,N/A,663317758
Cafe Coffee Day,cafe,12.9717817,77.5942306,"Lavelle Road, Bangalore",N/A,N/A,N/A,663568572
The Capitol,hotel,12.9822391,77.594459,"Raj Bhavan Road, Bangalore, 560001",N/A,N/A,N/A,663683086
Canteen,restaurant,12.9803653,77.5950694,N/A,N/A,N/A,N/A,663941464
Cafe Coffee Day,cafe,13.0076197,77.5793977,N/A,N/A,N/A,N/A,664332018
Parkview Hotel,restaurant,12.9758502,77.5891031,N/A,N/A,N/A,N/A,665045222
Chatpat,restaurant,12.9671651,77.580199,N/A,N/A,N/A,N/A,665871268
Cane Crush,cafe,12.9697027,77.5796625,N/A,N/A,N/A,N/A,665871269
Sri Vinayaka Juice & Chats Center,cafe,12.9742892,77.5778952,Kempe Gowda Road,N/A,N/A,N/A,665871272
Hotel Madhuvan,restaurant,12.9703805,77.5800395,N/A,N/A,N/A,N/A,665871273
Hotel Empire,restaurant,12.9798386,77.6027906,N/A,N/A,N/A,N/A,665871279
Sanman Veg,restaurant,12.9847344,77.5971261,Cunningham Road,N/A,N/A,N/A,665871282
Sweet Chariot,cafe,12.9857313,77.595832,Cunningham Road,N/A,N/A,N/A,665871289
Cafe Coffee Day,cafe,12.9356995,77.6145787,80 Feet Road,N/A,N/A,N/A,668990999
Sana Di Ge,restaurant,12.9853914,77.5795059,N/A,N/A,N/A,N/A,673377213
Pure & Natural,cafe,13.0075715,77.5793658,13th Cross Sadashivanagar,N/A,N/A,N/A,673377221
New Shanthi Sagar,restaurant,13.0068783,77.5790907,N/A,N/A,N/A,N/A,673860152
Nikki's Pub & Restaurant,restaurant,13.0144093,77.5736842,N/A,N/A,N/A,N/A,673860156
Coffee Day,cafe,12.9736525,77.5801953,Kempe Gowda Road,N/A,N/A,N/A,677286826
Amruth Vegetarian Restaurant,restaurant,12.9711937,77.6007788,"Saint Mark's Road, Bangalore",N/A,N/A,N/A,677286843
Hotel Vinitha,restaurant,12.982738,77.6030551,N/A,N/A,N/A,N/A,677288910
Hare Krishna Pure Veg Restaurant,restaurant,12.9772698,77.570304,Gubbi Thotadappa Road,N/A,N/A,N/A,680020366
Balaji Restaurant,restaurant,12.9772479,77.5704213,N/A,N/A,N/A,N/A,680020369
Fresh Cane,cafe,12.9734503,77.5751186,Balepet Road,N/A,N/A,N/A,683352694
Pizza Hut,restaurant,12.9310045,77.5830947,N/A,N/A,N/A,N/A,691164727
Unnamed Spot,bar,13.0368708,77.5233568,N/A,N/A,N/A,N/A,701733264
Domlur Club,bar,12.9643756,77.6371873,4th Main Road,N/A,N/A,N/A,710095029
Barbeque Nation,restaurant,12.9626436,77.6413855,100 Feet Road( S K Karim Khan Road),N/A,N/A,N/A,736014185
A Masala House,restaurant,12.9893411,77.5929583,N/A,N/A,N/A,N/A,762086048
Pizza Hut,restaurant,12.9590966,77.6544331,N/A,N/A,N/A,N/A,844423869
Kabab Manor,restaurant,13.0273116,77.5935719,N/A,N/A,N/A,N/A,850751675
Ebony,restaurant,12.9753625,77.6051643,Mahatma Gandhi Road,+91 8025136611; +91 8041783344,N/A,N/A,861183324
Little Imperial,restaurant,13.0228247,77.6477855,N/A,N/A,N/A,N/A,905784975
Cafe Coffee Day,cafe,12.924585,77.6743627,Outer Ring Road,N/A,N/A,N/A,929965952
Hyderabad Biryani House,restaurant,12.959041,77.6564566,HAL Airport Road,N/A,N/A,N/A,940515833
Cafe Coffee Day,cafe,12.967858,77.6542204,N/A,N/A,N/A,N/A,940536431
Empire,restaurant,12.9699613,77.6473796,80 Feet Road(Sir C.V. Raman Hospital Road),N/A,N/A,N/A,945711483
Sri Ganesh Food Point,restaurant,12.9149626,77.6149914,"29th Main, BTM Layout, Bangalore",N/A,N/A,N/A,949313549
Beijing Bites,restaurant,12.913127,77.6101684,N/A,N/A,N/A,N/A,951203512
Punjabi Swag,restaurant,12.9136689,77.6099505,N/A,N/A,N/A,N/A,951203524
Udupi Upahar,restaurant,12.9387161,77.5534116,80 Feet Road,N/A,N/A,N/A,951470704
Anna Kuteera,restaurant,12.9261046,77.5502503,N/A,N/A,N/A,N/A,953663359
Shanthi Sagar,restaurant,12.9237141,77.5534616,Outer Ring Road,N/A,N/A,N/A,953675751
Ganesh Bhavan,restaurant,12.9437007,77.5649097,N/A,N/A,N/A,N/A,954620605
Schezwan,restaurant,13.1028474,77.5770272,N/A,N/A,N/A,N/A,959249211
The Coffee Brewery,cafe,12.9622669,77.7014635,"Outer Ring Road, Doddanekundi, Marathahalli",N/A,N/A,N/A,983942385
Eden Dhaba,restaurant,12.931753,77.68645,"Devara Bisnhalli, Bellandur, 560037",+91-80-65957659;+91-9342571046,N/A,N/A,983942391
Unnamed Spot,restaurant,12.9497553,77.6998051,"Outer Ring Road, Marathahalli, Bangalore, 560037",N/A,N/A,N/A,984208326
Cafe Coffee Day,cafe,12.9858451,77.6686567,Kaggadasspura Main Road,N/A,N/A,N/A,985256304
Ruchi Restaurant,restaurant,12.973597,77.678189,Kaggadasspura Main Road,N/A,N/A,N/A,986744079
Chillys,restaurant,12.9916553,77.7207261,"1st Floor, ITPL Main Road, 560048",+91 80 41487799;+91 80 41725222,N/A,N/A,988724833
Bhagini Restaurant,restaurant,12.989294,77.7125997,"Hoodi Main Road, Whitefield, Bangalore",+91-80-28540327,N/A,N/A,996176391
Pizza Hut,restaurant,12.9972009,77.540616,"Basaveshwara Nagar, Bangalore",N/A,N/A,N/A,997417046
The Infantry Hotel,hotel,12.980445,77.604525,"Infantry Road, Bangalore, 560001",+918025591800,http://www.hotelinfantrycourt.com,enquiry@theinfantryhotel.com,1005525039
Hotel Maurya,hotel,12.980921,77.576491,"Race Course Road, Gandhi Nagar, Bangalore, 560009",+91-80-22254111,https://www.hotelmaurya.com/,reservations@hotelmaurya.com,1006462322
Hotel Swathi,hotel,12.989096,77.572253,"Railway Platform Road, Seshadripuram, Bangalore, 560020",+91-80-23561123,N/A,N/A,1006492448
ArmaDQ,restaurant,12.9773708,77.6954828,"Sri Kote Ashirwad Towers, Outer Ring Road, Doddanekundi, Marathahalli, 560037",N/A,N/A,N/A,1024506179
BLR37 Bar & Kitchen,restaurant,12.9805079,77.6937246,"Outer Ring Road, Doddanekundi, Marathahalli, 560037",N/A,N/A,N/A,1024506184
Bhagini Bar,bar,12.989268,77.7125459,N/A,N/A,N/A,N/A,1024630290
Nalapad's Hotel Bangalore International,hotel,12.9850452,77.579248,"Crescent Road, High Ground, Bangalore, 560001",N/A,http://www.nalapad.com,reservation@nalapadhotels.net,1026441566
Ankur Family Restaurant,restaurant,12.9890678,77.7116566,Hoodi Main Road,N/A,N/A,N/A,1032697374
Sudha Lodge,hotel,12.9727609,77.5701982,"Cottonpet Main Road, Chickpet, Bangalore, 560053",+91-80-26705420,N/A,N/A,1044323510
Radha Krishna Delux Lodge,hotel,12.9717886,77.5705791,Cottonpete Main Road,N/A,N/A,N/A,1044325327
Spice Garden,restaurant,12.9570571,77.7091042,"HAL Airport Road (near Marathahalli Bridge), Marathhalli, 560037",+91-80-28476688;+91-80-65636522;+91-80-41705020,N/A,N/A,1047248383
Infusion Restaurant,restaurant,12.9656267,77.7018348,"MR Kote Plaza, Outer Ring Road, Doddanekundi, Bangalore",N/A,N/A,N/A,1058729953
Ullas Refreshment,restaurant,12.9745381,77.6096029,N/A,N/A,N/A,N/A,1065137180
Elements,restaurant,13.0015628,77.5993592,Nandi Durg Road,N/A,N/A,N/A,1067206582
Hungry Panda,restaurant,12.934729,77.6125976,80 Feet Road,N/A,N/A,N/A,1070361755
Reddys,restaurant,12.9855001,77.6732164,Kaggadasspura Main Road,N/A,N/A,N/A,1078161780
Kund,restaurant,12.980115,77.6405511,100 Feet Road,N/A,N/A,N/A,1078369543
Barista,cafe,13.0302354,77.5705086,New BEL Road,N/A,N/A,N/A,1078399227
Hotel Mahaveer,hotel,12.974344,77.5712299,"Tank Bund Road, Bangalore",N/A,N/A,N/A,1080055848
Cafe Coffee Day,cafe,12.9794141,77.7513286,"Whitefield Main Road, Bangalore, 560066",+91-80-41641300,N/A,N/A,1080536956
Chung WAH,restaurant,12.9792064,77.7513027,"Whitefield Main Road, Bangalore, 560066",+91-80-41641300,N/A,N/A,1081506759
Highgates Hotel,restaurant,12.9753754,77.6028942,Church Street,N/A,http://highgateshotel.com,N/A,1085786985
Hotel Ganga Sagar,hotel,12.944337,77.620028,"Bangalore, 560095",+91-80-25704880,N/A,N/A,1087884426
Hotel Zaica,restaurant,12.9673994,77.7146901,"Brookfield Main Road, Bangalore, 560066",+91-80-41162485,N/A,N/A,1091213725
Gangothri Restaurant,restaurant,12.9377655,77.6267552,80 Feet Road,N/A,N/A,N/A,1091310741
Pizza Hut,restaurant,12.9398542,77.6251855,80 Feet Road,N/A,N/A,N/A,1091310756
Matthan,restaurant,12.9594188,77.6486258,N/A,N/A,N/A,N/A,1091414246
MGM Mark,hotel,12.971672,77.7175701,"EPIP Zone, Whitefield, Bangalore, 560066",+91-80-41985555,https://www.mgm-hotels.com/mgm-mark-whitefield-bangalore/,info@themarkboulevard.com,1093355127
Beijing Bites,restaurant,12.9800208,77.7271185,"8th Road, Bangalore, 560066",+91-80-40930388;+91-80-40930488,https://www.beijingbites.com/,N/A,1093355140
The Mark Boulevard,restaurant,12.9716416,77.7176798,"EPIP Zone, Whitefield, Bangalore, 560066",+91-80-41985555,http://www.themarkboulevard.com/,info@themarkboulevard.com,1093355151
Hotel Janardhana,restaurant,12.9856254,77.5788885,Kumara Krupa Road,N/A,N/A,N/A,1101607728
Nature Fresh,cafe,12.9673021,77.5421438,N/A,N/A,N/A,N/A,1107995737
CYCD,hotel,12.967339,77.5427777,N/A,N/A,N/A,N/A,1108016257
Kabab Studio,restaurant,12.9853569,77.5792692,Crescent Road,+91-80-41291300,https://www.goldfinchhotels.com/,N/A,1116484556
Foody's,restaurant,12.9578638,77.5932147,N/A,N/A,N/A,N/A,1121420612
Olive Beach,restaurant,12.966942,77.60796,N/A,N/A,N/A,N/A,1129098580
5 Centrigrade,cafe,12.9598295,77.7475972,Forum Value Mall,N/A,N/A,N/A,1147232581
MTR,restaurant,12.9598156,77.7481385,Forum Value Mall,N/A,N/A,N/A,1147232608
Cream n Desserts,cafe,12.9599141,77.748448,Forum Value Mall,N/A,N/A,N/A,1147232624
Ala Dakshinapuramlo,restaurant,12.9598316,77.7473381,Forum Value Mall,N/A,N/A,N/A,1147232651
Pind Balluchi,restaurant,12.9598229,77.7479363,Forum Value Mall,N/A,N/A,N/A,1147232674
Kalmane Koffee,cafe,12.9597243,77.7484523,Forum Value Mall,N/A,N/A,N/A,1147294849
Toscano's,restaurant,12.9598943,77.7481291,Forum Value Mall,N/A,N/A,N/A,1147294865
Cafe Coffee Day,cafe,12.9261691,77.6803833,"The Bay Food Court, Outer ring road, Bellandur",N/A,N/A,N/A,1156832807
Cafe Coffee Day,cafe,12.9783158,77.7123264,N/A,N/A,N/A,N/A,1160603218
Qmin,cafe,12.9771241,77.7184791,N/A,N/A,N/A,N/A,1163058385
Sri Vishnu Palace,restaurant,12.979486,77.6951134,ORR Doddanakundi,N/A,N/A,N/A,1166727536
Plate 99 Restaurant,restaurant,12.979298,77.6951854,N/A,+91 85508 35554,N/A,N/A,1166727541
Sarovar Portico,bar,12.9788613,77.6946259,ORR  opposite bhagini,N/A,N/A,N/A,1166727551
Pizza Hut,restaurant,12.9570622,77.7087772,N/A,N/A,N/A,N/A,1168221740
Barista,cafe,12.9349444,77.6293498,N/A,N/A,N/A,N/A,1274328868
Rendezvous,bar,12.9355492,77.6287026,N/A,N/A,N/A,N/A,1274328878
Maple's,hotel,12.9353574,77.6293981,N/A,N/A,N/A,N/A,1274328898
Hotel Verdisso Suites,hotel,12.9505253,77.6992384,"Outer Ring Road, Marathahalli, Bangalore",N/A,N/A,N/A,1275552805
Shree Sagar CTR,restaurant,12.9982568,77.5694946,N/A,N/A,N/A,N/A,1289833985
Food Camp,restaurant,13.0009296,77.5723686,N/A,N/A,N/A,N/A,1290203334
Sri Sai Dosa Center,restaurant,13.0010829,77.5721394,N/A,N/A,N/A,N/A,1290203344
Unnamed Spot,restaurant,12.913356,77.651692,N/A,N/A,N/A,N/A,1299901719
Hotel Ramada,hotel,12.984215,77.6005578,N/A,N/A,N/A,N/A,1306429239
Eden Park,restaurant,12.9831559,77.5987115,Cunningham Road,N/A,N/A,N/A,1306431953
Cafe Coffee Day,cafe,12.9344118,77.6109865,"Forum Mall, Hosur Road, Bangalore",N/A,N/A,N/A,1307443105
India Coffee House,cafe,12.9823242,77.594716,Dr B R Ambedkar Veedhi,N/A,N/A,N/A,1307598721
Fortune Park JP Celestial Hotel,hotel,12.980883,77.575992,"Race Course Road, Bangalore, 560009",+91-80-40441234; +91-80-39884433,https://www.fortunehotels.in/,jpcelestial@fortunehotels.in,1314943420
Pizza Hut,restaurant,12.9040043,77.5734008,N/A,N/A,N/A,N/A,1318917183
Shiva Bar,bar,12.8853559,77.5554648,N/A,N/A,N/A,N/A,1318917184
Coffeeday Xpress,cafe,12.9741202,77.653743,N/A,N/A,N/A,N/A,1328593762
Aramane Donne Biryani,restaurant,12.9793175,77.6421491,N/A,N/A,N/A,N/A,1328610588
Mainland China,restaurant,12.9621543,77.6418716,N/A,N/A,N/A,N/A,1328613155
Coast to Coast Sea food restaurant,restaurant,12.9370423,77.6245906,N/A,N/A,N/A,N/A,1328615137
Tamrind Restaurant,restaurant,12.9342471,77.6234716,N/A,N/A,N/A,N/A,1328615138
Kubey Seafood Restaurant,restaurant,12.9370998,77.6245424,N/A,N/A,N/A,N/A,1328615139
Polar Bear,cafe,12.9089347,77.5626077,N/A,N/A,N/A,N/A,1331929309
Udupi Swada,restaurant,12.9075699,77.5640131,N/A,N/A,N/A,N/A,1331929352
NJAC,cafe,12.9089138,77.5625218,N/A,N/A,N/A,N/A,1331929354
Prasiddhi,restaurant,12.9109843,77.5791221,N/A,N/A,N/A,N/A,1331946754
Nandhini Deluxe,restaurant,12.9056456,77.5855728,N/A,N/A,N/A,N/A,1331946776
Incara,restaurant,12.9027732,77.5837541,N/A,N/A,N/A,N/A,1331989779
Beijing Bites,restaurant,12.9690594,77.6479877,80 Feet Road(Sir C.V. Raman Hospital Road),N/A,N/A,N/A,1339408167
U D Residency,restaurant,12.9363255,77.5767626,South End Main Road,N/A,N/A,N/A,1360190627
Third Wave Coffee Roasters,cafe,12.963223,77.7171829,N/A,N/A,N/A,N/A,1363280651
NGMA Cafe,cafe,12.9897809,77.5880062,N/A,N/A,N/A,N/A,1363295015
Bhagini,restaurant,12.9568655,77.7153884,N/A,N/A,N/A,N/A,1365660975
Biryani Zone,restaurant,12.9561352,77.7165979,N/A,N/A,N/A,N/A,1370194017
Wok The Way,cafe,12.9559117,77.7167634,N/A,N/A,N/A,N/A,1370194102
Jade,restaurant,12.9645823,77.7161206,N/A,N/A,N/A,N/A,1370328503
Northeren Wave,restaurant,12.9644938,77.716214,N/A,N/A,N/A,N/A,1370328507
Kayal,restaurant,12.9645788,77.7162279,N/A,N/A,N/A,N/A,1370328510
Kaapi Kadai,cafe,12.9647599,77.7172515,N/A,N/A,N/A,N/A,1371859199
Sweet Chariot,cafe,12.9359939,77.6151031,N/A,N/A,N/A,N/A,1375978217
Terminus,hotel,12.9342871,77.6161496,N/A,N/A,N/A,N/A,1375978230
Latte Tude,cafe,12.9334642,77.6151016,N/A,N/A,N/A,N/A,1375978240
Lucky da dhaba,restaurant,12.9365445,77.6142714,N/A,N/A,N/A,N/A,1375978244
Lazeej,restaurant,12.9338202,77.6193658,N/A,N/A,N/A,N/A,1375978245
Meghna Biryani,restaurant,12.9345967,77.6162526,N/A,N/A,N/A,N/A,1375978253
Zheng,restaurant,12.9336119,77.6152238,N/A,N/A,N/A,N/A,1375978258
Golmal Paratha,restaurant,12.9338304,77.6194655,N/A,N/A,N/A,N/A,1375978262
Costa,cafe,12.9345246,77.6162996,N/A,N/A,N/A,N/A,1375978263
Aalishan,restaurant,12.9365369,77.614409,N/A,N/A,N/A,N/A,1375978264
The Juke Box,pub,12.936364,77.6147769,N/A,N/A,N/A,N/A,1375978265
Ping,restaurant,12.9336331,77.622557,N/A,N/A,N/A,N/A,1375978266
Sixtyfour,pub,12.9366058,77.614973,N/A,N/A,N/A,N/A,1375978270
Daawat,restaurant,12.9359336,77.6146718,N/A,N/A,N/A,N/A,1375978272
Atithya,restaurant,12.9362549,77.6145138,N/A,N/A,N/A,N/A,1375978274
Tunday Kabab,restaurant,12.9338227,77.6193019,N/A,N/A,N/A,N/A,1375978277
Udupi Upahaara,restaurant,12.9358653,77.6149483,N/A,N/A,N/A,N/A,1375978278
Friends,cafe,12.9354363,77.6147873,N/A,N/A,N/A,N/A,1375978279
Purple Haze,pub,12.9332689,77.6147839,N/A,N/A,N/A,N/A,1375978280
Cuppa,cafe,12.9333951,77.6155122,N/A,N/A,N/A,N/A,1375978281
Coorg,restaurant,12.9363343,77.6151183,N/A,N/A,N/A,N/A,1375978282
KC Das,restaurant,12.9337973,77.6189966,N/A,N/A,N/A,N/A,1375978283
Adyar Ananda Bhavan,restaurant,12.9358031,77.6147343,"80 Feet Road, Koramangala, Bangalore, Bangalore, 560065",+91 77950 73031,https://aabsweets.com,N/A,1375978284
Zingron,restaurant,12.9363805,77.6151025,N/A,N/A,N/A,N/A,1375978286
Beijing Bites,restaurant,12.9334311,77.6217925,N/A,N/A,N/A,N/A,1375978287
Blue Petal Business Hotel,hotel,12.9335142,77.6151725,N/A,N/A,N/A,N/A,1375978288
Lazeez Express,restaurant,12.9341001,77.6164042,N/A,N/A,N/A,N/A,1375978289
Ammi's Biryani,restaurant,12.936529,77.6146211,N/A,N/A,N/A,N/A,1375978290
Tandoor Hut,restaurant,12.9338857,77.6194174,N/A,N/A,N/A,N/A,1375978291
StrEat Cafe,cafe,12.967438,77.6365796,"1st Main Road,",N/A,N/A,N/A,1385984054
Cafe Coffee Day,cafe,12.9686771,77.7010336,N/A,N/A,N/A,N/A,1386045373
Sethji's,restaurant,12.9643071,77.6437722,N/A,N/A,N/A,N/A,1420058894
Roadtrip,bar,12.9640379,77.6406718,N/A,N/A,N/A,N/A,1420058964
The Ants Cafe,cafe,12.9671898,77.6422595,", 14th A Main Road, 1st Cross, Bangalore",N/A,http://theantsstore.com/primary-pages/ants-cafe,N/A,1420066592
Chai Patti Teafe,cafe,12.9695606,77.6411087,N/A,N/A,N/A,N/A,1420105702
Baan Phad Thai,restaurant,12.9698351,77.6377143,N/A,8971202645,N/A,N/A,1420105853
Khan Saheb,restaurant,12.9791395,77.7512477,"Whitefield Main Road, Bangalore, 560066",+91-80-41641300,N/A,N/A,1434224680
The Fat Chef,restaurant,12.9575682,77.7409586,Varthur Road,N/A,https://www.thefatchef.co.in/,N/A,1435072304
Cafe Coffee Day,cafe,12.9639,77.7485355,Whitefield Main Road,N/A,N/A,N/A,1437206304
Bhagini Park,restaurant,12.963214,77.7483421,N/A,N/A,N/A,N/A,1437206305
Saffron Patch,restaurant,12.9564558,77.7427026,Varthur Road,N/A,N/A,N/A,1437209536
Mayuri Bar And Restaurant,restaurant,12.9700266,77.7497775,N/A,N/A,N/A,N/A,1439027921
Shri Lakshmi Vaibhava,restaurant,12.9692871,77.7496864,Whitefield Main Road,N/A,N/A,N/A,1439027927
Cafe Coffee Day,cafe,12.9433387,77.5850711,N/A,N/A,N/A,N/A,1440343675
Delicacy Chinese Restaurant,restaurant,12.9999497,77.6229731,N/A,N/A,N/A,N/A,1442053943
Sai Shakti,restaurant,12.999295,77.5680608,N/A,N/A,N/A,N/A,1448082496
Swathi Deluxe,restaurant,12.9766211,77.5725503,N/A,N/A,N/A,N/A,1457669462
China Pearl,restaurant,12.9361984,77.6214666,N/A,N/A,N/A,N/A,1457778754
Pizza Hut,restaurant,12.934525,77.610909,"Forum Mall, Hosur Road, Bangalore",N/A,N/A,N/A,1459721959
Sahib Singh Sultan,restaurant,12.935016,77.611357,"Forum Mall, Hosur Road, Bangalore",N/A,N/A,N/A,1459725062
Gramin,restaurant,12.934504,77.613547,"Raheja Arcade, 80ft Road",N/A,N/A,N/A,1459965429
Om,restaurant,12.934323,77.613299,N/A,N/A,N/A,N/A,1459966148
Nandini,restaurant,12.9306133,77.5825147,27th Cross,N/A,N/A,N/A,1462142036
Dal Tadka,restaurant,12.9256318,77.5498709,N/A,N/A,N/A,N/A,1462237219
Sri Udupi Swaadista,restaurant,13.0055106,77.5787567,1st Main Road,N/A,N/A,N/A,1462530129
Rajesh Hotel,restaurant,13.0046183,77.5784554,N/A,N/A,N/A,N/A,1462708215
Ring View Restaurant,restaurant,12.9260621,77.6760012,"Bellandur, Bangalore, 560103",N/A,N/A,N/A,1462959212
Hotel Dream Land,restaurant,12.9267671,77.4973876,N/A,N/A,N/A,N/A,1463457579
The Club,restaurant,12.9368003,77.5169615,N/A,N/A,N/A,N/A,1463529628
KC'S Club,bar,12.9368996,77.5172029,N/A,N/A,N/A,N/A,1463547121
Beijing Bites,restaurant,12.9214078,77.5206736,N/A,N/A,N/A,N/A,1463570044
Coffee Day,cafe,12.920634,77.5205368,N/A,N/A,N/A,N/A,1463570454
Masala,restaurant,12.9099779,77.5508753,N/A,N/A,N/A,N/A,1463594510
Masala,bar,12.9100302,77.5509021,N/A,N/A,N/A,N/A,1463594776
Adyar Ananda Bhavan,restaurant,13.0797112,77.5591265,"Vidyaranyapura Road, Bangalore, 560097",+91 99029 90811,https://aabsweets.com,N/A,1463640923
Sri Krishna Upahar,restaurant,13.0775498,77.5587667,N/A,N/A,N/A,N/A,1463642683
Cafe Coffee Day,cafe,13.0753105,77.5579778,N/A,N/A,N/A,N/A,1463645518
Maharaja Restaurant,restaurant,12.934295,77.6300787,N/A,N/A,N/A,N/A,1463831582
Agarwal Sweets and Restaurant,restaurant,13.041276,77.5163638,N/A,N/A,N/A,N/A,1464741970
Food Bay,restaurant,13.0321716,77.5699911,N/A,N/A,N/A,N/A,1464772815
Nandhini Deluxe,restaurant,13.0314371,77.5703125,N/A,N/A,N/A,N/A,1464772829
Casino,restaurant,13.0289717,77.5712245,N/A,N/A,N/A,N/A,1464773026
Auntie Fung's,restaurant,13.0290129,77.5712153,N/A,N/A,N/A,N/A,1464773800
Atithi Satkaar,restaurant,13.0362481,77.5747038,N/A,N/A,N/A,N/A,1464775456
Fiorano Ristorante,restaurant,12.9331413,77.6228508,N/A,N/A,N/A,N/A,1464784876
Dragons,restaurant,12.9414203,77.553445,560050,N/A,N/A,N/A,1464999434
Shiv Sagar Signature,restaurant,12.9166102,77.5914577,N/A,N/A,N/A,N/A,1465122303
SLV,restaurant,12.9153417,77.5948673,N/A,N/A,N/A,N/A,1465122307
Century,hotel,12.9671321,77.6822005,N/A,N/A,N/A,N/A,1465192273
Tirumala Bar And Resturant,bar,12.9560062,77.6979089,N/A,N/A,N/A,N/A,1465208705
Megha Restaurant,restaurant,12.955452,77.697866,N/A,N/A,N/A,N/A,1465210892
Banana Beach bar,bar,12.9365646,77.6207273,Kor 5th cross,N/A,N/A,N/A,1465650471
Nandhana Grand,restaurant,12.9362976,77.6213531,Hotel Nandhana Palace,N/A,N/A,N/A,1465657720
Kolkata's,restaurant,12.963978,77.7487116,N/A,N/A,N/A,N/A,1466430490
Mookambika Bar& Resturant,bar,12.9449911,77.618272,N/A,N/A,N/A,N/A,1466628075
Dim Sum,restaurant,12.9422358,77.6178071,N/A,N/A,N/A,N/A,1466648669
Brews & Bites,cafe,12.9284331,77.5900599,N/A,N/A,N/A,N/A,1466690713
Shiv sagar,restaurant,12.9440288,77.5727582,N/A,N/A,N/A,N/A,1466730152
Cafe Coffee Day,cafe,12.944502,77.5728401,N/A,N/A,N/A,N/A,1466730374
Adyar Anand Bhavan,restaurant,12.9444313,77.5729353,N/A,N/A,N/A,N/A,1466730411
Cafe Coffee Day,cafe,13.0281022,77.5733848,N/A,N/A,N/A,N/A,1467309641
Corner House,cafe,13.0280073,77.5725777,N/A,N/A,N/A,N/A,1467318815
Cafe Coffee Day,cafe,12.9973265,77.5403657,N/A,N/A,N/A,N/A,1467501580
New Shanti Sagar,restaurant,12.988545,77.5377868,N/A,N/A,N/A,N/A,1467501725
Lassi Park,cafe,12.9330961,77.5823147,elephant cave road,N/A,N/A,N/A,1467536094
Adigas,restaurant,12.943764,77.6071874,N/A,N/A,N/A,N/A,1467812451
Adaa Restaurant,restaurant,12.934104,77.6164798,"Adaa, 5th Block Koramangala, 560095",N/A,N/A,N/A,1467937185
Willy Vanilli,restaurant,12.9368528,77.6203487,"Willi vanili, 5th block Koramangala, 560095",N/A,N/A,N/A,1467937188
Chung wah,restaurant,12.9366057,77.6205137,Chung Wah,N/A,http://chungwahrestaurants.co.in/,N/A,1467937189
Yelhanka Cafe Cofee Day,cafe,13.0992439,77.5880493,N/A,N/A,N/A,N/A,1467967639
Chickpet Donne Biriyani House,restaurant,13.0967578,77.5840299,N/A,N/A,N/A,N/A,1467972756
CornerHouse,restaurant,13.0989001,77.5876488,N/A,N/A,N/A,N/A,1467984648
Sathyas Biriyani,restaurant,12.9363015,77.6151475,N/A,N/A,N/A,N/A,1468014996
Madan Pub,pub,12.935901,77.614926,N/A,N/A,N/A,N/A,1468014999
Red fort restaurant,restaurant,12.9360411,77.6148636,N/A,N/A,N/A,N/A,1468015001
Bhojohori manna,restaurant,12.9373691,77.6243143,N/A,N/A,N/A,N/A,1468025770
Krishna Cafe,restaurant,12.9368986,77.6198954,N/A,N/A,N/A,N/A,1468025778
Imperial Hotel,restaurant,12.9364077,77.6250803,N/A,N/A,N/A,N/A,1468025779
heritage of Bengal,restaurant,12.9373234,77.624368,"1st floor, 560095",N/A,N/A,N/A,1468025780
Anand Sweets and Restaurant,restaurant,12.9369809,77.6197694,N/A,N/A,N/A,N/A,1468025788
Ocean restaurant,restaurant,12.9368711,77.6248696,N/A,N/A,N/A,N/A,1468025791
N.E Diner,restaurant,12.9348451,77.6128809,N/A,N/A,N/A,N/A,1468164169
Thanco Fresh Fruitz Ice-Creams,restaurant,12.9350385,77.6130633,"Koramangala Industrial Layout, 560095",N/A,N/A,N/A,1468190774
Mangoa Coastal cuisine,restaurant,12.935577,77.6130901,560095,N/A,N/A,N/A,1468190775
Flambe,restaurant,12.9371352,77.619779,N/A,N/A,N/A,N/A,1468235009
Aangan restaurant,restaurant,12.9365549,77.6165979,N/A,N/A,N/A,N/A,1468235024
Coffee Bean,cafe,12.9123969,77.6407671,N/A,N/A,N/A,N/A,1468245829
Manipal County,restaurant,12.8737015,77.6420142,N/A,N/A,N/A,N/A,1468355688
Naati oota,restaurant,12.936869,77.6247225,"Koramangala, 560095",N/A,N/A,N/A,1468516359
Sizzlers and more,restaurant,12.9368481,77.6198784,N/A,N/A,N/A,N/A,1468516361
4 Seasons Suites,hotel,12.9372193,77.619574,"5th Cross Road 60 FEET ROAD, Bangalore, 560095",N/A,https://4SEASONSSSUITES.IN,4SEASONSSUITES@GMAIL.COM,1468516364
China Bowl restaurant,restaurant,12.936937,77.6202003,N/A,N/A,N/A,N/A,1468516365
Malabar cafe,restaurant,12.9368899,77.6197711,N/A,N/A,N/A,N/A,1468516368
Desi Tadka,restaurant,12.9369893,77.6201144,N/A,N/A,N/A,N/A,1468516369
Chinese Cottage,restaurant,12.9368847,77.6246206,N/A,N/A,N/A,N/A,1468516372
Chalo Punjab,restaurant,12.9377944,77.6266966,N/A,N/A,N/A,N/A,1468540658
Ambrosia restaurant,restaurant,12.9361835,77.6258638,N/A,N/A,N/A,N/A,1468540676
Kwality Walls,restaurant,12.9380577,77.6261445,N/A,N/A,N/A,N/A,1468540691
B52 Bar,bar,12.9362155,77.6259241,N/A,N/A,N/A,N/A,1468540717
Bhagini Residency,restaurant,13.0200035,77.7088068,N/A,N/A,N/A,N/A,1468617486
Jharoka,restaurant,12.9120524,77.6379776,N/A,N/A,N/A,N/A,1468908289
Kottayam,restaurant,12.9143549,77.6383198,"14th main, 560102",N/A,N/A,N/A,1468908290
Third Wave Coffee Roasters,cafe,12.9961239,77.6132737,N/A,N/A,https://www.thirdwavecoffeeroasters.com/,N/A,1469190371
Nandini Restaurant,restaurant,12.9959044,77.6130336,N/A,N/A,N/A,N/A,1469190372
Udupi Shanthi Sagar,restaurant,12.9958364,77.6131543,N/A,N/A,N/A,N/A,1469190376
Ponnuswamy Restaurant,restaurant,12.9961448,77.6112526,N/A,N/A,N/A,N/A,1469190378
Al-Siddique Kabab Center,restaurant,12.9931105,77.6089191,Saint John's Church Road,N/A,N/A,N/A,1469196551
Siddique Kabab Center,restaurant,12.9934162,77.608356,Saint John's Church Road,N/A,N/A,N/A,1469196561
Sherlock's Pub,pub,12.9946747,77.6150372,N/A,N/A,N/A,N/A,1469274356
Komala Refreshment,restaurant,12.9960742,77.6170891,N/A,N/A,N/A,N/A,1469282330
Kairali Restaurant,restaurant,12.9352294,77.6076048,N/A,N/A,N/A,N/A,1469643991
Little Italy,restaurant,12.9343755,77.6090481,N/A,N/A,N/A,N/A,1469644017
Karavali Fine Dine,restaurant,12.935785,77.6076261,N/A,N/A,N/A,N/A,1469644046
Sultan of Spice,restaurant,12.9335261,77.6152234,N/A,N/A,N/A,N/A,1469644049
Tharavad,restaurant,12.9062634,77.6298345,N/A,N/A,N/A,N/A,1470421127
MAS,restaurant,12.9258752,77.6170606,Hosur Road,N/A,N/A,N/A,1470516028
Ammis Biriyani,restaurant,12.933536,77.6155026,N/A,N/A,N/A,N/A,1470523375
Chung Wah Restaurant,restaurant,12.9352797,77.6157628,N/A,N/A,N/A,N/A,1470523376
Mama mia,restaurant,12.9338001,77.619424,N/A,N/A,N/A,N/A,1470523383
Boca Grande,restaurant,12.9416947,77.621508,N/A,N/A,N/A,N/A,1470523384
Tasty Restaurant,restaurant,12.9227705,77.6142078,N/A,N/A,N/A,N/A,1470532623
Sweet Revenge Cafe,restaurant,12.9198254,77.6127816,N/A,N/A,N/A,N/A,1470626482
Sri Sai Vijay Mess,restaurant,12.9366298,77.6132797,N/A,N/A,N/A,N/A,1470628750
Oye Amritsar,restaurant,12.9364753,77.621053,N/A,N/A,N/A,N/A,1470634294
Pizzeria Romano,restaurant,12.9367367,77.6206239,N/A,N/A,N/A,N/A,1470634304
Casa De Bengaluru,hotel,12.9363256,77.6222355,"17th E Main, Bangalore, 560095",N/A,N/A,N/A,1470634306
Mast Kalandar,restaurant,12.9147654,77.6383124,N/A,N/A,N/A,N/A,1470826164
Kiwi kiss,restaurant,12.9388779,77.61893,N/A,N/A,N/A,N/A,1471128630
Booster Juice,cafe,12.93893,77.6189888,N/A,N/A,N/A,N/A,1471128660
Mahalakshmi Refreshments,cafe,13.0080794,77.5469863,N/A,N/A,N/A,N/A,1471738633
Malabar inn,restaurant,12.9677987,77.654435,N/A,N/A,N/A,N/A,1471767351
Kanti Sweets,restaurant,13.098633,77.5773144,N/A,N/A,N/A,N/A,1471775374
Swathi garden,restaurant,13.0591093,77.5931284,N/A,N/A,N/A,N/A,1471776773
Paratha plaza,restaurant,13.027249,77.5798112,N/A,N/A,N/A,N/A,1471780073
Ande ka funda,restaurant,12.9332663,77.6153051,N/A,N/A,N/A,N/A,1471780770
Cafe 363,cafe,13.0034363,77.5499517,"19th Main Road, Rajajinagar, Bengaluru, 560010",N/A,https://www.cafe363.in/,N/A,1471781252
Kaappi,cafe,12.9140237,77.5587479,N/A,N/A,N/A,N/A,1471928748
Sun Pub,pub,12.9094182,77.5274725,N/A,N/A,N/A,N/A,1471928775
Nandhini,restaurant,12.9253564,77.5496136,N/A,N/A,N/A,N/A,1471945408
Pizza Hut,restaurant,12.9251321,77.5507224,N/A,N/A,N/A,N/A,1471945412
Royal Comforts,hotel,12.9262515,77.6168174,Hosur road,N/A,N/A,N/A,1472017110
Unnamed Spot,cafe,12.9880757,77.5496789,N/A,N/A,N/A,N/A,1472178648
New Shanti Sagar,restaurant,12.9314867,77.5761365,N/A,N/A,N/A,N/A,1472354049
Cane Crush,restaurant,13.0039772,77.5509235,N/A,N/A,N/A,N/A,1472858755
Unnamed Spot,hotel,12.9409092,77.6278297,N/A,N/A,N/A,N/A,1472876995
Raham's Families International (Richies) Restaurant,restaurant,12.9603151,77.6458853,N/A,N/A,N/A,N/A,1472937714
Hotel Prabha International,restaurant,13.0271417,77.5438625,N/A,N/A,N/A,N/A,1473014762
Sanjay Food Junction,restaurant,13.0577696,77.5950588,N/A,N/A,N/A,N/A,1473175979
Hotel Sinchana,restaurant,13.0201794,77.6745195,N/A,N/A,N/A,N/A,1473194556
Cube Multi-cuisine Restaurant,restaurant,12.938682,77.6299136,N/A,N/A,N/A,N/A,1473308082
Polynation,restaurant,12.9375545,77.6281177,N/A,N/A,N/A,N/A,1473308085
Shilton Royale,hotel,12.938785,77.6300973,N/A,N/A,N/A,N/A,1473308088
Taste of Bihar,restaurant,12.9376735,77.6264373,N/A,N/A,N/A,N/A,1473308109
Barbeque Nation,restaurant,12.9519422,77.6397478,N/A,N/A,N/A,N/A,1473330316
Tandoori Hipple,restaurant,12.9526958,77.640104,N/A,N/A,N/A,N/A,1473330341
LoveShack,restaurant,12.9525546,77.6400289,N/A,N/A,N/A,N/A,1473330359
CHef Inn Residency,hotel,12.9383855,77.6310907,N/A,N/A,N/A,N/A,1473330368
Shanti Sagara,restaurant,12.9287808,77.5856675,N/A,N/A,N/A,N/A,1473876451
CCD,cafe,12.9201877,77.574944,N/A,N/A,N/A,N/A,1473882300
Pizza Hut,restaurant,12.9244542,77.5643439,N/A,N/A,N/A,N/A,1473885124
DeCube,pub,12.9257822,77.5640113,N/A,N/A,N/A,N/A,1473885754
Mini Punjabi Dhaba,restaurant,12.9403137,77.5645095,N/A,N/A,N/A,N/A,1473902953
Ganesh FruitJuice Centre,restaurant,12.9393831,77.5641393,N/A,N/A,N/A,N/A,1473902955
Cane-o-La,restaurant,12.9449194,77.5680581,Bull Temple Road,N/A,N/A,N/A,1473921798
SLV Delite,restaurant,12.9480672,77.5682863,N/A,N/A,N/A,N/A,1473945518
Chung wah,restaurant,12.9251478,77.5507385,N/A,N/A,N/A,N/A,1473950469
Pecos - Classic,pub,12.973736,77.6072937,N/A,N/A,N/A,N/A,1473999150
Ruby Tuesday,restaurant,12.9746853,77.605772,N/A,N/A,N/A,N/A,1473999154
Purple Haze,restaurant,12.9729633,77.6086054,N/A,N/A,N/A,N/A,1474001856
Paris Panini,restaurant,12.9747565,77.6051367,"Asha Enclave, Church Street, Ashok Nagar, Bengaluru, 560001",N/A,N/A,N/A,1474001861
Nandini Andra Style,restaurant,12.9317341,77.6228586,Mahayogi Vemana Road,N/A,N/A,N/A,1474004437
Hamsa Sagar,restaurant,13.00091,77.5412684,N/A,N/A,N/A,N/A,1474058080
Polar Bear,restaurant,12.9276361,77.5779238,N/A,N/A,N/A,N/A,1474082841
Gelato Italiano,restaurant,12.9278474,77.5782069,N/A,N/A,N/A,N/A,1474082863
Sukh Sagar,restaurant,12.9285276,77.5826445,N/A,N/A,N/A,N/A,1474088680
Basaveshwar Khanavali,restaurant,12.9288447,77.5857791,N/A,N/A,N/A,N/A,1474090661
1947,restaurant,12.9277143,77.5861502,N/A,N/A,N/A,N/A,1474091077
Ohris,restaurant,12.922039,77.620302,Hosur road,N/A,N/A,N/A,1474102127
Silver Metro,restaurant,12.921876,77.620493,Hosur road,N/A,N/A,N/A,1474103046
Pizza Hut,restaurant,12.9954523,77.6138486,"Coles Road, Fraser Town, Bengaluru, 560005",N/A,https://www.pizzahut.co.in/,N/A,1474170030
Beijing Bites,restaurant,12.9973063,77.6138674,"Mosque Road, 560005",N/A,N/A,N/A,1474195320
Empire,restaurant,12.9999459,77.6158737,"Mosque Road, 560005",N/A,N/A,N/A,1474200449
Kobe Sizzler,restaurant,12.978234,77.6426096,N/A,N/A,N/A,N/A,1474220540
Beanlore Coffee Roasters,cafe,12.978729,77.6439064,Chinmaya Mission Hospital Road,N/A,N/A,N/A,1474220544
Chai Point,cafe,12.9786742,77.6427655,CMH road,N/A,N/A,N/A,1474220554
Salt Edition 1,bar,12.9709206,77.6410529,N/A,N/A,N/A,N/A,1474254715
Gloria Jean's,cafe,12.9761276,77.6412139,100 Feet Road(S K Karim Khan Road),N/A,N/A,N/A,1474258844
Subz,restaurant,12.9329962,77.5850947,N/A,N/A,N/A,N/A,1474263758
Beijing Bites,restaurant,12.9243848,77.5858198,N/A,N/A,N/A,N/A,1474270926
Pai Vijay,hotel,12.9264034,77.5858296,N/A,N/A,N/A,N/A,1474298491
Cafe Coffee Day,cafe,12.9055718,77.6058341,"29th Main Road, 560076",N/A,N/A,N/A,1474304635
Unnamed Spot,restaurant,12.9822735,77.6078285,N/A,N/A,N/A,N/A,1474308852
Cool Joint,restaurant,12.9825453,77.6104302,Kamaraj Road,N/A,N/A,N/A,1474308855
Olio,restaurant,12.9365507,77.6204895,N/A,N/A,N/A,N/A,1474324426
Coffee Lounge,cafe,12.9367494,77.6200067,N/A,N/A,N/A,N/A,1474324439
Kota Kachori,restaurant,12.9346333,77.6124687,N/A,N/A,N/A,N/A,1474351207
Inn,hotel,12.9330194,77.6105953,Tavarekere Main Road,N/A,N/A,N/A,1474432220
Manchester United,bar,12.9345952,77.6094985,N/A,N/A,N/A,N/A,1474432222
Shiva Sagar,restaurant,12.9339607,77.6104356,hosur road,N/A,N/A,N/A,1474432224
Kataria Home Food,restaurant,12.9164249,77.6164112,N/A,N/A,N/A,N/A,1474433836
Shanti Sagar,restaurant,12.9256315,77.6152769,Maruthi Nagar Main Road,N/A,N/A,N/A,1474442618
Aswini Hotel,restaurant,12.9229035,77.6134614,Chocolate Factory Road,N/A,N/A,N/A,1474444937
Andra Curry Point,restaurant,12.9231702,77.6126406,Chocolate Factory Road,N/A,N/A,N/A,1474445664
Jade Empress,restaurant,12.9459429,77.5956857,N/A,N/A,N/A,N/A,1474509222
Keys Hotel,restaurant,12.9459575,77.5951685,N/A,N/A,N/A,N/A,1474509677
Bhagini Hotel,restaurant,12.9494002,77.5926204,N/A,N/A,N/A,N/A,1474512610
Punjabi Rasoi,restaurant,13.0256971,77.5931352,N/A,N/A,N/A,N/A,1474819109
Tiffin Centre,restaurant,13.0249236,77.5927811,N/A,N/A,N/A,N/A,1474819115
Adigas,restaurant,12.921875,77.620121,Hosur road,N/A,N/A,N/A,1474819117
Libra,hotel,12.9353977,77.6090855,Hosur road,N/A,N/A,N/A,1474819129
New Shanti Sagar,restaurant,13.0233034,77.5928133,N/A,N/A,N/A,N/A,1474819330
Swati Deluxe,restaurant,12.997825,77.5499844,"Modi Hospital Main Road, Bangalore, 560010",+(91)-80-23595565,N/A,N/A,1474819884
Gokul Vegetarian,restaurant,12.998275,77.550863,"19th Main (Goorur Ramaswamy Iyengar Road), Bangalore, 560010",+91 80 2342 3955,N/A,N/A,1474819888
Sree Nandini Palace Restaurant,restaurant,12.9872807,77.5494174,N/A,N/A,N/A,N/A,1474820324
Nandini Milk Booth,cafe,12.9245932,77.5648877,N/A,N/A,N/A,N/A,1474821647
Cafe Coffee Day,cafe,12.9257906,77.5640961,N/A,N/A,N/A,N/A,1474824622
Tandoor,restaurant,12.9260154,77.5641098,N/A,N/A,N/A,N/A,1474824925
Cafe Coffee Day,cafe,12.9258745,77.5501431,N/A,N/A,N/A,N/A,1474831729
Shanti Sagar,restaurant,12.9734181,77.5419268,N/A,N/A,N/A,N/A,1474835638
Indraprastha,restaurant,12.9716571,77.537278,N/A,N/A,N/A,N/A,1474835641
Zingron,restaurant,12.9923298,77.7131282,"KR Puram - ITPB Road, 560048",N/A,N/A,N/A,1475720883
Nandana Palace,restaurant,12.9216098,77.6453053,N/A,N/A,N/A,N/A,1484531940
Paramount Restaurant,restaurant,12.971167,77.605779,N/A,N/A,N/A,N/A,1492519140
Hotel Mayflower,hotel,12.9478373,77.5970782,N/A,N/A,N/A,N/A,1509292090
Swadista Ahara,restaurant,12.9139161,77.6102112,N/A,N/A,N/A,N/A,1514981781
Airlines,restaurant,12.9727309,77.5997185,N/A,N/A,N/A,N/A,1536592062
Rice Bowl,restaurant,12.9748249,77.5994328,Lavelle Road,N/A,N/A,N/A,1548748296
Kamat,restaurant,12.964223,77.5866456,N/A,N/A,N/A,N/A,1577582017
New Sagar,restaurant,13.030076,77.5593983,N/A,N/A,N/A,N/A,1581346714
Suchitra Biriyani,restaurant,12.9591717,77.6550416,N/A,N/A,N/A,N/A,1594750994
Udupi Park,restaurant,12.9595298,77.6561326,N/A,N/A,N/A,N/A,1594751028
Mast Kalandar,restaurant,12.952399,77.6400371,N/A,N/A,N/A,N/A,1598949024
Habanero,restaurant,12.9871697,77.7360104,"Park Square Mall, Whitefield Road, 560066",N/A,N/A,N/A,1604575880
Richie-Rich,restaurant,12.9868232,77.5800176,N/A,N/A,N/A,N/A,1614268192
Cable Car Restaurant,restaurant,12.9168408,77.5851479,N/A,N/A,N/A,N/A,1614268617
Chutney Chang,restaurant,12.9331034,77.585029,N/A,N/A,N/A,N/A,1614268618
Cafe Coffee Day,cafe,12.9885341,77.5770137,N/A,N/A,https://www.cafecoffeeday.com/,N/A,1614366545
Opus,bar,12.9975797,77.5851079,N/A,N/A,https://www.myopus.in/,N/A,1614509453
Utsav,restaurant,12.9311975,77.6228542,N/A,N/A,N/A,N/A,1615727952
Kamat Minerva,restaurant,12.9554704,77.5801737,N/A,N/A,N/A,N/A,1617398461
Park-n-Eat,restaurant,12.9877001,77.5782687,N/A,N/A,N/A,N/A,1617398472
Śrī Uḍupi,restaurant,12.9781823,77.5797234,"Beṅgaḷūru, 560009",+919591875013,https://www.kanishkagrand.in/restaurant/,N/A,1636730975
Golden Residency,hotel,12.9780729,77.579383,Beṅgaḷūru,+91 80 4147 6435,N/A,goldenresidency@gmail.com,1637588134
Hotel Kanthi Comforts,hotel,12.9775086,77.5793777,N/A,N/A,N/A,N/A,1637588143
Chung's,restaurant,12.9891068,77.5938601,Millers Tank Bund Road,N/A,N/A,N/A,1644358679
V T Paradise,restaurant,12.9655419,77.5898511,N/A,N/A,N/A,N/A,1652785557
Hotel Geo,hotel,12.9656255,77.5895554,N/A,N/A,N/A,N/A,1653909253
Nandhini,restaurant,12.9649785,77.6385321,Paramahansa Yogananda Road,N/A,N/A,N/A,1655556669
Holly Flames,restaurant,12.957444,77.7091287,N/A,N/A,N/A,N/A,1657041179
Vista Lounge,cafe,12.957695,77.709012,N/A,N/A,N/A,N/A,1657041224
Pegs and pints,pub,12.9244905,77.5653351,pegs and pints,N/A,N/A,N/A,1657291080
Lakshmi bar,bar,12.9244383,77.5654289,Lakshmi bar,N/A,N/A,N/A,1657291081
Mavalli Tiffin Rooms,restaurant,12.9721761,77.6009542,N/A,N/A,N/A,N/A,1675540997
Bhagini Iris,restaurant,12.9558315,77.729344,N/A,N/A,N/A,N/A,1683088883
Cafe Bel Cibo @ Patio,restaurant,12.9572347,77.7331316,N/A,N/A,N/A,N/A,1683088934
Pizza Hut,restaurant,12.925988,77.6754492,N/A,N/A,N/A,N/A,1691980583
Amrutesh Darshini,restaurant,12.934392,77.5895053,"Amrutesh Darshini, Byrasandra Main Road, 560011",N/A,N/A,N/A,1704074523
TGI Fridays,restaurant,12.9732119,77.6217398,N/A,N/A,N/A,N/A,1707859852
Nisarga,restaurant,12.9830301,77.5943718,"Infantry Road, 560001",N/A,N/A,N/A,1722589278
Punjabi Dhaba,restaurant,13.026256,77.6062003,N/A,N/A,N/A,N/A,1722602478
Bhagini,restaurant,13.0187152,77.6555768,N/A,N/A,N/A,N/A,1725094649
Bruice Bar & Restaurant,bar,13.0229634,77.7138587,N/A,N/A,N/A,N/A,1725212210
Manu Bar & Restaurant,bar,13.0233955,77.7145913,N/A,N/A,N/A,N/A,1725212213
Tamarind,restaurant,13.0138084,77.6618674,N/A,N/A,N/A,N/A,1725279701
Cafe Coffee Day,cafe,12.8914338,77.6080737,N/A,N/A,N/A,N/A,1727330728
Adithya,restaurant,12.9118641,77.5867606,N/A,N/A,N/A,N/A,1732932721
Costa,cafe,12.9926358,77.7027672,N/A,N/A,N/A,N/A,1733720842
Pongal Veg Cafe,restaurant,12.9206732,77.6123589,N/A,N/A,N/A,N/A,1738015015
Pai Vihar,restaurant,12.9658764,77.5860284,N/A,N/A,N/A,N/A,1739362359
Laxmi Sagar Deluxe,restaurant,12.9294812,77.5637259,N/A,N/A,N/A,N/A,1741241145
Raghavendra Upahara,restaurant,12.9170457,77.5931523,N/A,N/A,N/A,N/A,1741779229
Cafe Coffee Day,cafe,13.018092,77.6474963,N/A,N/A,N/A,N/A,1742643868
Uttam Sagar,restaurant,13.0094734,77.6434486,N/A,N/A,N/A,N/A,1743937707
Adigas Annapoorna,restaurant,13.0144106,77.6427176,N/A,N/A,N/A,N/A,1743937742
Srinidhi Upchaar,restaurant,13.0119854,77.6475134,N/A,N/A,N/A,N/A,1743939029
Sreeraj Lassi Bar,bar,13.0126649,77.6474598,N/A,N/A,N/A,N/A,1743939200
Great Indian Thali,restaurant,12.9365165,77.6274121,N/A,N/A,N/A,N/A,1744342634
Odia Mess,restaurant,12.9535994,77.6980241,N/A,N/A,N/A,N/A,1752226886
Kaayal,restaurant,12.9683052,77.6504678,"Jeevan Bhima Nagar Main road,, 560008",N/A,http://kaayal.in/,N/A,1758038053
Uttam Sagar,restaurant,13.0118335,77.668096,N/A,N/A,N/A,N/A,1761867450
Savi Ruchi,restaurant,13.0127088,77.6650142,N/A,N/A,N/A,N/A,1761867730
Pai Princess,restaurant,12.9166803,77.5898443,Pai Comforts,N/A,N/A,N/A,1763231466
Palm Grove,restaurant,12.9715903,77.6084985,N/A,N/A,N/A,N/A,1770390302
Sangam,restaurant,12.9718928,77.6065672,N/A,N/A,N/A,N/A,1770459093
Prakash Cafe & Lodge,hotel,12.9604081,77.5709546,N/A,N/A,N/A,N/A,1772649601
Nisarga Andhra Style,restaurant,12.9683294,77.5380482,N/A,N/A,N/A,N/A,1778850359
Deewar Bar & Restaurant,restaurant,12.9583342,77.5259368,N/A,N/A,N/A,N/A,1778854287
Ron-Inn Bar & Restaurant,restaurant,12.9603129,77.513258,N/A,N/A,N/A,N/A,1778854605
Vasudev Adigas,restaurant,12.9809408,77.5354587,"Housing Board Bus Stop, Magadi Road",N/A,N/A,N/A,1778909061
Hotel Empire,restaurant,12.9348525,77.6157906,N/A,N/A,N/A,N/A,1781918450
Khawa Karpo,restaurant,12.9340146,77.6163371,N/A,N/A,N/A,N/A,1781918451
Sagar Fast Food,restaurant,12.9417545,77.6215457,N/A,N/A,N/A,N/A,1781959094
S.L.V Hotel,restaurant,12.9577755,77.5694742,"1st Cross, 5th Main, Chamarajpet, 560018",N/A,N/A,N/A,1782116875
UpSouth,restaurant,12.9170404,77.5934403,N/A,N/A,N/A,N/A,1782771944
Villa Lavelle,hotel,12.9684323,77.5964096,N/A,N/A,N/A,N/A,1786236040
Nandini,restaurant,12.9552387,77.5790523,N/A,N/A,N/A,N/A,1791962125
Unnamed Spot,restaurant,13.0291469,77.519671,N/A,N/A,N/A,N/A,1794660319
ಅಮೋಘ ಸಾಗರ್,restaurant,13.0287027,77.5199016,N/A,N/A,N/A,N/A,1794660357
Unnamed Spot,restaurant,13.0203561,77.5084325,N/A,N/A,N/A,N/A,1794676051
Ramakrishna Lodge,hotel,12.9717723,77.5729725,N/A,N/A,N/A,N/A,1798913046
Kadamba Veg,restaurant,12.9976921,77.5475818,N/A,N/A,N/A,N/A,1808814311
Barista,cafe,13.0219361,77.6392168,N/A,N/A,N/A,N/A,1808847124
Nisarga Andhra Style,restaurant,12.9886227,77.5378109,N/A,N/A,N/A,N/A,1809624008
Cafe Coffee Day,cafe,12.9656038,77.5363115,N/A,N/A,N/A,N/A,1809698917
Mādappa Mes,restaurant,12.9800497,77.5771102,Beṅgaḷūru,+919880883801;+919844008380,N/A,N/A,1809770675
F & B,restaurant,12.9713119,77.5997267,N/A,N/A,N/A,N/A,1809842716
Jalpaan,restaurant,12.9989198,77.552547,"Dr. Rajkumar Road, bangalore, 560010",+91 9591996822,N/A,N/A,1813501242
Hotel Janatha,restaurant,12.9991432,77.5710944,N/A,N/A,N/A,N/A,1813542942
The Guha,restaurant,12.9334671,77.5833269,N/A,N/A,N/A,N/A,1815963298
Sreeraj lassi bar,cafe,12.9828042,77.6105271,N/A,N/A,N/A,N/A,1821582118
Tahini Garden,restaurant,12.9219463,77.5934768,N/A,N/A,N/A,N/A,1825081552
Cafe Coffee Day,cafe,12.9218974,77.5934723,N/A,N/A,N/A,N/A,1825082767
Eeshanya,restaurant,12.9230467,77.593202,N/A,N/A,N/A,N/A,1825094241
The Biere Club,pub,12.9709587,77.5975559,"Vittal Mallya Road, Bangalore, 560001",+9180 42124383,http://www.thebiereclub.com/,fnb@thebiereclub.com,1835304318
Akshata Nati Style,restaurant,12.972957,77.5397309,N/A,N/A,N/A,N/A,1843719309
Park View Bar & Restaurant,restaurant,12.9729139,77.5395347,N/A,N/A,N/A,N/A,1843719312
Amaravati Andhra Style,restaurant,12.9808177,77.535785,"Near Housing  Board Bus Stop, Magadi Road",N/A,N/A,N/A,1843729743
Toscano,restaurant,12.9717891,77.5962374,N/A,N/A,N/A,N/A,1851612837
Cafe Noir,restaurant,12.9719381,77.5958753,N/A,N/A,N/A,N/A,1851613420
Y! Cafe,restaurant,12.958286,77.605196,N/A,N/A,N/A,N/A,1851615731
Pizza Hut,restaurant,12.9624402,77.5990359,N/A,N/A,N/A,N/A,1851682041
Harima,restaurant,12.9676211,77.6001785,N/A,N/A,N/A,N/A,1851685727
Coffee All Day,cafe,12.9733898,77.6072915,"Brigade Road, Ashok Nagar, Bengaluru",N/A,N/A,N/A,1851689644
Guzzlers Inn,pub,12.9736858,77.6068869,"Rest House Road, 560001",N/A,N/A,N/A,1851691005
Confident Propos,hotel,12.9560897,77.6055497,N/A,N/A,N/A,N/A,1851701770
Chez Mariannick,restaurant,12.9550393,77.7297525,"Varthur Road, Whitefield, Bengaluru, 560066",N/A,N/A,N/A,1852671175
Emilion HHI Select,hotel,12.9066302,77.592944,N/A,N/A,N/A,N/A,1866179093
The Onyx,restaurant,12.9064987,77.5930188,"Emlion Hotel, 15th Cross, 560078",N/A,N/A,N/A,1866181822
Via Lucknow,restaurant,13.0367811,77.5660503,N/A,N/A,N/A,N/A,1871539758
Ice and Spice,restaurant,13.0282521,77.5729006,N/A,N/A,N/A,N/A,1871547602
Cuppa Coffee,cafe,12.9122176,77.6817453,N/A,N/A,N/A,N/A,1891043819
Adda,restaurant,12.8945443,77.6203167,N/A,N/A,N/A,N/A,1898355603
Toit,pub,12.9794113,77.6406278,"100 Feet Road, Bengaluru, 560038",+91 901 971 3388,https://toit.in/,toitblr@toit.in,1923665125
Aditya,restaurant,12.8929275,77.5816768,N/A,N/A,N/A,N/A,1923909491
Toscano,restaurant,12.9750597,77.602857,"The Museum, Museum Road, Shanthala Nagar",N/A,N/A,N/A,1925227524
Three Quarter Chinese,restaurant,12.974503,77.6054637,Church Street,N/A,N/A,N/A,1925227530
Hotel Tourist,hotel,12.9813835,77.5753478,N/A,N/A,N/A,N/A,1931910416
Kabab Mehal,restaurant,12.8865339,77.5819949,Kothanoor Main road,N/A,N/A,N/A,1932422774
Ruchi Restaurant,restaurant,12.9725555,77.6266554,N/A,N/A,N/A,N/A,1941465446
Frappy's,restaurant,13.0282258,77.5730112,N/A,N/A,N/A,N/A,1947633360
Cafe Svarasya,restaurant,12.8920259,77.5791107,N/A,N/A,N/A,N/A,1951182083
SLV,restaurant,12.8908929,77.5819348,N/A,N/A,N/A,N/A,1951220184
Kakal Kai Ruchi,restaurant,12.8872845,77.5821065,N/A,N/A,N/A,N/A,1952896921
Barbeque Nation,restaurant,12.9255152,77.6370763,N/A,N/A,N/A,N/A,1964234101
Magadha,restaurant,12.8960869,77.5860483,24th Main Road,N/A,N/A,N/A,1966181684
Chutney Chang,restaurant,12.9737798,77.6028823,"HM Eleganza, Museum Road, 560001",080 4000 1234,N/A,N/A,1966567863
Empire,restaurant,12.9754042,77.6027775,"Church Street, 560001",08040414141,N/A,N/A,1966567931
The Island,bar,12.97522,77.6471466,N/A,N/A,N/A,N/A,1966580558
Oye Amritsar,restaurant,12.9752422,77.6470259,80 Feet Road(Sir C.V. Raman Hospital Road),N/A,N/A,N/A,1966580573
Hotel City Centaur International,hotel,12.9750295,77.5703109,"Gubbi Thotadappa Road, Bangalore, 560023",+91-80-41419191,https://www.hotelcitycentaur.com/index.html,resv@hotelcitycentaur.com,1974872457
Sri Krishna Lodge,hotel,12.9744293,77.5706029,"Cottonpete Main Road, Cottonpet, Bangalore",+91-080-41221689,N/A,N/A,1974878572
Sri Thirumala Lodge,hotel,12.9738994,77.5706296,Cottonpete Main Road,N/A,N/A,N/A,1974885227
Hotel Manjushree,restaurant,12.9590436,77.5248426,N/A,N/A,N/A,N/A,1979050327
Cafe Coffe Day,cafe,12.9734094,77.5417665,N/A,N/A,N/A,N/A,1979053383
1947,restaurant,12.9829855,77.5486383,N/A,N/A,N/A,N/A,1979075210
Jalpaan,restaurant,12.92545,77.5768905,N/A,N/A,N/A,N/A,1990628319
Barbeque Nation,restaurant,12.9869399,77.7359602,"Park Square, Whitefield Road",N/A,N/A,N/A,2007720980
Alibaba Cafe & Restaurant,restaurant,13.0005858,77.6148025,"M.M Road, Frazer Town, Bangalore, 560005",N/A,N/A,N/A,2013821580
Shree Lodge,hotel,12.975607,77.5751762,N/A,N/A,N/A,N/A,2016215996
Sarovara,restaurant,12.8943291,77.5818071,N/A,N/A,N/A,N/A,2021571840
Coastal Express,restaurant,12.9867912,77.5794891,"Shivananda Stores Complex, Kumarakripa East",N/A,N/A,N/A,2025970848
Hotel Samrat Residency,hotel,12.9894357,77.5729477,"Subedar Chatram Road, Seshadripuram, Bangalore, 560020","00918023560099, 23560930, 23563726, 23561725, 23468316, 23460822",www.samratresidency.co.in,N/A,2034479472
Kamat,restaurant,12.9491655,77.5798273,N/A,N/A,N/A,N/A,2057197440
Mainland China,restaurant,12.9556191,77.7251708,N/A,N/A,N/A,N/A,2061052079
Ghar ka Khana,restaurant,13.0304259,77.569741,N/A,N/A,N/A,N/A,2068101647
Darband,restaurant,13.0305385,77.5698806,N/A,N/A,N/A,N/A,2084115343
Posh Palates,restaurant,12.9253052,77.6698803,N/A,N/A,N/A,N/A,2085451771
PES Food Court,restaurant,12.9336327,77.5343127,"PES University, 100, Bengaluru, 560085",N/A,N/A,N/A,2093288411
Cafe Coffe Day Express,cafe,12.9335839,77.5344798,"PES University, Outer ring road, Bengaluru, 560085",N/A,https://www.cafecoffeeday.com/,N/A,2093290604
JP Cordial,hotel,12.979285,77.5748279,N/A,N/A,N/A,N/A,2097547120
Rajaprakash,hotel,12.9789865,77.574935,N/A,N/A,N/A,N/A,2097548805
Ksheera Sagar,hotel,12.9805241,77.5750066,N/A,N/A,N/A,N/A,2097549605
Hotel Kapila,hotel,12.979643,77.5751455,N/A,N/A,N/A,N/A,2097549792
Rajadhani restaurant,restaurant,12.9788091,77.5750078,N/A,N/A,N/A,N/A,2097550322
Tropika Brewing Co,pub,12.9421287,77.6977454,N/A,N/A,N/A,N/A,2098484831
Nando's,restaurant,13.0116018,77.5553246,"Dr. Rajkumar Road, Bangalore",N/A,N/A,N/A,2098527087
Toscano,restaurant,13.011218,77.5554078,"Upper Ground Floow, Orion Mall, Dr. Rajkumar Road, Bangalore",N/A,N/A,N/A,2098527091
Mainland China,restaurant,13.0107099,77.5554114,"Upper Gground Floor, Orion Mall, Dr. Rajkumar Road, Bangalore",N/A,N/A,N/A,2098527092
Kubera Biriyani Paradise,restaurant,12.8578959,77.5891475,N/A,N/A,N/A,N/A,2105154661
Bnr Bar,bar,12.9683042,77.5846472,"bnr mansion, jnguva street",N/A,N/A,N/A,2120454693
Beiging Bites,restaurant,12.8883745,77.5820587,N/A,N/A,N/A,N/A,2123769731
Peacock Restaurant,restaurant,13.0304891,77.6081971,"SMS Complex, KHB Main Road, 560032",N/A,N/A,N/A,2125941628
Nandini Milk Parlour,cafe,13.0608156,77.5062519,N/A,N/A,N/A,N/A,2146589608
Chianti,restaurant,12.933447,77.6219099,N/A,N/A,N/A,N/A,2148655413
Matteo's Coffee,cafe,12.9743507,77.6070733,N/A,N/A,N/A,N/A,2181449422
Hae Kum Gang,restaurant,12.9679393,77.6074294,Castle Street,N/A,N/A,N/A,2188840978
Windmills Craftworks,restaurant,12.982529,77.7217679,"5B Road, Bengaluru, 560066",+91 080 45217761,https://windmills-india.com/,hospitality@total-environment.com,2189204878
Punjabi Food Corner,restaurant,12.8920876,77.5817631,N/A,N/A,N/A,N/A,2194288983
Mast Kalander,restaurant,12.978669,77.6440415,Chinmaya Mission Hospital Road,N/A,N/A,N/A,2198288204
Cafe Coffee Day,cafe,12.9286056,77.5453234,N/A,N/A,N/A,N/A,2199535405
Empire Restaurant,restaurant,13.0145004,77.635717,N/A,N/A,N/A,N/A,2211056425
Swathi Restaurant,restaurant,12.9608966,77.5075094,N/A,N/A,N/A,N/A,2212451363
The Royal Comfort,hotel,12.9306091,77.5853075,N/A,N/A,N/A,N/A,2238856559
Davanagere Benne Dose,restaurant,12.991114,77.5407958,N/A,N/A,N/A,N/A,2247443467
Rekha Residency,hotel,12.988584,77.5474906,N/A,N/A,N/A,N/A,2247443535
Shivas,hotel,12.9857195,77.5520611,N/A,N/A,N/A,N/A,2247443567
Hotel Blue Diamond,hotel,12.9870577,77.572403,N/A,N/A,N/A,N/A,2247460567
Nandini palace,restaurant,12.9985485,77.5840303,N/A,N/A,N/A,N/A,2247460569
Best of Bengal,restaurant,12.9955047,77.6081944,N/A,N/A,N/A,N/A,2247465952
Suvali,hotel,12.9881972,77.5494003,N/A,N/A,N/A,N/A,2249046277
Cafe Coffee Day,hotel,12.9959438,77.5548935,N/A,N/A,N/A,N/A,2249047641
Mallika Residency,hotel,12.9917517,77.5576615,N/A,N/A,N/A,N/A,2249048504
Aishwarya Parkland,restaurant,12.8846171,77.5961943,"Bangalore, 560076",N/A,N/A,N/A,2254725055
Jain Bhavan,restaurant,12.9461645,77.5734435,N/A,N/A,N/A,N/A,2255802679
Kamat Yatrinivas,restaurant,12.9758817,77.5786471,N/A,N/A,N/A,N/A,2261284950
Kashyap Lodge,hotel,12.987225,77.5397658,N/A,N/A,N/A,N/A,2261285021
Kadamba Bar,bar,12.9216283,77.5701608,N/A,N/A,N/A,N/A,2280258943
Kabab Magic,restaurant,12.9787433,77.6955214,N/A,N/A,N/A,N/A,2281106615
Adyar Ananda Bhavan,restaurant,12.9843055,77.5537764,"60th Cross Road, Bangalore, 560079",+91 80 4212 3599,https://aabsweets.com,N/A,2293249618
New Shanti Sagar,restaurant,12.9977544,77.5472561,N/A,N/A,N/A,N/A,2296631913
Chandrappa Hotel,restaurant,13.0293289,77.5617382,N/A,N/A,N/A,N/A,2297715693
Sea Route Restaurant,restaurant,12.9973524,77.5476248,"Modi Hospital Main Road, Bangalore, 560086",080 41222292,N/A,N/A,2301066273
Sattvam,restaurant,13.0057592,77.5804279,N/A,080 2360 8000,www.sattvamrestaurant.com/,N/A,2303827881
Bhaga's,restaurant,13.028009,77.5728764,N/A,N/A,N/A,N/A,2309677672
Tomatoes,restaurant,13.0281424,77.5733461,N/A,N/A,N/A,N/A,2309677686
Darasuni,restaurant,13.0273348,77.5765728,N/A,N/A,N/A,N/A,2309684404
Deccan House,restaurant,13.032401,77.5669086,N/A,N/A,N/A,N/A,2310497999
Nizam's Biryani House,restaurant,12.9605015,77.7016821,N/A,N/A,N/A,N/A,2319910852
Purple Haze,pub,12.9504876,77.6999864,N/A,N/A,N/A,N/A,2319910853
Shogun,restaurant,12.9651619,77.7017201,N/A,N/A,N/A,N/A,2319910858
Kalmane Koffees,cafe,12.8757152,77.595244,N/A,N/A,http://kalmanekoffee.com/,N/A,2322728642
Oye Amritsar,restaurant,12.8762432,77.5957831,N/A,+918066490324,N/A,N/A,2322728644
Rajdhani Thali,restaurant,12.8759927,77.5960602,N/A,N/A,https://www.rajdhani.co.in/,N/A,2322728645
TGIF,restaurant,12.8762457,77.5955916,N/A,N/A,https://tgifindia.com/,N/A,2322728647
The Pint Room,pub,12.876231,77.5959821,N/A,N/A,N/A,N/A,2322728648
Venezia,restaurant,12.9274214,77.5771125,N/A,N/A,N/A,N/A,2322731619
Sweet Chariot,cafe,12.9684869,77.6008019,N/A,N/A,N/A,N/A,2322736999
Coconut Grove,restaurant,12.9752848,77.6043238,Church Street,N/A,N/A,cococo@gmail.com,2334547031
Shiva Bar and Restaurant,bar,13.0722173,77.5561443,N/A,N/A,N/A,N/A,2335438254
Pakashala,restaurant,13.0724465,77.556674,N/A,N/A,N/A,N/A,2335438256
Sindhu Bar and Restaurant,bar,13.0689767,77.5581507,N/A,N/A,N/A,N/A,2338286219
Naidu Bar and Restaurant,bar,13.0598353,77.5776438,N/A,N/A,N/A,N/A,2340693275
Ranganatha Bar and Restaurant,bar,13.0600947,77.5766579,N/A,N/A,N/A,N/A,2340693277
Nethravathi Bar and Restaurant,bar,13.0717094,77.5678536,N/A,N/A,N/A,N/A,2340693295
Sri Manjunatha Wines,bar,13.0725801,77.5672904,N/A,N/A,N/A,N/A,2340693296
Raksha Bar and Restaurant,bar,13.0862742,77.5554523,N/A,N/A,N/A,N/A,2344090204
Hotel Vintage Residency,hotel,12.9633735,77.5898343,N/A,N/A,N/A,N/A,2344648079
Pizza Stop,restaurant,12.9055105,77.595119,N/A,N/A,N/A,N/A,2357184836
Gelato,restaurant,12.9056098,77.595119,N/A,N/A,N/A,N/A,2357184837
Daily Bread,cafe,12.9063288,77.5965004,N/A,N/A,N/A,N/A,2357184842
Barbeque Nation,restaurant,12.9064308,77.5968652,N/A,+918060600002,https://www.barbeque-nation.com/,N/A,2357184843
MTR 1924,restaurant,12.9117616,77.5990109,N/A,N/A,N/A,N/A,2357184852
Grills and Rolls,restaurant,12.9004538,77.5859289,N/A,N/A,N/A,N/A,2384193105
Unnamed Spot,restaurant,12.8982417,77.6178957,N/A,N/A,N/A,N/A,2389648560
Sri Krishna Upahara,restaurant,12.9031858,77.6245476,N/A,N/A,N/A,N/A,2389668260
Clubhouse Cafe,cafe,12.9357533,77.6962873,"Cessna Business Park, Bengaluru, 560103",N/A,N/A,N/A,2432309201
Adyar Ananda Bhavan,restaurant,13.0229372,77.5848295,"Bellary Road, Bangalore, 560032",+91 80 4151 5454,https://aabsweets.com,info@aabsweets.com,2458999135
Rathna Kushka Center,restaurant,13.1005731,77.5881723,560064,N/A,N/A,N/A,2467309538
California Burrito,restaurant,12.9941909,77.6606796,"The Bay, RMZ Infinity, Swamy Vivekananda Road, Bangalore, 560016",N/A,https://www.californiaburrito.in/,N/A,2480865063
New Priya Bar & Restaurant,bar,12.9736839,77.5304612,"Amarjyothi nagar, Nagarabhavi Road, Bangalore, 560040",N/A,N/A,N/A,2480869556
Royal's Coffe House,cafe,12.9709921,77.5368677,"Near Metro Station, Vijaynagar, Chord Road, Bangalore, 560040",N/A,N/A,N/A,2483744075
Ammi's Biryani,restaurant,12.9607284,77.5284077,"Opp HP Petrol Pump, Chandra Layout, Vijayanagar, 4th Main Road, Bangalore, 560040",N/A,N/A,N/A,2485930886
Polar Bear,cafe,12.9602967,77.5302803,"Near Attiguppe Bus Stop, Chandra Layout, Bangalore, 560040",N/A,N/A,N/A,2486109003
Panchavati,restaurant,12.9728225,77.537934,"Service Road, Near Vijayanagar Bus Stop, Vijayanagar, Chord Road, Bangalore, 560040",N/A,N/A,N/A,2487658331
Hotel Karavali,restaurant,12.9728818,77.5400131,"Vijayanagar, 5th Main, Bangalore, 560040",N/A,N/A,N/A,2487658334
Alemane Cane Juice,cafe,12.9728604,77.5392872,N/A,N/A,N/A,N/A,2487658335
Gokul Veg,restaurant,12.9727493,77.5389814,"Above Food World, Vijayanagar, Service Road, Bangalore, 560040",N/A,N/A,N/A,2487658336
You Mee,restaurant,13.0118346,77.5553934,"Upper Ground Floor, Orion Mall, Dr. Rajkumar Road, Bangalore",N/A,N/A,N/A,2489042433
Vinegar,restaurant,13.0114881,77.5553553,"Upper Gground Floor, Orion Mall, Dr. Rajkumar Road, Bangalore",N/A,N/A,N/A,2489042437
Hotel Grand Bee,hotel,13.0200701,77.5544961,N/A,N/A,N/A,N/A,2492263972
Hotel Safina,hotel,12.9796492,77.6070313,"Safina Plaza, Main Guard Cross Road, Bangalore",N/A,N/A,N/A,2496916038
Cafe Coffe Day,cafe,12.9818276,77.6092079,"Shivajinagar, Commercial Street, Bangalore",N/A,N/A,N/A,2496920257
Shiv Sagar,restaurant,12.9819355,77.6082221,"Shivajinagar, Commercial Street, Bangalore",N/A,N/A,N/A,2496920271
Fresh and ground,cafe,12.989651,77.5377152,"Opp Bank of India, Basaveshwara Nagar, 1st main Basaveshwaranagar, Bangalore",N/A,N/A,N/A,2497073991
Brahmins,restaurant,12.8918378,77.5795358,N/A,N/A,N/A,N/A,2505556376
Bageecha Family Restaurant,restaurant,12.955947,77.7117133,N/A,+91 80 2852 5124,http://www.bageecha.net.in/,N/A,2510955873
Deckers Lane,restaurant,12.9546737,77.7152773,N/A,N/A,N/A,N/A,2510960095
Rajadhani Pub,pub,12.9787644,77.5750024,"Rajadhani Restaurant, Subedar Chatram Road, Gandhi Nagar, Bangalore",N/A,N/A,N/A,2513569162
Skipper Bar & REstaurant,bar,12.9787148,77.5743399,"4th Cross, Gandhi Nagar, Bangalore",N/A,N/A,N/A,2513569163
Gandharva Upahāra,restaurant,12.9787017,77.5742352,"4th Cross, Beṅgaḷūru",N/A,N/A,N/A,2513569165
Rajath Lodge,hotel,12.9786599,77.5740904,"4th Cross, Gandhi Nagar, Bangalore",N/A,N/A,N/A,2513569166
Durga Bar & Restaurant,bar,12.9786625,77.5739751,"4th Cross, Gandhi Nagar, Bangalore",N/A,N/A,N/A,2513569168
Sajjan Lodge,hotel,12.9772171,77.5766278,"Opp Gubbi Veeranna Nataka, 2nd Cross Road, Gandhi Nagar, Bangalore",N/A,N/A,N/A,2513569256
Hotel Savaji's,restaurant,12.9737304,77.543367,"Above Citi Bank ATM, Vijayanagar, Chord Road, Bangalore",N/A,N/A,N/A,2513711714
Beijing Bites,restaurant,12.9606895,77.5287669,"Chandra Layout, 4th Main Road, Bangalore",N/A,N/A,N/A,2514705826
Chang Bar & Restaurant,bar,12.9610189,77.5268678,"Chandra Layout, 4th Main Road, Bangalore",N/A,N/A,N/A,2514705830
Grand Mercure,hotel,12.9290137,77.6276776,N/A,080 45121212,N/A,N/A,2518837260
Cafe Coffee Day,cafe,12.9303605,77.6228604,N/A,N/A,N/A,N/A,2531029517
New Prashanth Hotel,restaurant,12.9985477,77.5510414,N/A,N/A,N/A,N/A,2531808714
The Basil,hotel,12.9937001,77.571322,N/A,N/A,N/A,N/A,2536347654
Sri Ganesh Bake Paradise,restaurant,13.1070925,77.5756631,N/A,N/A,N/A,N/A,2537631631
Sagar Fast Food,restaurant,12.9305918,77.6229717,N/A,N/A,N/A,N/A,2542686704
Royal Shades,hotel,12.9621219,77.6492356,N/A,N/A,N/A,N/A,2550216927
Crane Crush,cafe,12.9855811,77.5556847,N/A,N/A,N/A,N/A,2554302439
Ammi's Biryani,restaurant,12.8985744,77.6217071,N/A,N/A,N/A,N/A,2558557178
Woody's,restaurant,12.9655171,77.5949458,N/A,N/A,N/A,N/A,2577055910
Sandhya Lodge,hotel,12.9797725,77.5747917,N/A,N/A,N/A,N/A,2577099281
Hotel Grand Inn,hotel,12.9770921,77.5795669,N/A,N/A,N/A,N/A,2595576199
Shezan,restaurant,12.9736811,77.5987096,Lavelle Road,N/A,N/A,N/A,2600844368
High Court Canteen,restaurant,12.9790476,77.5935254,N/A,N/A,N/A,N/A,2600844534
Moriz,restaurant,12.9647792,77.7177517,N/A,N/A,N/A,N/A,2607686402
Hotel Check Inn,hotel,13.0209593,77.5844241,N/A,N/A,N/A,N/A,2613279609
Cafe Coffee Day,cafe,13.007962,77.658766,"2nd Main Rd, B Channasandra, Kasturi Nagar, Bangalore, 560043",N/A,N/A,N/A,2614285176
Karma Foods,restaurant,12.9584438,77.7188999,N/A,N/A,N/A,N/A,2614426550
Cheeky Bites,restaurant,12.956305,77.7199388,N/A,N/A,N/A,N/A,2614427986
Ekaa,hotel,12.8900044,77.6398044,N/A,N/A,www.hotelekaa.com,N/A,2615897555
Kerala Coast,restaurant,13.053347,77.5980418,N/A,N/A,N/A,N/A,2616233221
Bakasur,restaurant,12.9870223,77.7359581,N/A,N/A,N/A,N/A,2619331787
Punjabi by Nature 2.0,restaurant,12.987086,77.7369762,N/A,N/A,N/A,N/A,2619331789
Melange,restaurant,12.8899711,77.6398117,N/A,N/A,N/A,N/A,2620621558
Green Chillies,restaurant,12.8922631,77.5814764,N/A,N/A,N/A,N/A,2621198134
Bliss Chocolate Lounge,cafe,12.9596154,77.7475746,N/A,N/A,N/A,N/A,2623251197
Sweet Chariot Cafe,cafe,13.0218163,77.657739,N/A,N/A,N/A,N/A,2624184578
Daily Bread,cafe,13.0185804,77.6534032,N/A,N/A,N/A,N/A,2624203093
Cafe Coffee Day,cafe,13.0189051,77.6567845,N/A,N/A,N/A,N/A,2624209440
Chung Wak,restaurant,13.0217627,77.6577043,N/A,N/A,N/A,N/A,2625722535
Hotel Raj Elegance,hotel,13.0388864,77.6249175,N/A,N/A,N/A,N/A,2627097325
Dosa Corner,restaurant,12.927382,77.5764857,N/A,N/A,N/A,N/A,2627955741
Watson's Pub,pub,12.9943998,77.5945632,"M V Jayaram Road, Bangalore, 560052",N/A,N/A,N/A,2631157903
Maiyas,restaurant,13.0020277,77.5707457,N/A,N/A,http://www.maiyas.in/,N/A,2631196051
Chefmaster,restaurant,12.9237751,77.5969146,N/A,N/A,N/A,N/A,2638243343
New Shanthi Sagar,restaurant,12.9302771,77.5831394,N/A,N/A,N/A,N/A,2638262803
Arbor Brewing Company,pub,12.9703092,77.6109836,"Magrath Road, Bangalore, 560025",+91 80501 44477,https://www.arborbrewing.in/,N/A,2641818345
Saaga,restaurant,13.0371532,77.5896694,"Bellary Road, Bangalore",N/A,N/A,N/A,2642013545
The Royal Senate,hotel,13.0364837,77.5895892,"Bellary Road, Hebbal, Bengaluru, 560024",N/A,http://theroyalsenate.com,info@theroyalesenate.com,2642013546
Starbucks,cafe,12.9351849,77.6135299,N/A,N/A,https://www.starbucks.com/,N/A,2647774013
Adyar Ananda Bhavan,restaurant,12.9218455,77.5854901,"38th Cross Road, Bangalore, 560041",+91 80 4167 3999,https://aabsweets.com,N/A,2649089252
Cafe Coffee Day,cafe,12.9218091,77.5893861,N/A,N/A,N/A,N/A,2649089254
Blend - Royal Orchid Suites,restaurant,12.9667754,77.7512305,N/A,N/A,N/A,N/A,2653690146
Unnamed Spot,restaurant,13.0267368,77.5871118,N/A,N/A,N/A,N/A,2666006577
Athithyam,restaurant,12.9210453,77.5835608,N/A,N/A,N/A,N/A,2677342250
New Tandoori Point,restaurant,12.9569985,77.7032975,N/A,N/A,N/A,N/A,2678556603
New Surya Sweets,restaurant,12.9250286,77.6143616,"Maruthi Nagar Main Road, Bangalore, 560068",N/A,N/A,N/A,2694347072
The Biere Street,pub,12.9626309,77.7507675,"Whitefield Main Road, Bangalore, 560066",+91 9845887454,http://www.thebiereclub.com/,N/A,2696072363
Ambur Biriyani,restaurant,12.9308439,77.6226408,"Mahayogi Vemana Road, Bangalore, 560034",N/A,N/A,N/A,2700229003
Cafe Rossini,cafe,13.0273584,77.5763017,N/A,N/A,N/A,N/A,2702151800
Cafe Coffee Day,cafe,12.9555976,77.7198567,N/A,N/A,N/A,N/A,2720459297
Ground Up Coffee,cafe,12.9378458,77.5852753,N/A,N/A,N/A,N/A,2727229635
Cuppa,cafe,12.9409838,77.5850433,N/A,N/A,N/A,N/A,2727229637
Rastarasta.com,cafe,13.020785,77.6435221,"80 feet road babusapalya main road Kalyan Nagar, Bangalore, 560043",N/A,N/A,N/A,2730805923
Unnamed Spot,restaurant,12.9392013,77.695393,Outer Ring Road,N/A,N/A,N/A,2738839665
Black Pearl,restaurant,12.9344918,77.6160061,N/A,N/A,N/A,N/A,2746556770
The Monarch Luxor Hotel,hotel,12.9801755,77.6049823,N/A,N/A,N/A,N/A,2771736630
Ganesh Uphaar,restaurant,13.0933876,77.6007265,"Shivanahalli main road, Bangalore, 560064",N/A,N/A,N/A,2817011517
Guru Garden Restaurant,restaurant,12.8911903,77.5981332,N/A,N/A,N/A,N/A,2835792671
Woody's,restaurant,12.9818715,77.6094935,Commercial Street,N/A,N/A,N/A,2868082724
Adyar Ananda Bhavan,restaurant,12.9835135,77.7520657,"Arya Hub, Whitefield Main Road, Bangalore, 560068",+91 44 42333333,https://aabsweets.com,N/A,2876319736
Canyin,restaurant,13.0271848,77.571876,N/A,N/A,N/A,N/A,2896563906
A1 Rice Bowl,restaurant,13.0282899,77.5714773,N/A,N/A,N/A,N/A,2897376820
Khan Saheb,restaurant,12.9714443,77.6350673,N/A,N/A,N/A,N/A,2901080141
Udupi Krishna Vihar,restaurant,12.9117776,77.6006489,2nd Main,N/A,N/A,N/A,2901127015
Manjunatha Refreshments,restaurant,12.9171114,77.6337407,N/A,N/A,N/A,N/A,2901145092
Empire,restaurant,12.91519,77.6355368,"14th Cross Road, Bengaluru, 560102",080 49652114,N/A,N/A,2901145730
Star Biryani,restaurant,12.914592,77.6367272,"13th Main Road, Bengaluru",N/A,N/A,N/A,2901369804
Swathi Spice and Ice,restaurant,12.9165146,77.6355216,N/A,N/A,N/A,N/A,2901369806
Unnamed Spot,pub,12.9619603,77.6420069,N/A,N/A,N/A,N/A,2901507966
Bootleggers,pub,12.9712735,77.5974847,N/A,N/A,N/A,N/A,2907543445
Empire Hotel,restaurant,13.0169921,77.5914678,N/A,N/A,N/A,N/A,2911691002
Coral Tree by Goldfinch,hotel,13.0174207,77.5916073,N/A,N/A,N/A,N/A,2911691004
Kudla,restaurant,13.0174262,77.5916716,N/A,N/A,N/A,N/A,2911691005
Adiga's,restaurant,13.0168458,77.591398,N/A,N/A,N/A,N/A,2911691006
By-two Coffee,cafe,12.9649244,77.5387391,"5th Main, Vijayanagar, Bangalore, 560040",9844086711/9880428819,N/A,N/A,2914218960
Denny's,restaurant,12.9164737,77.596929,N/A,N/A,N/A,N/A,2934044443
Kabab Magic,restaurant,12.9162385,77.5970407,N/A,N/A,N/A,N/A,2934044447
The Pongal,restaurant,12.9158974,77.5967626,N/A,N/A,N/A,N/A,2934044450
Shanthi Sagar,restaurant,12.9136768,77.5859029,N/A,N/A,N/A,N/A,2934051707
Siddhas Veg,restaurant,12.9123213,77.5855908,N/A,N/A,N/A,N/A,2934051708
Church Street Social,restaurant,12.9757617,77.6026084,"Cobalt Building, Church Street, Ashok Nagar, Bangalore, 560001",N/A,N/A,N/A,2937454027
Clay Oven Restaurant,restaurant,12.891268,77.5816626,N/A,N/A,N/A,N/A,2951208680
Bejing Bites,restaurant,12.8922835,77.5982384,N/A,N/A,N/A,N/A,2962764486
Shanthi Sagar,restaurant,12.9088477,77.5486338,N/A,N/A,N/A,N/A,2984282932
Liquor Paradise,bar,12.9092276,77.5630344,N/A,N/A,N/A,N/A,2985825981
Ganesh Juice Center,cafe,12.9112765,77.5670395,N/A,N/A,N/A,N/A,2986412023
Shri Banashankari Darshini,restaurant,12.9048653,77.5657348,N/A,N/A,N/A,N/A,2986480256
New Uduppi Hotel,restaurant,12.983624,77.769089,N/A,N/A,N/A,N/A,2987148102
Monish Corner,restaurant,12.9266584,77.5199911,N/A,N/A,N/A,N/A,2996236143
Daysie,restaurant,12.9722421,77.6184419,"Ramanashree Arcade, MG Road, Ashok Nagar, Bangalore, 560025",+91 080 47250 000,https://daysie.in/,N/A,2999559155
Cafe Coffee Day,cafe,12.9287251,77.5912567,N/A,N/A,N/A,N/A,3004782370
Black Pepper Lounge,restaurant,12.9363204,77.6222034,"17th E Main, Bangalore, 560095",N/A,N/A,N/A,3013765074
Spice Stories,restaurant,12.956002,77.6416096,N/A,N/A,N/A,N/A,3016090363
Pizza Hut,restaurant,12.9061288,77.593146,N/A,N/A,N/A,N/A,3016090369
Chamundeshwari Coffee,cafe,12.9659456,77.5924964,"Chidananda Maharashi Ashram Road, Bangalore, 560027",N/A,N/A,N/A,3019535004
Athithi Andhra Style Restaurant,restaurant,12.8885816,77.5970487,N/A,N/A,N/A,N/A,3019860765
Bengaliana,restaurant,12.8897004,77.5974903,N/A,N/A,N/A,N/A,3019860767
Dadi's Dum Biryani,restaurant,12.8897164,77.5975027,"Bannerghatta Road, Bangalore, 560076",+917090377777,N/A,N/A,3019860773
Pizza Hut,restaurant,12.8895058,77.5974312,N/A,N/A,N/A,N/A,3019860778
Zanghs Dynasty,restaurant,12.890143,77.5976943,N/A,N/A,N/A,N/A,3019860787
Sufiyan,restaurant,12.8922596,77.5983606,N/A,N/A,N/A,N/A,3019918467
Hot Burg,restaurant,12.892252,77.5983398,N/A,N/A,N/A,N/A,3019919812
Chowman,restaurant,12.9232047,77.6711807,N/A,N/A,N/A,N/A,3022109714
Starbucks,cafe,12.90602,77.5937277,N/A,N/A,N/A,N/A,3022109715
Wangs Kitchen,restaurant,12.9061196,77.5926081,N/A,N/A,N/A,N/A,3024944754
Eden Park Restaurant,restaurant,12.9234752,77.5852645,N/A,N/A,N/A,N/A,3024967811
Sweet Chariot,cafe,12.9683557,77.6512329,"7th Cross 10th main, Bangalore, 560075",N/A,N/A,N/A,3047997926
Wine Baron,bar,12.9296028,77.5628234,N/A,N/A,N/A,N/A,3118296968
Kwality'S Ice Cream Parlour,restaurant,12.9241055,77.5671349,N/A,N/A,N/A,N/A,3121611749
Ammys Biriyani,restaurant,12.8896399,77.5633218,N/A,N/A,N/A,N/A,3125514991
Pallavi,restaurant,12.9045616,77.5057926,N/A,N/A,N/A,N/A,3125514995
Carnival De Goa,restaurant,12.9750047,77.6200027,N/A,N/A,N/A,N/A,3170025557
Ayda,restaurant,12.9742729,77.607273,"Church Street, Bangalore",N/A,N/A,N/A,3170060228
Chai Point,cafe,12.9224971,77.668466,N/A,N/A,N/A,N/A,3170077781
Gopal Jee,restaurant,12.9245494,77.6743341,N/A,N/A,N/A,N/A,3170080378
Chevron Orchards Hotel,hotel,13.0108784,77.5788998,"9th Main Road, 6th A Cross Street, Sadashivnagar, Bangalore, 560080",N/A,https://www.thechevronhotels.com/orchards/,N/A,3173482714
Cafe Coffee Day,cafe,13.0053577,77.5810409,N/A,N/A,N/A,N/A,3193511367
Sri Devi Café,restaurant,12.9977551,77.6205782,N/A,N/A,N/A,N/A,3193521628
Lou Han,restaurant,12.9159911,77.6513702,"13th Cross, Bangalore, 560102",N/A,N/A,N/A,3198533405
Napoli,restaurant,12.9160016,77.6519298,"27th Main, Bangalore, 560102",N/A,N/A,N/A,3198549998
Greasy Spoon,restaurant,12.9168988,77.6515537,"27th Main, Bangalore, 560102",N/A,N/A,N/A,3198561995
Just momo,restaurant,12.912101,77.6485607,17th Cross,N/A,N/A,N/A,3198577860
Wang's Kitchen,restaurant,12.9124615,77.6517484,"27th Main, BENGALURU",N/A,N/A,N/A,3198578925
Adyar Ananda Bhavan,restaurant,12.9137923,77.6374114,"14th Main Road, Bangalore, 560102",+91 98869 52681,https://www.aabsweets.in,info@aabsweets.com,3198599095
Pizza Hut,restaurant,12.9122107,77.6377107,17th Cross,N/A,N/A,N/A,3198606756
Calvins,restaurant,12.9122576,77.6375965,N/A,N/A,N/A,N/A,3198609226
Hotel Sanman,restaurant,12.98415,77.5781517,N/A,N/A,N/A,N/A,3198616661
Goli,restaurant,12.9908478,77.6800019,"PWD Road, Bangalore",+919742885333,N/A,N/A,3204483729
Biryani House,restaurant,13.0413885,77.6223832,N/A,N/A,N/A,N/A,3207060489
Nammoora,restaurant,12.9045002,77.5888265,"22nd Main, Marenahalli Extension, 2nd Phase, JP Nagar, Bangalore",08026490077,N/A,N/A,3208555392
California Burritos,restaurant,12.9341751,77.6170762,N/A,N/A,N/A,N/A,3211789974
Pizza Hut,restaurant,12.9117609,77.6816564,N/A,N/A,N/A,N/A,3217667995
Funky Punjab,restaurant,12.9001563,77.585937,N/A,N/A,N/A,N/A,3217683310
Vasantha Grand,restaurant,12.9043815,77.5858999,N/A,N/A,N/A,N/A,3217683311
Vinaya Cafe,restaurant,12.9058961,77.5802982,N/A,N/A,N/A,N/A,3220550248
Sreeraj Lassi Bar,cafe,12.9844175,77.6033409,N/A,N/A,N/A,N/A,3226589031
Karavali Garden Restaurant,restaurant,12.9044659,77.5802459,N/A,N/A,N/A,N/A,3226825473
Bhagini,restaurant,12.9398646,77.6959322,N/A,N/A,N/A,N/A,3237596895
Pizza Hut,restaurant,12.9389751,77.6953137,N/A,N/A,N/A,N/A,3239060994
Happy Endings,cafe,12.9245757,77.6729089,N/A,N/A,N/A,N/A,3245631492
Chalo Punjab,restaurant,12.9241101,77.671697,N/A,N/A,N/A,N/A,3245631791
Ruh,restaurant,12.9245431,77.6728693,N/A,N/A,N/A,N/A,3251598601
Dosa Time,cafe,12.9147042,77.6760561,N/A,N/A,N/A,N/A,3255146520
Juice,cafe,12.9147382,77.6760668,N/A,N/A,N/A,N/A,3255146521
Chat & More,cafe,12.9147905,77.6760749,N/A,N/A,N/A,N/A,3255146522
Blue Rock's Fusion Restaurant and Bar,restaurant,12.9146917,77.6760958,N/A,+9108951795558,N/A,N/A,3255176718
Cafe Coffee Day,cafe,12.9757451,77.6046148,N/A,N/A,N/A,N/A,3257966389
Signature Inn,hotel,12.9731115,77.5701532,Old Taluk Cutchery Road,N/A,N/A,N/A,3277990508
Bob's Bar,pub,12.9671468,77.6412417,N/A,N/A,N/A,N/A,3280223481
D'Lish,restaurant,12.9765959,77.5706263,Gubbi Thotadappa Road,N/A,N/A,N/A,3283293168
Adhishakthi,restaurant,12.9729868,77.5700133,Old Taluk Cutchery Road,N/A,N/A,N/A,3286297186
District 6,pub,13.0124022,77.55478,N/A,N/A,N/A,N/A,3286300926
Jalsa,restaurant,12.9263463,77.5647627,N/A,N/A,N/A,N/A,3294398729
Odia Dyne,restaurant,12.9563085,77.6560269,N/A,N/A,N/A,N/A,3298916258
Darshan Bar,bar,12.9549596,77.6532881,N/A,N/A,N/A,N/A,3300076796
J's Pastas n Pizzas,restaurant,12.9558936,77.6535219,N/A,N/A,N/A,N/A,3300076798
Srinidhi Sagar,restaurant,12.9607933,77.64587,N/A,N/A,N/A,N/A,3304100396
Nandini Cool Joint,restaurant,12.9110059,77.6444953,N/A,N/A,N/A,N/A,3304204495
Chung Wah,restaurant,13.0285702,77.5714972,N/A,N/A,N/A,N/A,3307010962
Diya Family Restaurant,restaurant,12.9571881,77.6550651,N/A,N/A,N/A,N/A,3309207333
Akshaya Veg,restaurant,12.9565128,77.6537159,N/A,N/A,N/A,N/A,3313847821
Brahmin's Thatte Idli,restaurant,13.0268022,77.5794516,N/A,N/A,N/A,N/A,3316943067
Adyar Ananda Bhavan,restaurant,13.04098,77.6243953,"Thanisandra Main Road, Bengaluru, 560045",918025448999,https://aabsweets.com,N/A,3328011093
Status,restaurant,12.953121,77.652908,N/A,N/A,N/A,N/A,3340457186
Status,hotel,12.9531464,77.652966,N/A,N/A,N/A,N/A,3340457187
Udipi Park,restaurant,12.9530588,77.652888,N/A,N/A,N/A,N/A,3340457188
Richies Rahhams Families International,restaurant,13.000752,77.6131248,N/A,N/A,N/A,N/A,3342219979
Big Mummy,restaurant,12.96257,77.6432823,"17th B Main, Bengaluru, 570008",N/A,N/A,N/A,3355272069
Nandu Biryani Corner,restaurant,12.9627703,77.6424953,"17th B Main, Bengaluru, 570008",N/A,N/A,N/A,3355272070
Starbucks,cafe,12.9745524,77.6073356,N/A,N/A,N/A,N/A,3355609489
Kavya Sagar,restaurant,12.9582479,77.6146254,N/A,N/A,N/A,N/A,3361649542
Skyye,bar,12.9715333,77.5963921,"Vittal Mallya Road, Bangalore",N/A,N/A,N/A,3361712098
MTR 1924,restaurant,12.9805426,77.6405571,N/A,N/A,N/A,N/A,3369857851
Cafe Coffee Day,cafe,12.9781425,77.6387579,Chinmaya Mission Hospital Road,N/A,N/A,N/A,3369890731
Tadka Singh,restaurant,12.9781375,77.638642,"Chinmaya Mission Hospital Road, Bangalore, 560038",+91 76761 21212,http://www.tadka-singh.in/,N/A,3369890732
Chinita,restaurant,12.9810472,77.6371441,"Indiranagar Double Road, Bangalore, 560038",+91 96865 51896,https://www.chinita.in/,N/A,3369940349
Paakashala,restaurant,12.9811616,77.6371262,2nd Main,N/A,N/A,N/A,3369940351
Dosa Camp,restaurant,12.9797703,77.6393433,N/A,N/A,N/A,N/A,3369957258
Adupadi,restaurant,12.9788158,77.6365941,N/A,N/A,N/A,N/A,3370003811
Lajawaab,restaurant,12.9782871,77.6426631,N/A,N/A,N/A,N/A,3370020257
Rasa India,restaurant,12.9782063,77.6431582,N/A,N/A,N/A,N/A,3370020259
Cafe Max,restaurant,12.9783994,77.6443108,Chinmaya Mission Hospital Road,N/A,N/A,N/A,3370028599
Esplanade,restaurant,12.978961,77.636588,N/A,N/A,N/A,N/A,3370028965
Shalimar,hotel,12.9783904,77.6373978,N/A,N/A,N/A,N/A,3370028971
Istanbul Doner Turkish Grill,restaurant,12.9821282,77.6395715,N/A,N/A,N/A,N/A,3370115618
Durga Andhra Mess (Veg/Non-Veg),restaurant,12.9804418,77.6391466,N/A,N/A,N/A,N/A,3370171473
Food Town,restaurant,12.9822114,77.6391056,N/A,N/A,N/A,N/A,3370171475
Nagarjuna,restaurant,12.9774668,77.6363765,Indiranagar Double Road (Paramahansa Yogananda road),N/A,N/A,N/A,3370279043
Imperial Restaurant,restaurant,12.9755127,77.6360648,Indiranagar Double Road (Paramahansa Yogananda road),N/A,N/A,N/A,3370283251
Aishwarya Bar N Restaurant,bar,12.9741726,77.6357187,N/A,N/A,N/A,N/A,3370453171
Annapoorani,restaurant,12.97475,77.635825,N/A,N/A,N/A,N/A,3370453172
Barebones,restaurant,12.9801713,77.6405925,N/A,N/A,N/A,N/A,3371304648
Coffee Club,cafe,13.0189413,77.5708021,N/A,N/A,N/A,N/A,3371410044
Swathi,restaurant,12.9891614,77.5722338,N/A,N/A,N/A,N/A,3371785036
The Himalayan Inn,hotel,12.9787061,77.6369437,N/A,N/A,N/A,N/A,3374298878
Punjabi Rasoi,restaurant,12.9821972,77.6388396,N/A,N/A,https://www.thepunjabirasoi.com/,N/A,3380959471
Sri Upahara,restaurant,12.9105018,77.5816131,N/A,N/A,N/A,N/A,3381393099
Meghana Foods,restaurant,12.9728223,77.6091815,"Field Marshal Cariappa Road, Bengaluru, 560025",N/A,N/A,N/A,3384450215
Regenta Inn,hotel,12.9830426,77.6401968,N/A,N/A,https://www.royalorchidhotels.com/regenta-inn-indiranagar-bangalore/overview,N/A,3389094351
Curries and Pickles,restaurant,12.9822012,77.6382936,N/A,N/A,N/A,N/A,3389131746
Hotel Annakuteera vegetarian,restaurant,12.962822,77.5764714,N/A,N/A,N/A,N/A,3391135051
New Sagar Fast Food & Party Hall,restaurant,12.9899339,77.5526805,N/A,N/A,N/A,N/A,3391135057
H.S.M Iyengar,cafe,12.910505,77.5820811,N/A,N/A,N/A,N/A,3393485027
Paakashala,restaurant,12.9106315,77.584622,"1st Phase, JP Nagar, Bangalore",N/A,https://paakashala.com/,N/A,3393504221
Spicy Tree,restaurant,12.9106137,77.5805904,N/A,N/A,N/A,N/A,3393511032
Rolls of heaven,restaurant,12.9110226,77.578561,N/A,N/A,N/A,N/A,3393529951
Sri Devi,restaurant,12.9108461,77.5782827,N/A,N/A,N/A,N/A,3393529952
Sunrise Restaurant,restaurant,12.9110743,77.5780397,N/A,N/A,N/A,N/A,3393531563
Aditya Hotel,restaurant,13.0019334,77.5784395,N/A,N/A,N/A,N/A,3399331050
Swathi hotel,hotel,12.9256581,77.6006309,N/A,N/A,N/A,N/A,3400223197
F A Tea stall,cafe,13.0183459,77.5572174,N/A,N/A,N/A,N/A,3400223536
Five Star Veg,restaurant,13.0069934,77.5693219,N/A,N/A,N/A,N/A,3400223537
Five Star Chicken,restaurant,13.0070927,77.5693166,N/A,N/A,N/A,N/A,3400224073
Hotel Aradhana,restaurant,12.9115865,77.6002227,N/A,N/A,N/A,N/A,3401671688
Sri Nanjundeshwara bar and restaurant,bar,12.9112404,77.6001886,N/A,N/A,N/A,N/A,3403067274
Shri Lakshmi Darshini,restaurant,12.9113058,77.6001591,N/A,N/A,N/A,N/A,3403067275
Prasanna bar and restaurant,restaurant,12.9113345,77.6001135,N/A,N/A,N/A,N/A,3403067460
Cafe Coffee Day,cafe,12.9898332,77.5561709,N/A,N/A,N/A,N/A,3412397362
Holy Smoke,restaurant,12.9103456,77.6097988,N/A,N/A,N/A,N/A,3422057411
Aahar Bhavan - Veg Hotel,hotel,12.9102961,77.6063748,N/A,N/A,N/A,N/A,3424841462
Sri Ananda Bhavan,restaurant,12.9944143,77.6631498,N/A,N/A,N/A,N/A,3451568023
Sri Krishna Grand,restaurant,12.9938792,77.6622186,N/A,N/A,N/A,N/A,3451568025
Basaveshwara Khanavali,restaurant,12.9944662,77.6632297,"Benniganahalli, Bangalore, 560016",N/A,N/A,N/A,3451568043
Sai Shiv Sagar,restaurant,12.9950242,77.662944,N/A,N/A,N/A,N/A,3451583670
Nellore Mess,restaurant,12.994594,77.6634203,"Benniganahalli, Bangalore, 560016",N/A,N/A,N/A,3451678764
Annapurna,restaurant,12.95904,77.6382864,N/A,N/A,N/A,N/A,3453556764
Kerela Pavilion,restaurant,12.9603147,77.6371987,N/A,N/A,N/A,N/A,3453556775
Under The Tree,restaurant,12.9592176,77.6385092,N/A,N/A,N/A,N/A,3453556789
Tamarind House,restaurant,12.9591069,77.6383016,N/A,N/A,N/A,N/A,3453558193
Smoke House Deli,restaurant,12.9715104,77.5983259,"Lavelle Road, Bangalore",N/A,N/A,N/A,3458333999
Bangalore Brew Works,pub,12.9680185,77.6019458,"FM Cariappa Road (Residency Road), Bengaluru",+91 97422 11446,N/A,N/A,3458335906
Brewberrys,pub,12.9254043,77.674814,N/A,N/A,N/A,N/A,3463468415
Annapoorneshwari Mess,restaurant,12.9819249,77.6395066,N/A,N/A,N/A,N/A,3470923201
Classic Biriyani Center,restaurant,12.92478,77.6746246,N/A,N/A,N/A,N/A,3477797685
Mani's Dum Biriyani,restaurant,12.9242898,77.6737254,N/A,N/A,https://manis.in,N/A,3477797826
Ibaco,cafe,13.0374157,77.5661276,"5th Main, Bangalore, 560094",+91 9535710883,N/A,N/A,3483711802
Café Coffee Day,cafe,12.9193173,77.5041769,N/A,N/A,N/A,N/A,3485239573
Unnamed Spot,restaurant,12.9320659,77.6182289,N/A,N/A,N/A,N/A,3490677257
Aastha Mess,restaurant,13.0218114,77.5586653,N/A,N/A,N/A,N/A,3493124417
Thanco's Natural Ice Cream,restaurant,13.027416,77.5610663,N/A,N/A,N/A,N/A,3493124418
Chocolate Lounge,cafe,12.9705433,77.642076,N/A,N/A,N/A,N/A,3496426170
Mast Kalandar,restaurant,12.9548274,77.6415855,N/A,N/A,N/A,N/A,3497321173
Ambur Biriyani,restaurant,12.9582235,77.6415281,N/A,N/A,N/A,N/A,3497378218
Chef Inn Regency,restaurant,12.95771,77.6416441,N/A,N/A,N/A,N/A,3497378219
Shabari Tea Stall,cafe,12.9580508,77.641507,N/A,N/A,N/A,N/A,3497378222
Sanjeevanam,restaurant,12.9254221,77.6194529,N/A,N/A,N/A,N/A,3507444982
Juice Maker,cafe,12.9417768,77.6215095,"Koramangala 8th Block, Nanjappa Reddy Layout,, Koramangala, 560095",N/A,N/A,N/A,3510015824
Dyu Art Cafe,cafe,12.9371896,77.6176798,"KHB Colony, Next To Mangala Kalyana Mantapa 5th Block Adugodi Road, Koramangala 8th Block, Koramangala, 560030",N/A,N/A,N/A,3510047245
Juicy,cafe,12.9360891,77.6159498,"80 Feet Road, 5th Block, Koramangala, 560095",N/A,N/A,N/A,3510053759
Momoz,restaurant,12.9359584,77.6162475,"5th Block, 80 Feet Road, Koramangala, 560095",+91 80 41739353,N/A,N/A,3510063809
Chai Point,cafe,12.9346905,77.6159203,"Koramangala 5th Block, Koramangala, 560095",N/A,N/A,N/A,3510063810
California Pizza Kitchen,restaurant,12.9344396,77.6160195,"1A Cross Road, Koramangala Industrial Layout, Koramangala, Koramangala, 560095",N/A,N/A,N/A,3510063811
Sharekhan Restaurant,restaurant,12.9187187,77.6491667,N/A,N/A,N/A,N/A,3510874140
Magic Inn,hotel,12.9786795,77.6955571,N/A,N/A,N/A,N/A,3512337726
Tea Coffee,cafe,12.8996006,77.4958799,N/A,N/A,N/A,N/A,3512417933
Sathkar Cafe,cafe,12.9589736,77.6628578,N/A,N/A,N/A,N/A,3513207640
Indiradarshini,cafe,13.0036378,77.6166655,N/A,N/A,N/A,N/A,3526180140
Meghana Foods,restaurant,12.9496216,77.6997317,N/A,N/A,N/A,N/A,3540823601
Mast Kalandar,restaurant,12.9255448,77.6762576,N/A,N/A,N/A,N/A,3540944743
Cafe Coffee Day,cafe,13.0334985,77.5309521,N/A,N/A,N/A,N/A,3541170091
PSR Andhra Style Restaurant,restaurant,13.0374407,77.5225394,N/A,N/A,N/A,N/A,3541202412
Barbeque Nation,restaurant,12.9481695,77.6986773,N/A,N/A,N/A,N/A,3541605986
Hotel Scarlet,hotel,12.9497498,77.6991506,N/A,N/A,N/A,N/A,3541633254
Anjappar,restaurant,12.9506209,77.6999061,N/A,N/A,N/A,N/A,3541742496
Spice World,restaurant,12.9504495,77.6999604,N/A,N/A,N/A,N/A,3541742497
Jimi's,restaurant,12.9504952,77.699942,N/A,N/A,N/A,N/A,3541742498
Barkaas Indo Arabic Restaurant,restaurant,12.9512065,77.6994054,N/A,N/A,N/A,N/A,3541784356
Beige,pub,12.9528725,77.6995276,N/A,N/A,N/A,N/A,3541798346
Wareabouts Grill & Lounge,restaurant,12.9517332,77.6994362,N/A,N/A,N/A,N/A,3541798348
Tandoori Junction,restaurant,12.9517821,77.7001004,N/A,N/A,N/A,N/A,3541874777
Bhagini Palace,pub,12.9517442,77.700091,N/A,N/A,N/A,N/A,3541874778
Nanda's,restaurant,12.9515881,77.7000708,N/A,N/A,N/A,N/A,3541884418
The Grand Adigas Residency,hotel,12.9296589,77.6851578,N/A,N/A,N/A,N/A,3545949795
Unnamed Spot,cafe,12.9629426,77.5875693,3rd Cross Road,N/A,N/A,N/A,3546180333
Bhavani Tiffin Center,restaurant,12.9862102,77.5741379,N/A,N/A,N/A,N/A,3549831014
Chung Wah,restaurant,13.0279983,77.5726967,N/A,N/A,N/A,N/A,3555811424
Sree Manjunatha Coffee Bar,cafe,12.9824022,77.6376847,N/A,N/A,N/A,N/A,3556046875
Ambur Biriyani,restaurant,12.9822182,77.6385728,N/A,N/A,N/A,N/A,3556124473
Juicea- Fresh juice and ice creams,cafe,12.9822235,77.6390347,N/A,N/A,N/A,N/A,3556124476
Al Zaid,restaurant,12.9822569,77.6393124,N/A,N/A,N/A,N/A,3556341351
Le Cremosa,cafe,12.9800955,77.6398191,N/A,N/A,N/A,N/A,3556379076
NIAS Main Eating Point,restaurant,13.0289716,77.5633966,N/A,N/A,N/A,N/A,3571019993
Cafe Coffee Day,cafe,13.0207677,77.5929009,N/A,N/A,N/A,N/A,3591576155
Mango Hotels,hotel,12.9344183,77.626046,"8th Main, 4th Block, Koramangala, Bengaluru, 560034",+918060009696,N/A,N/A,3611815582
City Centre Residency,hotel,12.979241,77.637434,N/A,N/A,N/A,N/A,3618097094
Xtreme Sports Bar,pub,12.911144,77.6761815,N/A,N/A,N/A,N/A,3632677622
Pizza Hut,restaurant,13.0993015,77.5892631,N/A,N/A,N/A,N/A,3642638916
Beijing Bites,restaurant,13.0993909,77.589218,N/A,N/A,N/A,N/A,3642638917
Mast Kalandar,restaurant,13.0994241,77.5891823,N/A,N/A,N/A,N/A,3642638918
St. Martha's Canteen,restaurant,12.9701247,77.5866611,N/A,N/A,N/A,N/A,3652359334
KGID Canteen,restaurant,12.981906,77.5956848,"Raj Bhavan Road, Bangalore, 560001",N/A,N/A,N/A,3654142906
The Marigold - Fine Dine,restaurant,12.9698283,77.735625,N/A,N/A,N/A,N/A,3654380563
Fruit Face,cafe,12.9811573,77.6366177,"13th Cross Road, Bangalore, 560038",N/A,http://fruitface.in/,N/A,3665564554
Reva canteen,restaurant,13.1174066,77.6346379,N/A,N/A,N/A,N/A,3666713431
Unnamed Spot,restaurant,13.117397,77.6344822,N/A,N/A,N/A,N/A,3666723643
Gangothri Bar,bar,12.919533,77.6128458,N/A,N/A,N/A,N/A,3671375187
Freedom Cafe,cafe,13.0302272,77.5627649,"MSRIT Road, Bangalore","080-41145266, 9900362266, 9900372266",N/A,N/A,3677324087
Twillight Tandoor Resto,restaurant,12.9313955,77.5179594,N/A,N/A,N/A,N/A,3690755778
Udupi Grand,restaurant,13.0992523,77.5773423,"Mother Dairy Cross, Yelahanka New Town, Bangalore",N/A,N/A,N/A,3690985200
Salem Kitchen,restaurant,12.9645529,77.717708,N/A,N/A,N/A,N/A,3698416139
Agarwal Bhavan,restaurant,12.9647848,77.7174502,N/A,N/A,N/A,N/A,3698417092
Seashell Savoury,restaurant,12.9311314,77.6007942,N/A,N/A,N/A,N/A,3702210813
Chicken County,restaurant,12.9307235,77.6004442,N/A,N/A,N/A,N/A,3702268573
Sahana hotel,hotel,12.9474456,77.5987375,N/A,N/A,N/A,N/A,3710165701
University Cafeteria,cafe,12.9433024,77.5055822,"University Road, Bengaluru, 560060",N/A,N/A,N/A,3713450648
Akshaya Deluxe,restaurant,13.0374079,77.5654203,N/A,N/A,N/A,N/A,3719529455
Anjappar Chettinad Restaurant,restaurant,12.9755345,77.6413688,100 Feet Road,N/A,N/A,N/A,3725679610
Creme & Crust,restaurant,12.9749878,77.6412398,100 Feet Road(S K Karim Khan Road),N/A,N/A,N/A,3725684688
Peacock Fine Dining,restaurant,12.9750628,77.6412415,100 Feet Road(S K Karim Khan Road),N/A,N/A,N/A,3725687613
H3O,pub,12.9620032,77.6419066,100 Feet Road,N/A,N/A,N/A,3725710401
Nandhana Hometel,hotel,12.962198,77.6419389,N/A,N/A,N/A,N/A,3725710405
Ginger Tiger,bar,12.9690747,77.6410288,N/A,N/A,N/A,N/A,3725719339
Hungry Walker,restaurant,12.9695996,77.641102,N/A,N/A,N/A,N/A,3725719348
Vapour,pub,12.9694282,77.6411133,"100 Feet Road, Bangalore, 560038",+91 80 4942 2313,https://vapour.in/,N/A,3725719353
Xtream Sports Bar,bar,12.9708975,77.6410544,100 Feet Road,N/A,N/A,N/A,3725719355
Little Italy,restaurant,12.9773951,77.6406976,100 Feet Road(S K Karim Khan Road),N/A,N/A,N/A,3725719377
Rajdhani,restaurant,12.963873,77.6418506,100 Feet Road(S K Karim Khan Road),N/A,N/A,N/A,3725752594
The Rock,restaurant,12.963753,77.6419024,100 Feet Road(S K Karim Khan Road),N/A,N/A,N/A,3725752595
pakwan,restaurant,12.9742661,77.6409041,N/A,N/A,N/A,N/A,3725814429
Kota Kachori,restaurant,12.9740974,77.640751,N/A,N/A,N/A,N/A,3725814432
Sri Udupi Park,restaurant,12.9736716,77.6409138,100 Feet Road( S K Karim Khan Road),N/A,N/A,N/A,3725850699
LOFT 38,pub,12.9714296,77.6410321,100 Feet Road( S K Karim Khan Road),N/A,N/A,N/A,3725882446
Thai Refresh,restaurant,12.9706146,77.6415013,100 Feet Road(S K Karim Khan Road),N/A,N/A,N/A,3726036589
The Biriyani World,restaurant,12.9694583,77.6415886,100 Feet Road,N/A,N/A,N/A,3726039620
Chai Gali,cafe,12.981682,77.6394877,N/A,N/A,N/A,N/A,3726120743
Brahmin's Tatte Idli,cafe,12.9801908,77.6372443,N/A,N/A,N/A,N/A,3726145522
Aquila Bar,pub,12.9651581,77.6412777,N/A,N/A,N/A,N/A,3727147612
Barbeque Factory,restaurant,12.9641752,77.6413104,N/A,N/A,N/A,N/A,3727147613
Bloom Hotel,hotel,12.9667391,77.641224,N/A,N/A,N/A,N/A,3727147614
21st Amendment,pub,12.96597,77.6412101,N/A,N/A,N/A,N/A,3727147615
News Cafe,cafe,12.9659502,77.6412101,N/A,N/A,N/A,N/A,3727147623
Watson's,pub,12.9673327,77.6411618,N/A,N/A,N/A,N/A,3727148127
Smoke House Deli,restaurant,12.9656588,77.6412508,Bangalore,N/A,N/A,N/A,3727148131
Kumbakonam Traditional Coffee,cafe,12.9739292,77.6232945,N/A,N/A,N/A,N/A,3730961535
Atithis,restaurant,13.0017604,77.5783235,N/A,N/A,N/A,N/A,3742215657
Swaad,restaurant,12.9696235,77.654847,N/A,N/A,N/A,N/A,3742854806
Beijing Bites,restaurant,12.9185551,77.6704667,Bengaluru,080 40932488,https://beijingbites.com,N/A,3760065158
Cafe Coffee Day,cafe,12.9754589,77.6067378,N/A,N/A,N/A,N/A,3760236416
Bheema's,restaurant,12.9751858,77.6035875,N/A,N/A,N/A,N/A,3760247146
Mainland China,restaurant,12.9752374,77.6034215,N/A,N/A,N/A,N/A,3760251186
Oh! Calcutta,restaurant,12.975223,77.6035195,N/A,N/A,N/A,N/A,3760253378
Hoppipola,pub,12.9751841,77.6034702,"Church Street, 560001",N/A,N/A,N/A,3760253379
Hooked,restaurant,12.9755584,77.6031289,N/A,N/A,N/A,N/A,3760572439
Matsya,restaurant,12.9755444,77.6031965,N/A,N/A,N/A,N/A,3760572440
Bundle Company,restaurant,12.9756151,77.6029253,N/A,N/A,N/A,N/A,3760580545
Lais Bar & Restaurant,pub,12.9758164,77.6021776,N/A,N/A,N/A,N/A,3760621807
Sri Lakshmi Comforts,hotel,12.9759033,77.6022279,N/A,N/A,N/A,N/A,3760637874
Karavalli,restaurant,12.9720694,77.6089097,"Residency Road, Bengaluru, 560025",+91- 9620162387,N/A,N/A,3761073062
Udupi Park,restaurant,12.9728503,77.6091975,N/A,N/A,N/A,N/A,3761073063
Nagarjuna,restaurant,12.97323,77.609195,Residency Road,25592233,N/A,N/A,3761074634
Down Town Pub,pub,12.9729508,77.6085761,N/A,N/A,N/A,N/A,3761085750
The Grill House,restaurant,12.9749935,77.6199471,Bhaskaran Road,N/A,N/A,N/A,3761230359
Zaitoon,restaurant,12.9597633,77.6470458,Old Airport Road,N/A,N/A,N/A,3761239273
Cheeni Kum,restaurant,12.9600581,77.6451404,Old Airport Road,N/A,N/A,N/A,3761373132
Chai Point,cafe,12.9600755,77.6448826,N/A,N/A,N/A,N/A,3761385393
Desi Bytes,restaurant,12.9601577,77.6443247,Old Airport Road,N/A,N/A,N/A,3761406785
Golden Plate Restaurant,restaurant,12.9592065,77.6530201,N/A,N/A,N/A,N/A,3761429336
Cafe Coffee Day,cafe,12.9592219,77.6550084,N/A,N/A,N/A,N/A,3761463626
Samruddhi,restaurant,12.9592402,77.6547402,N/A,N/A,N/A,N/A,3761466913
Mandarin Hoysala Delux,bar,12.9588944,77.6598889,N/A,N/A,N/A,N/A,3761493875
Chez Nous,bar,12.9300073,77.6831267,N/A,N/A,N/A,N/A,3778335490
Blue Terrain,restaurant,12.9300348,77.6834526,N/A,N/A,N/A,N/A,3778335491
The Square,restaurant,12.9301328,77.6833467,N/A,N/A,N/A,N/A,3778335492
The Hub,bar,12.9298844,77.683466,N/A,N/A,N/A,N/A,3778335493
Courtyard,hotel,12.9282162,77.6825344,N/A,N/A,N/A,N/A,3778444769
Fairfield,hotel,12.9278298,77.68268,N/A,N/A,N/A,N/A,3778444770
Punjabi Bites,restaurant,12.954539,77.6526273,N/A,N/A,N/A,N/A,3780780966
Adyar Ananda Bhavan,restaurant,12.997771,77.571072,"6th Cross Road, Bengaluru, 560003",918041280909,https://aabsweets.com,N/A,3781792270
1522,bar,12.9342864,77.6301111,N/A,N/A,N/A,N/A,3782893189
Clubhouse,restaurant,12.9594395,77.6436156,N/A,N/A,N/A,N/A,3783556814
Chai Point,cafe,12.9731918,77.6167348,N/A,N/A,N/A,N/A,3785884026
Caesars,restaurant,12.9733842,77.6163899,N/A,N/A,N/A,N/A,3785906627
Sri Krishna Nandagokula Veg,restaurant,12.9365363,77.5167879,N/A,N/A,N/A,N/A,3799002966
Shanti Sagar,restaurant,12.9735894,77.5783998,N/A,N/A,N/A,N/A,3800281856
Ichin Restaurant,restaurant,12.937762,77.6271125,N/A,N/A,N/A,N/A,3801706348
Satis Tiffins,restaurant,12.9557359,77.6918384,N/A,N/A,N/A,N/A,3803102820
Bhagini Deluxe Lodge,hotel,12.9571314,77.701877,N/A,N/A,N/A,N/A,3803200446
Bhagini Deluxe,restaurant,12.9571303,77.701865,N/A,N/A,N/A,N/A,3803200447
Vaikuntam,restaurant,12.9571332,77.7018887,N/A,N/A,N/A,N/A,3803201072
Shakespeare's Pub,pub,12.9577457,77.7009447,N/A,N/A,N/A,N/A,3803761227
Kadambini,pub,12.9571564,77.7018603,N/A,N/A,N/A,N/A,3803777261
Raju's Royal,restaurant,12.9595599,77.6559904,N/A,N/A,N/A,N/A,3804507829
Udupi Vaibhava,restaurant,12.9572917,77.7009166,N/A,N/A,N/A,N/A,3805138252
Delhi Biriyani,restaurant,12.9343194,77.6895154,N/A,N/A,N/A,N/A,3806232205
Sri Manjunatha Condiments,cafe,12.9876025,77.5736105,N/A,N/A,N/A,N/A,3806281887
Shri Sarathi Restaurant and Bar,pub,12.9591054,77.6612287,N/A,N/A,N/A,N/A,3806451154
Chung Wah,restaurant,12.9740669,77.6092489,N/A,N/A,N/A,N/A,3808163238
Narthaki,pub,12.9733555,77.6093639,N/A,N/A,N/A,N/A,3808171448
Donne Biryani House,restaurant,12.9732979,77.6093585,N/A,N/A,N/A,N/A,3808171450
Chiah Hok,restaurant,12.8917806,77.5792737,N/A,N/A,N/A,N/A,3812492578
Baywatch,pub,12.9721037,77.6078626,N/A,N/A,N/A,N/A,3815215351
Empire,restaurant,12.9672647,77.6090629,N/A,N/A,N/A,N/A,3819250513
Tandoor,restaurant,12.9736722,77.6131796,N/A,N/A,N/A,N/A,3820249094
New Life Kerala Mess,restaurant,12.9726449,77.6382683,N/A,N/A,N/A,N/A,3837000083
Coastal Delight,restaurant,12.9783646,77.6362045,N/A,N/A,N/A,N/A,3837000084
Raaga,restaurant,12.9781459,77.6364882,Chinmaya Mission Hospital Road,N/A,N/A,N/A,3837000889
The Grill House,restaurant,12.9723182,77.6370479,N/A,N/A,N/A,N/A,3837007682
Wanley Restaurant,restaurant,12.9792707,77.6426443,Sri Krishna Temple Road,N/A,N/A,N/A,3837015994
Viceroy's Sarathi,restaurant,12.9792825,77.6425169,Sri Krishna Temple Road,N/A,N/A,N/A,3837026832
Sharon Tea Stall,cafe,12.9731666,77.6470466,Thippasandra Main Road,N/A,https://sharonteastall.com/,N/A,3837219271
Soo Ra Sang Korean Cuisine,restaurant,12.9656704,77.6492943,N/A,N/A,N/A,N/A,3837270531
Unnamed Spot,restaurant,13.066893,77.5028392,N/A,N/A,N/A,N/A,3838936857
Chung's Pavillion,restaurant,12.9663676,77.6372366,Indiranagar Double Road,N/A,N/A,N/A,3839535784
Green Pepper,restaurant,12.9688091,77.6489013,Jeevan Bhima Nagar 10th Main Road,N/A,N/A,N/A,3841346586
Santé Spa Cuisine,restaurant,12.963907,77.6386951,2nd Cross Road,N/A,N/A,N/A,3842746873
Paparazzi,restaurant,12.9748952,77.6153654,N/A,N/A,N/A,N/A,3846368540
Pinxx,cafe,12.9748429,77.6153686,N/A,N/A,N/A,N/A,3846368541
Siri's Camille's Ice Cream Bar,cafe,12.9702195,77.6476869,80 Feet Road(Sir C.V. Raman Hospital Road),N/A,N/A,N/A,3851555733
Upar Hotels,hotel,12.9705826,77.6458859,12th Main Road,N/A,N/A,N/A,3851862908
Theobroma,cafe,12.9702094,77.6440181,12th Main Road,N/A,https://theobroma.in/,N/A,3851937460
Cafe Coffee Day,cafe,12.9736889,77.6112977,N/A,N/A,N/A,N/A,3862580459
Sri Lakshmi Foods Court,restaurant,13.071623,77.5117792,N/A,N/A,N/A,N/A,3868532354
R. P. Kamat's,restaurant,12.9759239,77.5749981,N/A,N/A,N/A,N/A,3872737461
Sukh Sagar,restaurant,12.9766765,77.5777178,N/A,N/A,N/A,N/A,3872737462
Shree Yummy's Palace,restaurant,13.0076007,77.5710725,Sampige Road,N/A,N/A,N/A,3885873103
Arirang Korean Restaurant,restaurant,13.0195687,77.6371797,N/A,N/A,N/A,N/A,3918664256
Khan Saheb Grills and Rolls,restaurant,12.9826791,77.61051,N/A,N/A,N/A,N/A,3937649657
Bhagini Residency,hotel,12.9861681,77.7449117,N/A,N/A,N/A,N/A,3956130954
Iris Business Hotel,hotel,12.9707119,77.6072217,N/A,N/A,N/A,N/A,3959946664
Hotel Dil Coorg,restaurant,12.9779131,77.6328957,17th E Cross,N/A,N/A,N/A,3961375648
Al Bek,restaurant,12.9942736,77.5715823,Sampige Road,08023461077,N/A,N/A,3971246020
Annapoorneshwari Restaurant,restaurant,12.9578247,77.6551191,N/A,N/A,N/A,N/A,3993281428
Little Orissa,restaurant,12.9622425,77.6448007,N/A,N/A,N/A,N/A,4005181106
Shristi Sagar,restaurant,13.0076756,77.5640516,"8th Main Road, Bangalore, 560055",N/A,N/A,N/A,4008859835
Chandana Bakery,cafe,12.9832756,77.7682509,N/A,N/A,N/A,N/A,4023090618
Sri Krishna Sagar,restaurant,12.9852789,77.5434809,N/A,N/A,N/A,N/A,4035007844
SodaBottleOpenerWala,restaurant,12.9706578,77.5975349,"Lavelle Road, Bangalore, 560001",N/A,N/A,N/A,4038158089
Lazy Suzy,cafe,12.9708508,77.6474894,"80 Feet Road, Indiranagar, Bangalore, 560075",N/A,N/A,N/A,4038176379
Unnamed Spot,restaurant,12.9525488,77.7058831,N/A,N/A,N/A,N/A,4040026810
manju wines,bar,12.9688824,77.7547837,N/A,N/A,N/A,N/A,4040044237
Dasaprakash,restaurant,12.9765168,77.6029754,N/A,N/A,N/A,N/A,4044195456
Onestà,restaurant,12.9787278,77.6435358,"Chinmaya Mission Hospital Road, Bengaluru, 560038",+918049653087,http://www.onesta-onesta.com/,N/A,4059440074
Sri Krishna Sagar,restaurant,12.9930498,77.663735,"Naganarapalaya Main Road, Bangalore, 560093",N/A,N/A,N/A,4066841503
Priyadarshini Grand,restaurant,12.9902817,77.5378602,N/A,N/A,N/A,N/A,4087675581
Khawja Hotel,restaurant,12.9625119,77.5486586,Hosahalli Main Road,N/A,N/A,N/A,4101094995
Hotel Orange tree Residency,restaurant,12.9793184,77.6435354,N/A,N/A,N/A,N/A,4101957723
Spoonful Sugar Pastisserie & cafè,cafe,12.9793017,77.6436594,N/A,N/A,N/A,N/A,4101957728
Zucco Restro Bar,pub,12.9787019,77.6411945,N/A,N/A,N/A,N/A,4101994943
Coorg Restaurant,restaurant,12.9790201,77.6419756,N/A,N/A,N/A,N/A,4102048400
Unnamed Spot,hotel,12.9790044,77.6421218,N/A,N/A,N/A,N/A,4102048406
Unnamed Spot,restaurant,12.9112304,77.6760618,N/A,N/A,N/A,N/A,4113451944
Jose Mess,restaurant,12.9310409,77.6081159,N/A,N/A,N/A,N/A,4117092201
Shanti Sagar,restaurant,12.987086,77.6189974,Saint John's Church Road,N/A,N/A,N/A,4117249122
Kritunga Restaurant,restaurant,12.9756993,77.7268861,N/A,N/A,N/A,N/A,4119294793
Bloomrooms,hotel,12.9691128,77.6415527,100 Feet Road,N/A,N/A,N/A,4122459955
Bismillah Tea Hotel,cafe,12.9608368,77.5485824,N/A,N/A,N/A,N/A,4130934098
Unnamed Spot,cafe,12.962222,77.5505208,N/A,N/A,N/A,N/A,4130960395
Bismillah Tea Hotel,cafe,12.9615054,77.5504015,N/A,N/A,N/A,N/A,4130960396
Khalil Tea Hotel,cafe,12.9641082,77.5504793,Hosahalli Main Road,N/A,N/A,N/A,4130960491
Bombay tea hotel,cafe,12.9632318,77.5500256,N/A,N/A,N/A,N/A,4130960492
Bismillah Tea Hotel,cafe,12.9661241,77.5521383,N/A,N/A,N/A,N/A,4130961391
Bismillah Tea Hotel,cafe,12.9638664,77.5510308,N/A,N/A,N/A,N/A,4130962591
Mani's Dum Biriyani,restaurant,12.9274912,77.6373711,N/A,N/A,N/A,N/A,4133355393
Biriyani Zone,restaurant,12.9758228,77.7266535,N/A,N/A,N/A,N/A,4133687489
The Kabab Company,restaurant,12.9787711,77.6365491,Indiranagar Double Road (Paramahansa Yogananda road),N/A,N/A,N/A,4140677508
Hot Soup & Bowl,restaurant,12.9576049,77.5247105,N/A,+918065970773,N/A,N/A,4156058889
Unnamed Spot,hotel,12.917697,77.6154889,N/A,N/A,N/A,N/A,4158101202
Bangalore Mandarin,restaurant,12.9700883,77.7502482,N/A,N/A,N/A,N/A,4173621974
Pakvan,restaurant,13.0033921,77.5783685,560003,N/A,N/A,N/A,4173839908
Meera Delicacy,restaurant,12.9476142,77.5797544,N/A,N/A,N/A,N/A,4173858166
Suryawanshi,restaurant,12.9702478,77.6357689,"Double Road, Indiranagar, Bangalore, 560038",080 49653148,N/A,N/A,4195432539
Donne Biriyani Hotel,restaurant,12.9204794,77.5956182,N/A,N/A,N/A,N/A,4197757510
Third Wave Coffee Roasters,cafe,13.0610589,77.5872299,N/A,N/A,N/A,N/A,4197977500
Hyderabad Biryani,restaurant,13.0591909,77.5875414,"Bangalore, 560092",N/A,N/A,N/A,4197977501
Adigas,restaurant,13.0589975,77.5875951,N/A,N/A,N/A,N/A,4197977502
Svensens Icrecream,cafe,13.0637714,77.5905824,N/A,N/A,N/A,N/A,4198402538
Mane Holige Kuruk thindi,restaurant,12.9288993,77.5818811,7 Main,+91 97426 72871,N/A,N/A,4200239822
Green Onion,restaurant,12.9589543,77.6521562,N/A,N/A,N/A,N/A,4204002589
Kaapi Katte,restaurant,12.9162563,77.520671,N/A,N/A,N/A,N/A,4210670194
OSR Andhra Spice,restaurant,12.9061516,77.5209983,N/A,N/A,N/A,N/A,4210670196
Sri Raghavendra Darshini,restaurant,12.9744534,77.6388972,N/A,N/A,N/A,N/A,4211878795
En Amma,hotel,12.9604413,77.7181435,N/A,N/A,N/A,N/A,4215372794
Swathi Deluxe,restaurant,12.9378825,77.6991184,"Panathur Main Road, 560103",N/A,N/A,N/A,4217842490
Unnamed Spot,restaurant,12.9875355,77.6190745,N/A,N/A,N/A,N/A,4227854807
Moritz Nano Restaurant,restaurant,12.9875826,77.6188927,N/A,N/A,N/A,N/A,4227854812
Nanak,restaurant,12.967557,77.6061228,N/A,N/A,N/A,N/A,4236318489
Nescafe,cafe,12.9355646,77.5345308,"PES University, 100 Feet Outer Ring Road, Bengaluru, 560085",N/A,N/A,N/A,4243908360
PES South Indian Mess,hotel,12.9333545,77.5350149,N/A,N/A,N/A,N/A,4243919621
Prasad Icecream Parlour,cafe,12.9392188,77.5600997,N/A,N/A,N/A,N/A,4246843765
Watson's Ulsoor,pub,12.9908548,77.6192753,Assayee Road,N/A,N/A,N/A,4252085630
Cafe Thulp,cafe,12.9908261,77.6193188,N/A,N/A,N/A,N/A,4252092996
Sree Srinivasa Bhavan,restaurant,12.9694336,77.7657145,Immadihalli Road,N/A,N/A,N/A,4253229493
AL-BEK,restaurant,12.916485,77.5982924,"Marenahalli Road, 560067",N/A,N/A,N/A,4254309393
Curry Leaves,restaurant,12.9230018,77.5972171,East End Main Road,N/A,N/A,N/A,4254383391
Casa Fresco by Tea Brew,restaurant,12.9645114,77.638624,2nd cross domlur 2nd stage,N/A,N/A,N/A,4256250292
Oye Lassi,cafe,13.0053566,77.5712414,N/A,N/A,N/A,N/A,4258205108
Udupi Upachaar Veg,restaurant,13.0054082,77.5691051,"15th Cross Road, 560003",N/A,N/A,N/A,4264037789
Kritunga restaurant,restaurant,12.9555803,77.7130382,I T P L Main Road,N/A,N/A,N/A,4270196994
New Shanthi Sagar,restaurant,12.9783586,77.6363142,Chinmaya Mission Hospital Road,N/A,N/A,N/A,4272785489
Delicacy,restaurant,12.8826056,77.5834699,Kothnur Main Road,N/A,N/A,N/A,4274757591
Aiswarya Malayali Hotel,restaurant,13.0058128,77.7567846,Kadugodi Main Road,N/A,N/A,N/A,4278444396
Biriyani Zone,restaurant,12.9202717,77.6451895,19th Main Road,N/A,N/A,N/A,4280117589
Pingara Restaurant & Bar,bar,12.9253813,77.6337008,N/A,N/A,N/A,N/A,4294187645
Brigade Dreams,restaurant,12.9685412,77.606131,N/A,N/A,N/A,N/A,4294255677
Chariot,restaurant,12.9718911,77.6066836,N/A,N/A,N/A,N/A,4294260125
Laban Palace,restaurant,12.9729346,77.6357245,N/A,N/A,N/A,N/A,4294801430
Srinidhi Sagar Foodline,restaurant,12.9733837,77.6360035,N/A,N/A,N/A,N/A,4294801432
Rayaru's Kitchen,restaurant,12.9728794,77.6357245,N/A,N/A,N/A,N/A,4294801602
Byte,restaurant,12.9731905,77.6359606,N/A,N/A,N/A,N/A,4294801604
Hotel Metropole,restaurant,12.9806364,77.602787,N/A,N/A,N/A,N/A,4301452672
Madurai Cafe,restaurant,12.9590093,77.7016921,N/A,N/A,N/A,N/A,4301868889
Chai Point,cafe,13.0085444,77.5695202,N/A,N/A,https://chaipoint.com/,N/A,4302369009
Athithi Gruha,restaurant,12.8866506,77.5822279,Kothnur Main Road,N/A,N/A,N/A,4302885789
Pahala Rasagola shop,cafe,12.9355231,77.6189666,"17th D Main Rd, 5th Block, Koramangala, Bangalore",N/A,N/A,N/A,4307156988
Unnamed Spot,restaurant,12.9413826,77.6967037,N/A,N/A,N/A,N/A,4307449562
Chulha Bhatti,restaurant,12.9413212,77.6966738,N/A,N/A,N/A,N/A,4307449563
Dinner Friends,restaurant,12.970892,77.6471187,N/A,N/A,N/A,N/A,4307542692
Bistrobar,pub,12.9713768,77.6474537,N/A,N/A,N/A,N/A,4307543170
Treat,restaurant,12.9717545,77.6470421,N/A,N/A,N/A,N/A,4307551330
Chung's Pavilion,restaurant,12.9717482,77.6470434,N/A,N/A,N/A,N/A,4307554248
Tasty Stories,restaurant,12.9720285,77.6470024,N/A,N/A,N/A,N/A,4307569363
Stylotel,hotel,12.9671986,77.6066888,N/A,N/A,N/A,N/A,4307596343
Twist of Tadka,restaurant,12.9678797,77.6066222,N/A,N/A,N/A,N/A,4307597444
Pratik Comforts,hotel,12.9229815,77.5894385,18th Main Road,N/A,N/A,N/A,4311239090
Swathi Deluxe,restaurant,12.9541378,77.5920058,N/A,N/A,N/A,N/A,4314392992
Chianti,restaurant,12.9699905,77.6403837,N/A,N/A,N/A,N/A,4315563373
Phobidden Fruit,restaurant,12.9699237,77.6396323,N/A,N/A,N/A,N/A,4315563374
Pathan Sir,restaurant,12.9705618,77.6471201,N/A,N/A,N/A,N/A,4315678622
Salt Canvas,restaurant,12.9706145,77.6464605,N/A,N/A,N/A,N/A,4315678625
The Fatty Bao,restaurant,12.970492,77.645222,N/A,N/A,N/A,N/A,4315678626
Shri Rama Hotel,hotel,13.0109804,77.5068574,N/A,N/A,N/A,N/A,4316705595
Maria's Goan Kitchen,restaurant,12.9364231,77.6151528,N/A,N/A,N/A,N/A,4319280082
24th Main Pan Indian Bistro,restaurant,12.9085614,77.5859107,N/A,+91 99000 92564,https://www.24thmain.com,N/A,4320467192
Zaitoon,restaurant,12.9030809,77.5855786,24th Main,N/A,N/A,N/A,4321245416
Sea Salt,restaurant,12.9017285,77.5857629,24th Main,N/A,N/A,N/A,4321245505
Egg Factory,restaurant,12.9061462,77.5906223,Outer Ring Road,N/A,N/A,N/A,4321280190
Cafe Coffee Day,cafe,12.9061407,77.5918526,Outer Ring Road,N/A,N/A,N/A,4321288191
Pipe Yard,cafe,12.9061034,77.5920152,Outer Ring Road,N/A,N/A,N/A,4321288192
Tycoons,bar,12.9701712,77.6383901,N/A,N/A,N/A,N/A,4322781163
Mini Bar,bar,12.9701735,77.638341,N/A,N/A,N/A,N/A,4322781164
Citrus,restaurant,12.9702025,77.6389092,N/A,N/A,N/A,N/A,4322794145
The Reservoire,bar,12.9702408,77.6392223,N/A,N/A,N/A,N/A,4322794148
Delhi Highway,restaurant,12.9703059,77.6394339,N/A,N/A,N/A,N/A,4322796484
Sri Sai Bala Ji PG,hotel,12.9095608,77.6043781,3rd Main Road 18th Cross Road,N/A,N/A,N/A,4324604192
Bijoor Biryani House,restaurant,12.9789013,77.6955987,N/A,N/A,N/A,N/A,4325367592
Home,hotel,13.0004913,77.5417024,N/A,N/A,N/A,N/A,4326803490
Barbecue Nation,hotel,13.021693,77.6404039,N/A,N/A,N/A,N/A,4331934190
Viajaya Sai Andhra Hotel,restaurant,12.9488177,77.6861236,N/A,N/A,N/A,N/A,4332512093
Sri Akshaya Upahar,restaurant,12.9451041,77.6804651,N/A,N/A,N/A,N/A,4332512094
Diamond Restaurant,restaurant,12.948945,77.6873384,N/A,N/A,N/A,N/A,4332547191
Vardhaman Paradise,hotel,12.9641301,77.570664,N/A,N/A,N/A,N/A,4337897246
Imperial Blue Garden Bar and Restaurant,bar,12.9451931,77.5969836,N/A,N/A,N/A,N/A,4349257997
Anand Bhavan,restaurant,12.954324,77.5850242,N/A,N/A,N/A,N/A,4349317390
Timepass Dinner,restaurant,12.9453667,77.5709983,N/A,N/A,N/A,N/A,4349317396
South Inn,restaurant,12.9944952,77.6159529,N/A,N/A,N/A,N/A,4349394389
Punjab Bistro,restaurant,12.9820149,77.6927858,Outer Ring Road,+91 72049 11183; +91 80 4546 1987,N/A,N/A,4350028789
Madhura Bhavan,restaurant,12.9221578,77.576215,N/A,N/A,N/A,N/A,4358561702
Garden By Su,restaurant,12.9166705,77.5834214,"9th Main, 46th Cross Rd, 5th Block, Jayanagar, Bangalore, 560078",+918971228404,https://www.gardenbysu.com/,hello@gardenbysu.com,4360019301
South Point,bar,12.9382297,77.5802736,N/A,N/A,N/A,N/A,4362770794
Unnamed Spot,hotel,12.9570959,77.7020257,N/A,N/A,N/A,N/A,4365696589
Fruit xtracts,cafe,12.9665145,77.6065215,N/A,N/A,N/A,N/A,4368864093
Pot-O-Noodles,restaurant,12.9684698,77.6404858,N/A,N/A,N/A,N/A,4382238221
Sarayu Fine Dine,restaurant,12.9992855,77.5495195,N/A,N/A,N/A,N/A,4382905016
Juba Cafe,cafe,13.025295,77.6036548,N/A,N/A,N/A,N/A,4386500099
Sree Guru Cool Joint,hotel,13.0243972,77.6032595,N/A,N/A,N/A,N/A,4386500192
Joy IceCream,cafe,13.0252496,77.6036506,N/A,N/A,N/A,N/A,4386500195
A1 Ambur Biryani,hotel,13.0272339,77.60426,N/A,N/A,N/A,N/A,4386500201
Chitra Darshini,restaurant,13.0276765,77.6043712,N/A,N/A,N/A,N/A,4386506509
Sri Manjunatha Fast Food Hotel,hotel,13.0249623,77.6034912,N/A,N/A,N/A,N/A,4386506592
Cool Corner,cafe,13.0275755,77.6043124,N/A,N/A,N/A,N/A,4386506902
Sri Kampli Someshwara Tiffin Center,hotel,13.0270211,77.6041517,N/A,N/A,N/A,N/A,4386507390
ಮ್ಯಾಂಗಲೋರ್ ಪರ್ಲ್,restaurant,12.9944824,77.6153605,N/A,N/A,N/A,N/A,4391177991
Upsouth,restaurant,12.9371939,77.6198328,N/A,N/A,N/A,N/A,4392117494
Swadist,restaurant,12.9365073,77.6197375,N/A,N/A,N/A,N/A,4392117495
Harsha Bakery and Sweets,cafe,13.1039886,77.5716195,N/A,9986251338,N/A,N/A,4399049932
Mishmash,bar,12.9121238,77.6509657,N/A,N/A,N/A,N/A,4406867615
CCD,cafe,12.969833,77.5775083,"6th Cross Road, Bangalore, 500006",N/A,N/A,N/A,4413510290
Ujwal Bar and Restaurant,bar,13.0222579,77.5922587,N/A,N/A,N/A,N/A,4422272111
Al Bek,restaurant,13.022359,77.5927417,N/A,N/A,N/A,N/A,4422272112
Hong Kong Noodles,restaurant,13.020749,77.6768991,Thambuchettypalya Main Road,N/A,N/A,N/A,4422390089
Al Amanah Cafe,cafe,13.0155316,77.6394955,N/A,N/A,N/A,N/A,4426126391
Royal Afghan,restaurant,12.9939183,77.5854854,N/A,N/A,N/A,N/A,4430492477
Wolfish,restaurant,12.9743668,77.6071761,Church street,N/A,N/A,N/A,4440837939
Sri Sai Sagar,restaurant,12.8617817,77.5996423,N/A,N/A,N/A,N/A,4440863088
North Indian Restaurant,restaurant,12.9077046,77.6080359,"13th Main Road, 2nd Stage, BTM, Bangalore, 560076",N/A,N/A,N/A,4443260812
Paratha Junction,restaurant,12.9153987,77.6010351,"Opp Vijaya Bank, Bannerghatta Road, Bangalore, Bangalore, 560076",N/A,N/A,N/A,4443267488
Cafe Coffee Day,cafe,13.0012948,77.6324696,N/A,8088862495,N/A,N/A,4443274831
Presto,restaurant,12.9371526,77.5728792,"S Kariyappa Road, Bangalore, 560004",080 2662 2058,N/A,N/A,4443323771
Halli Thindi,restaurant,12.9435256,77.5655166,"Bull Temple Road, 5th Main Road, Bangalore, 560004",080 2661 9777,N/A,N/A,4443345110
Baisakhi Vegetarian Restaurant,restaurant,12.9462613,77.5703662,"Gandhi Bazar Main Road, Basavanagudi, Bangalore, 560004",+91 80 6533 9999,N/A,N/A,4443365241
Szechuan Dragon Chinese Restaurant,restaurant,12.9446256,77.569918,"Behind BMS College of Engineering, Bangalore, 560004",096635 67711,N/A,N/A,4443397448
Cafe Coffee Day,cafe,12.9209516,77.6820594,"""Pritech Park, Bellandur,, BANGALORE, 560103",093423 93106,https://www.cafecoffeeday.com/,N/A,4443401779
Koli Mane,restaurant,12.9326403,77.5656287,"Basavangudi, Bangalore, 560004",080 2676 5670,N/A,N/A,4443420825
Beijing Bites,restaurant,13.0245213,77.6350534,"Kammanahalli Main Rd, Bangalore, 560043",080 4090 4288,https://beijingbites.com/,N/A,4443463419
Mainland China,restaurant,12.9739174,77.5702629,"Kalyan Nagar, Bangalore, 560043",080 2545 1358,https://www.speciality.co.in/mainland_china/index.html,N/A,4443512312
Sigree Global Grill,restaurant,13.0255437,77.6371608,"Kalyan Nagar, bangalore, 560043",080 2545 1318,https://www.speciality.co.in/global_grill/index.html,N/A,4443525945
Chung Wah,restaurant,13.0230441,77.6398714,"5th Main Road, Bangalore, 560043",098454 94499,N/A,N/A,4443559999
Fragrant Kitchen,restaurant,13.0278559,77.6397264,"Chelekere Main Road, Kalyan Nagar, bangalore, 560043",+91 96633 33004,http://www.fragrantkitchen.in/,N/A,4443583791
Thran,restaurant,13.0214839,77.6408994,"CMR Road, Bangalore, 560043",080 4205 0685,N/A,N/A,4443594010
Aioli BBQ & Grill Smoke House,restaurant,13.0250222,77.6372087,5th main road,080 6999 0174,N/A,N/A,4443610206
Unwined,restaurant,13.0260656,77.6370378,"5th A Cross, bangalore, 560043",080 4167 8999,N/A,N/A,4443620086
Tabla Restaurant,restaurant,12.9513838,77.6994322,"Soul space Paradigm, Marathahalli, Bangalore, 560037",080 49652740,N/A,N/A,4443682939
Holy Flames,restaurant,12.9582651,77.7088259,"Silver Springs Layout, Marathahalli, Bengaluru, Bangalore, 560037",+91 70226 12902,https://www.holyflames.in/,N/A,4443741171
Brunchilly,restaurant,12.9786306,77.694542,"RBD Sarovar Portico, Doddanekundi, Outer Ring Road, Marathahalli, Bangalore, 560037",+91 80 49652104,N/A,N/A,4443774568
Sanjha Chulha Restaurant,restaurant,12.9573463,77.7075932,"Purva Riviera Shopping Complex, Marathahalli, Bangalore, 560037",+91 96866 78120,N/A,N/A,4443803111
Mumbai Spice,restaurant,13.0002869,77.5718472,"10th Cross, Malleswaram, Bangalore, 560003",+91 9880055571,N/A,N/A,4444035799
Asha Sweet Center,restaurant,13.0007561,77.5723691,"Sampige Road, Malleshwaram,Bangaloe, 560003",080 4206 7320,https://ashasweetcenter.com/,N/A,4444077849
Chandu's Deluxe,restaurant,12.9992108,77.5722756,"8th Cross Road, Malleshwaram,Bangaloe, 560003",080 6599 6565,N/A,N/A,4444099475
Sri Venkateshwara Hotel,restaurant,13.0026752,77.5720532,"Temple Street, Malleshwaram,Bangalore, 56003",+91 80 4965 2659,N/A,N/A,4444115321
New Fishland,restaurant,12.9972964,77.5718337,"3rd Temple Road, Malleswaram, Bangalore, 560003",+91 8553464945,N/A,N/A,4444125315
Srushti Coffee,restaurant,13.00764,77.5640167,"8th Main Road, Bangalore, 560055",+91 98456 87778,N/A,N/A,4444142525
Chetty's Corner,restaurant,13.0067326,77.5642658,"16th Cross Road, Bangalore, 560003",098440 95576,https://www.chettyscorner.com/,N/A,4444149087
Hotel Ayodhya Upahar,restaurant,13.0018939,77.5784746,"Vyalikaval Main Road, Bangalore, 560003",+91 96200 56546,N/A,N/A,4444162516
Brahmins Thatte Idli,restaurant,13.008246,77.563189,"8th Main Road,Malleshwaram, Bangalore",099006 44777,https://www.facebook.com/brahminsthatteidli,N/A,4444173276
Fenix - Sunray Hotel,restaurant,12.9425467,77.697942,"Opposite Prestige Tech Park, Marathahalli, Outer Ring Road, Kadubisanahalli, Marathahalli, Bangalore, Bangalore, 560037",+91 8 971254477,www.sunrayhotel.com,N/A,4444192976
1522 the Pub,pub,13.0078684,77.5570406,"17th Cross Road, Malleshwaram,2nd Stage,Bangalore, 560003",080 3075 2607,https://www.thepub1522.com/,N/A,4444197722
Thalassery Restaurant,restaurant,12.9566607,77.7026574,"Chandra Layout, Marathahalli, Bengaluru,, Bangalore, 560037",+91 80 3271 3030,N/A,N/A,4444204034
Kritunga Restaurant,restaurant,12.9478299,77.6993579,"Outer Ring Road, Bangalore, 560037",+91 80 6566 5999,N/A,N/A,4444250037
Absolute Barbecue,restaurant,12.9498696,77.6990767,"Outer Ring Road, Marathahalli, Bangalore, 560037",+91 80889 22203,https://www.absolutebarbecues.com/,N/A,4444302108
Cave n Dine,restaurant,12.9862573,77.5403259,"4th Stage, 3rd Block,Basaveshwara Nagar,, Bengaluru, 560079",080 23102051,https://cavendine.com/,N/A,4444302998
Shanmukha Restaurant,restaurant,12.9555378,77.7004205,"Near Home Town, Outer Ring Rd, Marathahalli, Bengaluru, Bangalore, 560037",+91 80 4228 7405,www.shanmukharestaurant.com,N/A,4444318900
Nandhana Palace,restaurant,12.9490913,77.6996578,560037,+91 80 6444 4455,http://www.nandhanahotels.com,N/A,4444328401
Nisarga restaurant,restaurant,12.9682261,77.5375793,"1st Main, Club Road, Near Food World, Hampi Nagar, RPC Layout,Vijay Nagar, Bangalore, 560040",080 23400974,N/A,N/A,4444371825
Sandwich Guru,restaurant,12.9604112,77.529879,"1st Main, Widia Layout, Chandra Layout, Vijay Nagar, Bangalore, 560040",+91 7829190119,N/A,N/A,4444374773
Khaaja Chowk,restaurant,12.9861111,77.7324232,"Beside Symphony Teleca Building, Whitefield,, Bangalore, Bangalore, 560066",+91 78460 94310,https://www.liveinstyle.com/,N/A,4444420057
Earth Plate,restaurant,12.9120592,77.637908,"17th Cross, Sector 7, HSR Layout, Bengaluru, Bangalore, 560102",+91 80 2572 4114,www.earthplate.net,N/A,4444433725
Chung Wah,restaurant,13.0044531,77.5783579,"Vyalikaval Main Road, Bangalore, 560003",080 23567888,www.chungwah.in/,N/A,4444983153
1947 Restaurant,restaurant,13.0056571,77.5690976,"15th Cross Road, Malleshwaram,Bangalore, 560003",080 2679 1213,N/A,N/A,4444989839
Bavitha,hotel,12.9233121,77.664167,"Sarjapur Main Rd, Iblur Village, Bellandur, Bengaluru, 560102",N/A,N/A,N/A,4445076391
Reddy Restaurant,restaurant,12.912147,77.6502115,"17TH CROSS,7TH SECTOR,HSRLAYOUT, bangalore, 560102",+917760510003,N/A,N/A,4445083916
Kohinoor,restaurant,12.9174988,77.6519079,"27th Main, 1st Sector, HSR Layout, Bangalore, 560102",080 64524480 080 42134863,N/A,N/A,4445094274
The Punjabi Rasoi,restaurant,12.9118274,77.6384331,"18th Cross, 3rd Sector, HSR, Bangalore, 560102",080 25720999,N/A,N/A,4445101752
Dass Suites,hotel,12.9466623,77.6476746,"Vasvani Layout, Challaghatta Road, Next to Embassy Golf Link Business Park, Behind Hilton Hotel, Domlur, bengaluru, 560037",080 4091 8525,https://dasssuites.com/,N/A,4445113821
Synergy Suites,hotel,12.9464234,77.6478264,", Embassy Golf Links Road, Embassy Golf Links Business Park, Domlur, bengaluru, 560017",N/A,N/A,N/A,4445116252
Gardenia Suites Golf Links,hotel,12.946457,77.6492864,"Challaghatta junction, Challaghatt, bengaluru, 560017",N/A,N/A,N/A,4445121884
Sea Spice,restaurant,12.9188109,77.5687298,"9th Main Road, Banashankari 2nd stage,Bangalore, 560070",080 49652675,N/A,N/A,4445129105
The Platter,restaurant,12.9271751,77.561435,"30th Main road, Banashankari 2nd Stage, Bangalore, 560085",080 6555 5534,N/A,N/A,4445134680
Delhi Mahal Restaurant,restaurant,13.0073839,77.7579441,"Near Sai Baba Ashram, Kadugodi,, Belthur, 560037",+91 99008 03433,https://www.delhirestaurant.com/,N/A,4445137095
Shri Balaji Andra Style Mess,hotel,12.9450094,77.6492092,"Challaghatta Jct Rd, Challaghatta,, bengaluru, 560017",N/A,N/A,N/A,4445139961
Om Sai Punjabi Dhaba,restaurant,12.9828174,77.7634471,"3G Homes Crimson Layout, Kadugodi, Bengaluru, Bangalore, 560037",+91 9632689248,N/A,N/A,4445146526
Swadesh Tadka,restaurant,12.9256225,77.5646676,"22nd Main Road,Banashankari, Bangalore, 560070",080 4215 1252,https://www.suvi.co.in/,N/A,4445153971
Dot Yum,restaurant,12.9902206,77.7326044,"Thigalarapalya, Hoodi, Kadugodi Plantation,, Whitefield, Bangalore, 560067",+91 80667 07777,https://www.starwoodhotels.com/,N/A,4445154921
Rasoi Restaurant,restaurant,12.9269753,77.5643645,"22nd Main Road,Banashankari, Bangalore, 560070",+91 97380 19114,N/A,N/A,4445161446
Mantra Multicuisine Restaurant,restaurant,12.9235989,77.5550354,"Outer Ring Road, Bangalore, 560085",+91 9900093379,N/A,N/A,4445170393
Srinidhi Sagar,restaurant,12.960753,77.575626,"6th Cross Rd, HAL 3rd Stage, Kodihalli, Bengaluru, Bangalore, 560008",+91 80 25219337,N/A,N/A,4445171747
Ayda Restaurant,restaurant,12.9247336,77.565329,"19th Main Road, Banashankari,Bangalore, 560070",080 42124293,N/A,N/A,4445192190
Nisarga Garden Restaurant,restaurant,12.9418834,77.5707551,"DVG Road, Basavanagudi, Bangalore, 560004",+91 94482 61574,N/A,N/A,4445197030
Hotel New Karavali,restaurant,12.9402569,77.5533988,"22nd Main Road, Banashankari,Bangalore, 560070",+91 8971171462,N/A,N/A,4445208559
Puliyogare Point,restaurant,12.9406714,77.5703714,"Mallikarjuna Temple St, Bangalore, 560004",+91 99869 53484,N/A,N/A,4445209596
Vinny's,restaurant,12.9243553,77.5648981,"24th Cross Road, Banashankari,Bangalore, 560070",080 2671 6795,N/A,N/A,4445212951
Cafe Mondo,restaurant,12.9394749,77.5776672,"Pattalamma Temple Road, 3rd Block, Jaya Nagar East, Bangalore, 560004",080 4208 8686,N/A,N/A,4445214907
Vi Ra's Bar and Restaurant,restaurant,12.9222433,77.5618332,"30th Main road, Banashankari 2nd Stage, Bangalore, 560070",098450 63930,N/A,N/A,4445216483
Hotel New Atithya,restaurant,12.9473154,77.5690141,"Gandhi Bazaar Main Rd, Gandhi Bazaar, Basavanagudi, Bangalore, 560004",080 2650 8150,N/A,N/A,4445233886
New Prashanth Hotel,restaurant,12.9446421,77.5719424,"Puttana Rd, Gandhi Bazaar, Bangalore, 560004",099803 04249,N/A,N/A,4445259436
SLV Corner,restaurant,12.9483651,77.5685364,"Vanivilas Rd, Basavanagudi, Bangalore, 560004",080 2660 9671,N/A,N/A,4445269296
Thindi Katte,restaurant,12.9379147,77.5748672,"S Kariyappa Road, South End Road, Basavanagudi, Opposite To Balaji Medicals, Bangalore, 560004",080 2662 2058,N/A,N/A,4445281666
Cool corner,restaurant,12.947549,77.5739319,"K R Road, Basavangudi, Bangalore, 560004",080 2691 6505,N/A,N/A,4445291691
New Shanthi Sagar,restaurant,12.9387861,77.5799087,"R V Road, Basavanagudi, Near South End Circle, Bangalore, 560004",080 2657 9968,N/A,N/A,4445298694
Maha Lakshmi Tiffin Room,restaurant,12.9470578,77.5714933,"DVG Road, Gandhi Bazaar, Basavanagudi, Bangalore, 560004",080 2290 6305,N/A,N/A,4445303925
Ice Thunder,restaurant,12.9448665,77.5715764,"DVG Road, Gandhi Bazaar, Basavanagudi, Bengaluru, 560004",N/A,N/A,N/A,4445314674
Imperial Plaza,restaurant,12.937747,77.5758056,"S End Rd, Basavanagudi, Bangalore, 560004",N/A,N/A,N/A,4445323668
Cafe Coffee Day,cafe,12.947133,77.5694107,"Gandhi Bazaar, Basavanagudi, Bengaluru, 560004",080 3256 9590,https://www.cafecoffeeday.com/,N/A,4445337724
Thanco's Natural Ice Cream,restaurant,12.9471057,77.5716965,"Govindappa Road, V.C Plaza, Next To Suvarna Silk, DVG Road, Gandhi Bazaar, Basavanagudi, Bangalore, 560004",080 4099 7919,www.thancosnatural.com,N/A,4445351321
Helloo Delhi,restaurant,12.911789,77.6432674,"18th Cross Road, Near Reliance Digital, Sector 3, HSR layout, Bangalore, 560102",+91 80 6535 1717;+91 80 6535 1818,N/A,N/A,4445372309
The Biryani Cafe,restaurant,12.9431647,77.5415743,"10th Cross Road, Banashankari,Bangalore, 560085",088618 37788,N/A,N/A,4445386697
Smacznego,restaurant,12.9240662,77.5642334,"25th Cross Road, Banashankari,Bangalore, 560070",+91 8095161516,N/A,N/A,4445394666
Fish & Fries,restaurant,12.9085132,77.6515084,"27th Main, 22nd Cross, Sector 2, Near NIFT College, HSR Layout, Bangalore, 560102",+91 9880116229 +91 9880202283,N/A,N/A,4445404066
Cinnamon,restaurant,12.9153185,77.6367517,"Ground Floor, Right Wing, 11th Main, 14th Cross, Behind BDA Complex, HSR, Bengaluru, 560102",080 49653542,N/A,N/A,4445411931
Tomatina,restaurant,12.9153154,77.6516588,"4th floor, 27th Main, Above Gold's Gym, Near CPWD Complex, Sector 1, Bangalore, 560102",+91 8042420606 +919008547754,N/A,N/A,4445423961
New Udupi Upahar,restaurant,12.9073279,77.6283365,"1st Floor, BVNR Complex, Hosur Main Road, Bommanahalli, Bangalore, 560068",N/A,N/A,N/A,4445433361
Cafe Coffee Day,cafe,12.8757393,77.5953738,"Bannerghatta Road, Bangalore, 560076",9343003325,https://www.cafecoffeeday.com/,N/A,4445435686
Sardarji Ka Dhaba,restaurant,12.9121011,77.6262626,"Rupena Agrahara, Bommanahalli, Bangalore, 560068",+91 9886432987,N/A,N/A,4445449989
Ammis Biryani,restaurant,12.9025398,77.6253423,"ATM, Bommanahalli Village, Begur, Bommanahalli,, bagalore, 560068",080 39457777,N/A,N/A,4445493335
Chicken Hunt,restaurant,12.9268231,77.548292,"Kathriguppe Main Road, Bangalore, 560085",+91 9341128791,N/A,N/A,4445574724
Karavali Lunch Home,restaurant,12.9306311,77.5535559,"Kathriguppe Main Road, Banashankari,Bangalore, 560085",080 2669 1046,N/A,N/A,4445597227
Unnamed Spot,restaurant,12.982376,77.6381162,N/A,N/A,N/A,N/A,4445599295
Desi Tadka,restaurant,13.0499324,77.5980885,"Vayunandana Layout, Hebbal Kempapura, Bangalore, 560024",080 4965 3579,N/A,N/A,4445599296
Al Khair Restaurant,restaurant,13.0373064,77.6052013,"1st Main Rd, Kanaka Nagar, Hebbal,, Bangalore, 560032",080 2365 1666,https://www.alkhair.in/,N/A,4445614215
Tandoori Knight,restaurant,12.9257484,77.5642118,"22nd Main Road, Banashankari,Bangalore, 560070",+9190352 97404,N/A,N/A,4445616482
Swastik Bar & Restaurant,restaurant,13.0496657,77.597496,"Kempapura Main Road, Rajeshwarinagar New Colony, Near-Syndicate Bank, Hebbal, Bangalore, 560024",099804 34206,N/A,N/A,4445633509
Damadhish Fine Dine - Family Restaurant,restaurant,12.9361938,77.7442057,"Devasthanagalu, Varthur, Bengaluru, Bangalore, 560087",099863 83800,N/A,N/A,4445659844
Rolls Corner,restaurant,12.9391651,77.5637852,"3rd Cross Rd, Basavanagudi, Bangalore, 560004",N/A,N/A,N/A,4445678275
Sea Rock,restaurant,12.9329124,77.5684358,"Lakshmi Tower, R V Road, Basavanagudi, Near South End Circle, Basavanagudi, Bangalore, 560004",N/A,N/A,N/A,4445703389
Oval bar,restaurant,12.991754,77.5711303,"Sampige Road, Bengaluru, 560003",+919916375915,N/A,N/A,4445716765
Harshi Super Sandwich,restaurant,12.9385441,77.5699295,"E Anjaneya Temple St, NR Colony, Basavanagudi, Bangalore, 560004",095357 36455,https://sites.google.com/site/harshisupersandwich/,N/A,4445727000
Vybhava,restaurant,12.9365742,77.5739529,"Kanakpur Road, Basavanagudi, Bangalore, 560004",080 2665 3198,N/A,N/A,4445737595
The Other Crescent,restaurant,12.937044,77.5753259,"Nittoor Bhavana, S Kariyappa Road, Basavanagudi, Bangalore, 560004",080 2662 2058,N/A,N/A,4445742395
Hotel Sanman,restaurant,12.9373404,77.579911,"RV Road, South End Circle, Opp Bangalore Hospital, Basavanagudi, Bangalore, 560004",080 2657 0065,N/A,N/A,4445757328
Amandé Patisserie,restaurant,12.9363723,77.5682018,"4th Main Road, 4th Stage,Thyagaraja Nagar, Bangalore, 560004",080 2676 1080,https://amande.co.in/,N/A,4445782638
Bakery World,restaurant,12.9488056,77.5743239,"Kavi Lakshmisha Rd, Vishweshwarapura, Shankarapura, Bangalore, 560004",080 4093 7384,N/A,N/A,4445799119
Chez Mariannick Bakery & Restaurant,restaurant,12.954963,77.7252993,"Vurthur Road, Siddapura, Whitefield, Bangalore, 560066",097394 06536,N/A,N/A,4446186788
Salt Mango Tree,restaurant,12.9598095,77.7483757,"The Oasis Club, Prestige Ozone, Whitefield Main Road, Bengaluru, 560066",098860 37105,N/A,N/A,4446228003
Aramane Hotel,restaurant,13.0044548,77.5493716,"19th Main, 9th Cross, 1st Block,Rajajinagar,, bangalore, 560010",+91 9986626663,N/A,N/A,4446256785
Navarang Kabab Corner,restaurant,12.9908258,77.5578843,"4th Block, Dr Rajkumar Road,Rajajinagar, bangalore, 560010",080 41487575,navrangkababkorner.in,N/A,4446271460
Kolkata Biryani And Rolls,restaurant,12.9845159,77.5478044,"GEF Block, RajajinagarIndustrial Town, Rajajinaga, bangalore, 560010",+91 7676471371,N/A,N/A,4446284111
Pure and Natural,restaurant,12.9234527,77.5697585,"24th Cross Road, Banashankari,Bangalore, 560070",+91 99805 16501,N/A,N/A,4446286001
White Horse,restaurant,13.0078812,77.5569436,"17th Cross,Malleshwaram, bangalore, 560003",080 22900540,N/A,N/A,4446292152
Hotel Fish Palace,restaurant,13.0081283,77.5545993,"17th Cross, Bridge Road, Opposite Vivekananda College, 2nd Stage, Rajajinagar, bangalore, 560010",080 23472999,N/A,N/A,4446305142
New Prashanth Hotel,restaurant,12.9303018,77.5666608,"2nd Main Road, Banashankari,Bangalore, 560070",080 49569558,N/A,N/A,4446310318
Dwinks Gastropub,restaurant,12.999247,77.5495939,"10th Cross Road, Rajajinagar, Bengaluru, 560086",N/A,N/A,N/A,4446314013
Kudla beach,restaurant,12.9903931,77.5584441,"Kantha Complex, Dr. Rajkumar Road, 3rd Stage, Rajajinaga, bangalore, 560010",080 32409844,N/A,N/A,4446322676
Bengaluru Coffee House,restaurant,12.9349664,77.5469781,"80 Feet Road, Banashankari,Banglore, 560070",+91 95381 98222,N/A,N/A,4446323202
Mayura andra style restaurant,restaurant,12.9758048,77.5526524,"6th Block, Dr Rajkumar Road, Rajajinagar, bangalore, 560010","080-23506361,",N/A,N/A,4446330574
Cave N Dine,restaurant,12.9864094,77.5405663,"4th Stage, 3rd Block,Basaveshwara Naga, Bangalore, 560079",080 23102051,https://cavendine.com/,N/A,4446337629
Mandara Bar and Restaurant,restaurant,12.9278495,77.5462411,"1st Main Road, Banashankari,Bangalore, 560085",097318 20559,N/A,N/A,4446338453
Sagar Caterers and Hotel,restaurant,12.9967355,77.5543173,"Dr Rajkumar Road, Opposite KLE College, Near Navrang Theatre,Rajajinaga, bangalore, 560010",080 23325917,N/A,N/A,4446343508
Shree Nandana Palace,restaurant,12.9891546,77.5500014,"5th Main, West of Chord Road, Shivanagar, Rajajinagar, bangalore, 560010",080 64444455,N/A,N/A,4446347659
K27 - The Pub,pub,12.9216335,77.5702729,"27th Cross Road, Bangalore, 560070",+91 9980097472,N/A,N/A,4446352741
Swathi Green Land,restaurant,12.9780294,77.5426878,"Jaimunirao Circle, Dasarahalli Magadi Road Junction, Vijay Nagar, bangalore, 560040",080 23502055,https://www.swathigroup.co.in/,N/A,4446357174
Ayodhya Upachar,restaurant,12.9285834,77.5457702,"Outer Ring Road, Banashankari,Bangalore, 560085",099013 93214,N/A,N/A,4446359270
Park View,restaurant,12.9728679,77.5391454,"6th Main, Near Reliance Web World, Vijay Nagar, Bangalore, 560040",080 23209082,N/A,N/A,4446363950
Sai Prasadam,restaurant,12.9643262,77.5404059,"5th Main Road Rpc Layout, Vijayanagar, Bangalore, 560040",80-23200916,N/A,N/A,4446374048
Koli Mane,restaurant,12.9606425,77.5300492,"1st Main, Widia Layout, Chandra Layout, Vijay Naga, Bangalore, 560040",+91 7829190119,N/A,N/A,4446403278
Rolls on Wheels,restaurant,12.925663,77.5644456,"22nd Main Road, Banashankari,Bangalore, 560070",+91 8088112222,N/A,N/A,4446404163
Ahaar Family Restaurant,restaurant,12.9450272,77.6807331,"Kempapura Main Road, Bangalore, 560024",+91 97395 05169,N/A,N/A,4446406406
Janahaar,restaurant,12.9279866,77.5519145,"Kathriguppe Main Road, Banashankari,bangalore, 560085",+91 90351 04559,N/A,N/A,4446409048
Classic inn veg and non veg,restaurant,12.9698886,77.5327543,"20th Main Road, Vijay Naga, bangalore, 560040",+91 8023505748,N/A,N/A,4446411046
New Sri Banashankari Donne Biriyani Corner,restaurant,12.9416198,77.5573584,"Hanumantha Nagar Main Road / 50 Feet Road, Banashankari,Bangalore, 560050",+91 99455 50255,N/A,N/A,4446411830
Sagar Restaurant,restaurant,12.9731233,77.5403966,"Vijay Nagar Main Road, Vijay Nagar, Bangalore, 560040",+91 8880803832,N/A,N/A,4446414071
Souvee,restaurant,12.9467628,77.6811611,"Krishna Enclave, Shop No. 1, Plot No. 102, Yemalur Main Road, Near Yemalur Post Office, Bangalore",+91 70222 96051,https://souvee.com/,N/A,4446419067
Ammi's Biryani,restaurant,12.9245511,77.5655512,"24th Cross Road, Banashankari,Bangalore, 560070",+91 80679 77777,N/A,N/A,4446427903
Coffee Bytes,restaurant,12.9415734,77.5578002,"10th Main Road,, Banashankari,Bangalore, 560050",+91 88846 80081,N/A,N/A,4446439565
Pizza Hut,restaurant,12.9677845,77.535901,"17th Cross, 21st Main Road, M.C Layout, Vijay Nagar, Bangalore, 560040",080 49653186,https://restaurants.pizzahut.co.in/,N/A,4446440859
Hari Super Sandwich,cafe,12.9256173,77.5649753,"BDA Complex, Banashankari,Bangalore, 560070",+91 9986550559,N/A,N/A,4446446747
Coastal heritage,restaurant,12.9673983,77.5239973,"Opposite Kalyan Nagar Bus Stop, Nagarbhavi Main Road, Mudalapalya, Vijay Nagar, bangalore, 560040",080 23353344,N/A,N/A,4446474806
Rotti Mane,restaurant,12.969586,77.5346634,"I Main, 'A' Cross, III Main Road, Chandra Layout, Near Adishwara TV Showroom, Vijay Nagar, Bangalore, 560040",+91 9916556311,N/A,N/A,4446483162
The square plate,restaurant,12.9787404,77.5405545,"1st Floor, SV Complex, Near Raheja Apartments, Magadi Road, bangalore, 560040",+91 9742201125,N/A,N/A,4446489376
Donne biryani house,restaurant,12.9528642,77.5289366,"8th Main, Near Traffic Police Station, Vijay Nagar, bangalore, 560040",080 68888366,N/A,N/A,4446511509
Spoorthy dosa point,restaurant,12.9757428,77.5335935,"Prashanth Nagar Main Road,Vijay Nagar,, Bangalore, 560040",+91 9632143413,N/A,N/A,4446517434
Andhra Mess,restaurant,12.9489617,77.6873872,"Kariyammana Agrahara Rd, Yemalur, Bellandur, Bengaluru, 560037",N/A,N/A,N/A,4446549310
Hotel Moon Light,restaurant,12.9966939,77.5687228,"5th Cross, 4th Main,Malleshwaram, bangalore, 560003",080 23442993,N/A,N/A,4446553289
Vinayaka Hotel,hotel,12.9489087,77.6872536,"Yemalur Main Rd, Yemalur, Bellandur,, Bengaluru, 560037",N/A,N/A,N/A,4446554294
Rajhadhani Thali Restaurant,restaurant,12.9918756,77.5701543,"Sampige Road, Bengaluru, 560003",080 22667345,N/A,N/A,4446600481
Pizza stop,restaurant,13.0081862,77.5709853,"Near 18th Cross, Sampige Road, Malleshwaram, Bangalore, 560003",+91 7760830320,pizzastop.in,N/A,4446606617
"Sampradaya - Fast Food, Fresh Fruits And Vegetables",restaurant,12.9485945,77.6827666,"Yemalur Main Rd, Kadubeesanahalli,, Bangalore, 560037",+91 96208 88836,N/A,N/A,4446607627
High Ultra Lounge,restaurant,13.0121369,77.5564966,"31st Floor, Dr. Rajkumar Road, World Trade Centre, Brigade Gateway Campus, Malleshwaram, Bangalore, 560055",080 45674567,https://highultralounge.com/,N/A,4446618881
Iyer Mess,restaurant,12.9987069,77.5699054,"Near Devi Prasad Home Appliances, 7th & 8th Cross, West Park RD, Malleshwaram, bangalore, 560003",080 23343418,N/A,N/A,4446632053
Sway,restaurant,13.0208903,77.643156,", HRBR Layout 2nd Block, Kalyan Nagar, Bangalore, 560043",N/A,N/A,N/A,4446869496
Yogis Donne Biryani,restaurant,13.0180644,77.6548189,"First Floor, Tavarekere Main Rd, BTM Layout, bangalore, 560043",N/A,N/A,N/A,4446949042
Matru Sagar,restaurant,13.0259923,77.6405519,"Chelikere Ring Road, Near-23rd Bmtc Bus Depot, Kalyan Nagar,, bangalore, 560043",N/A,N/A,N/A,4446954987
Food Magic Restaurant,restaurant,13.0217392,77.6397872,"HRBR Lay out, Near Axis bank, Bangalore, 560043",N/A,N/A,N/A,4446961587
Udupi Park Deluxe,restaurant,13.0313957,77.6359521,"Hennur Bagalur Rd, HBR Layout 4th Block, Kalyan Nagar, bangalore, 560043",N/A,N/A,N/A,4446969359
Gawa,restaurant,13.0226589,77.6395368,"5th Main Rd, HRBR Layout, Kalyan Nagar, bangalore, 560043",N/A,N/A,N/A,4446972680
Udupi Ruchis,restaurant,12.9170843,77.5596138,"Puttalingaiah Road, Banashankari,Banglore, 560070",+91 78293 51388,N/A,N/A,4446973326
Faasos,restaurant,13.0222694,77.6397678,"5th A Cross Road, HRBR Layout 2nd Block, HRBR Layout, Kalyan Nagar, Bangalore, 560043",N/A,N/A,N/A,4446975139
Antarastriya,restaurant,12.9982337,77.570518,"7th Cross, Sampige Road, Malleshwaram, bangalore, 560003",+91 9741412613,N/A,N/A,4446978239
Al Amanah Cafe,restaurant,13.0155944,77.6397049,"PNS Layout, Kalyan Nagar,, bangalore, 560043",N/A,N/A,N/A,4446981238
Hotel Enzo International,hotel,12.9213347,77.66384,"5th Cross, Below Iblur Flyover, Sarjapur Main Road,, Agara Post, Bengaluru, 560102",+91 73539 49999,https://www.hotelenzo.in/,N/A,4446983553
Matru Sagar,restaurant,12.94167,77.5564774,"Hanumantha Nagar Main Road / 50 Feet Road, Banashankari,Bangalore, 560050",+91 7411860439,N/A,N/A,4446983586
Kera Cafe,restaurant,13.0257816,77.6378902,"1st Floor, 5th A cross LL Block, HRBR layout, Kalyan nagar, Bangalore, 560043",N/A,N/A,N/A,4446983972
Hotel IRA Residency,hotel,12.9217521,77.6638083,"5th Cross, Near Ibblur Bus Stop, Outer Ring Rd, Agara Village, Sector 4, HSR Layout, Bengaluru, 560102",080 2572 7656,https://www.iraresidency.com/,N/A,4446986266
Halli Dhaba,restaurant,12.9334596,77.5463009,"80 Feet Road, Banashankari,Banglore, 560070",+91 9844560214,N/A,N/A,4446989153
Paakashala,restaurant,13.0071899,77.5682268,"4th Main, 16th Cross, Malleshwaram, Bangalore, 560003",N/A,https://paakashala.com/,N/A,4446989687
Raidan RestaurantRaidan Restaurant,restaurant,13.0220667,77.6302525,"Kalyan Nagar, Near Indo Asian Girls school, Meganahalli,, Bangalore, 560043",N/A,N/A,N/A,4446990609
Sri Banashankari Nati Style,restaurant,12.9152705,77.5609497,"Subramaniapura Road, Banashankari,Bangalore, 560070",097421 74293,N/A,N/A,4446992350
Big Straw Boba Bistro,restaurant,13.0050001,77.5654236,"4th Floor, 8th Main, Above Nilgiris, Near Bumble Bee Studio, Malleshwaram, Bangalore, 560003",+91 9945164425,bigstraw.in,N/A,4446992387
Rao's Biryani Center,restaurant,12.9447368,77.5537072,"Ramanjaneya Road, Banashankari,Bangalore, 560050",+91 99642 56007,N/A,N/A,4446992573
Sri Raghavendra Store,restaurant,13.0007571,77.563817,"Opposite Manipal North Side Hospital, Near Malleshwaram Railway Station, Malleshwaram, bangalore, 560003",080 23348477,N/A,N/A,4446993180
Sri Krishna Bhawan,restaurant,13.0230548,77.6472679,"9th Main Rd, Kalyan Nagar, Babusabpalya, Hennur, Bangalore, 560043",098801 98969,N/A,N/A,4446997759
BYLI - Bet You Love It!,restaurant,13.0225104,77.6395484,"First Avenue, 5th Main, 2nd Block, HRBR Layout, Kalyan Nagar, bangalore, 560043",N/A,N/A,N/A,4446999237
Satvik Grand,restaurant,12.9985408,77.5695317,"7th Cross, Near Malleswaram Association, Below Axis Bank, Malleshwaram, bangalore, 560003",N/A,N/A,N/A,4447001196
Bullet Biryani,restaurant,13.023783,77.6399492,"5th Main Rd, HRBR Block-2, Kalyannagar,, Bangalore, 560043",080954 81470,N/A,N/A,4447001525
Cake House,restaurant,13.0222385,77.6399929,"5th A Main Road, 2nd Block, HRBR Layout, Kalyan Nagar, bangalore, 560043",N/A,N/A,N/A,4447006252
Suchi ruchi veg,restaurant,13.0012483,77.5723483,"1st Main, 10th Cross Temple Road, Sampige Road, Malleshwaram, Bangalore, 560003",91 9448804902,N/A,N/A,4447006716
Sri Annapoorneshwari Hotel,restaurant,12.8665964,77.6548452,"Opp. HDFC Bank ATM, Hosur Main Road, Bangalore, 560030",N/A,N/A,N/A,4447006822
Regency Park,restaurant,13.0230092,77.6370539,"Mariappa Circle, Kammanahali Rd, HRBR Layout 3rd Block, Kalyan Nagar, Bangalore, 560043",080 2544 1410,regencypark.co.in,N/A,4447009029
Unnamed Spot,restaurant,12.9409856,77.6085956,"Hosur Rd, Koramangala, Bangalore, 560030",N/A,N/A,N/A,4447010431
A1 Biryani Restaurant,restaurant,12.9961953,77.5715924,"3rd Cross, Sampige Road, Malleshwaram, Bangalore, 560003",+91 7411144480,N/A,N/A,4447010999
Sukh Sagar,restaurant,13.0207053,77.6367655,"Kammanahalli Main Road, Near-Jal Vayu Vihar, Kalyan Nagar, Bangalore, 560043",080 4126 4476,sukhsagar.com,N/A,4447012034
Sri Sathya Sai Food Corner,restaurant,12.943229,77.6091984,"Basavanna Temple Road, AK Colony, Adugodi, Bangalore, 560030",098862 35580,N/A,N/A,4447013603
Holige Mane,restaurant,13.0011281,77.5724061,"10th Cross Rd, Yalappa Garden, Malleshwaram, Bengaluru, Bangalore, 560003",+91 97317 31105,N/A,N/A,4447016309
Taj Food Point,restaurant,12.939969,77.6091099,"Adugodi, Hosur Road, Bangalore, 560030",9008010360,N/A,N/A,4447017355
Pars Restaurant,restaurant,13.0259481,77.6372048,"Service Rd, HRBR Layout 2nd Block, Kalyan Nagar, Bangalore, 560043",N/A,N/A,N/A,4447017910
Hruday's D- 3,restaurant,12.9438907,77.6073926,"Hosur Rd, Ayappa Garden, Adugodi, Bangalore, 560030",080 6546 4662,N/A,N/A,4447019429
UP south,restaurant,12.9917339,77.5706166,"Sampige Road, Bengaluru, 560003",+918022667311,https://www.upsouth.in/,N/A,4447020027
D3 multi cusine,restaurant,12.9424172,77.6079042,"Hosur Rd, Nanjappa Layout, Adugodi, Bangalore, 560030",N/A,N/A,N/A,4447020567
Unnamed Spot,restaurant,12.944786,77.5717922,N/A,N/A,N/A,N/A,4447071065
U.D Roti Ghar &Cake ghar,restaurant,12.9447626,77.5717734,"Next to cake ghar,Gandhi Bazaar Main Rd, Gandhi Bazaar, Basavanagudi, Bangalore, 560004",080 2662 2760,https://www.facebook.com/rotighar,N/A,4447071066
Soho Bar & Grill,restaurant,12.9446144,77.5729301,"3rd Floor, Gandhi Bazaar Main Road, Gandhi Bazaar, Basavanagudi, Bangalore, 560004",080 4160 9443,https://www.31southparkhotel.com/sohobar.html,N/A,4447072621
Shri Nidhi Sagar,hotel,12.9457742,77.6491278,"Challaghatta, bengaluru, 560037",N/A,N/A,N/A,4447075647
Shri Ganesh Upahar,restaurant,12.9414978,77.6087872,"AK Colony, Adugodi, Bangalore, 560030",9448619303,N/A,N/A,4447075922
Gokul Veg,restaurant,12.9444068,77.5709394,"1st Floor, GR Plaza, DVG Road, Gandhi Bazaar, Basavanagudi, Bangalore, 560004",080 2662 7612,https://www.gokulveg.in/,N/A,4447076724
Hotel Nalapaka,restaurant,12.9985137,77.5523235,"12th Main, Near Navarang Theatre, Rajajinagar, Bengaluru, bangalore, 560010",080 2352 3108,N/A,N/A,4447076789
Presto,restaurant,12.9378405,77.574857,"S Kariyappa Road, Basavanagudi, Bangalore, 560004",080 2662 2058,N/A,N/A,4447078189
iLounge Cafe,restaurant,12.9415138,77.6083283,"Laksar Hosur Road, Adugodi, Bangalore, 560030",080 6456 7738,www.ioungecafe.asia.com,N/A,4447078886
Kamath Bugle Rock,restaurant,12.9396288,77.5667866,"Bull Temple Road, Bangalore, 560004",080 4124 1112,N/A,N/A,4447082895
The Rogue Elephant,restaurant,12.9415832,77.5770807,"Kanakapura Rd, Basavanagudi, bangalore, 560004",098456 64681,N/A,N/A,4447085544
Delhi Walle,restaurant,12.9617937,77.7013456,"Next to US Pizza, Ring Road,Marathahalli, Bengaluru, 560037",080 64539513,N/A,N/A,4447087023
Kairali,restaurant,12.9266045,77.5459463,"Near Aiyappa Temple, Madivala, Bangalore, 560085",+91 9844034033,https://www.kairali.com/,N/A,4447087215
Udupi Sri Krishna Bhavan,restaurant,12.9458476,77.5710517,"Gandhi Bazaar Main Rd, Gandhi Bazaar, Basavanagudi, Bangalore, 560004",N/A,N/A,N/A,4447090061
Shanghai times,restaurant,12.9980375,77.6962682,"Whitefield Main Road, Mahadevpura, Devasandra Industrial Estate, Krishnarajapuram, Bengaluru, Bengaluru, 560048",+918067266130,N/A,N/A,4447090186
Gilly's resto-bar,restaurant,12.9820804,77.6926306,"Opposite EMC2, Outer Ring Road, Doddanekundi, Mahadevpura, Bangalore, 560037",N/A,N/A,N/A,4447099294
Kabab Magic,restaurant,12.9403117,77.5798319,"Opposite Vijaya College, RV Road, Basavanagudi, Bangalore, 560004",080 2657 0381,N/A,N/A,4447099380
Punjabi Dawat,restaurant,12.9499525,77.700234,"SGR Dental, College Road, Munnekollal, Marathahalli, Marathahalli, Bangalore, 560037",+91 7338330821,N/A,N/A,4447101867
Leanin Tree Art Cafe,restaurant,12.9377243,77.5794545,"Patalamma Street, Basavanagudi, Bangalore, 560004",098862 18518,N/A,N/A,4447105420
PBN Express,restaurant,12.9979686,77.6966599,"Whitefield Main Road, Mahadevpura, Devasandra Industrial Estate, Krishnarajapuram, Bengaluru, 560048",+918049138800,https://www.punjabibynature.com/,N/A,4447108501
New Modern Hotel,restaurant,12.9543124,77.5786901,"V V Puram College of Science, Parvathipuram, Basavanagudi, Bengaluru, 560004",080 2661 2625,https://newmodernhotel.com/,N/A,4447108639
Hungerez,restaurant,12.9444202,77.5729266,"Gandhi Bazaar Main Rd, Gandhi Bazaar, Basavanagudi, Bangalore, 560004",097424 00031,http://www.hungerez.com/,N/A,4447110450
The Grand Taj,restaurant,12.9814422,77.6030131,"Lady Curzon Road,Shivajinagar, Bangalore, 560001",080 25591838,N/A,N/A,4447114135
Grand Village,restaurant,12.9444107,77.5721169,"3rd Floor, Above Reliance Trends, 10, Gandhi Bazaar Main Rd, Basavanagudi, Bangalore, 560004",080 2661 2447,N/A,N/A,4447114176
Copper Chimney,restaurant,12.9973146,77.6969454,"Whitefield Main Road, Mahadevpura, Devasandra Industrial Estate, Krishnarajapuram",+918067266455,https://www.copperchimney.in/,N/A,4447119333
K. V.,restaurant,12.983648,77.6090046,"Veerapillai Street,Shivajinagar, Bengaluru, 560001",+91 9886079972,N/A,N/A,4447120056
Szechuan Dragon Chinese Restaurant,restaurant,12.9401607,77.5643716,"Second Floor, 1st Main, Arush Trapeze, Mount Joy Road, Behind BMS College of Engineering, Bangalore, 560004",096635 67711,N/A,N/A,4447120631
69 Second,restaurant,12.9391586,77.6892056,"Kariyammana agrahara, yemalur, Marathalli,, Bangalore",+919986383678,N/A,N/A,4447122292
Hotel Dwarka,restaurant,12.9376671,77.5676462,"7th Cross Road, NR Colony, Basavangudi,, Bangalore, 560004",080 2590 5217,N/A,N/A,4447124200
Pramukh Family Restaurant - Prassidhi Enterprises,restaurant,12.9440883,77.5725864,"Mallaraiah Complex, 1st Floor, Gandhi Bazaar Main Rd, Gandhi Bazaar, Basavanagud, Bangalore, 560004",080 2662 2484,N/A,N/A,4447127000
Hotel Aditya,restaurant,13.003897,77.5435549,"Opposite Nandini Theatre, 6th Main Rd, Mahalakshmi Puram, 2nd Phase, 2nd Stage, bangalore, 560010",+91 97310 15011,N/A,N/A,4447132775
Vidyarthi Bhavan,restaurant,12.9450065,77.5714721,"Gandhi Bazaar Main Road, Basavanagudi, Bengaluru, 560004",+91 80 2667 7588,https://vidyarthibhavan.in,N/A,4447135317
Gandharva Family Restaurant,restaurant,12.9375122,77.5759985,"S End Rd, Yediyur, Basavanagudi, Bangalore, 560070",080 2663 1181,N/A,N/A,4447143200
Shree Nandini Palace,restaurant,12.9898003,77.5500343,"1st Stage, West Shivanahalli, Chord Road, Shivanagar, Rajaji Nagar, bangalore, 560010",080 2335 0055,N/A,N/A,4447156426
Tiger Trail,restaurant,12.9839499,77.5985328,"Park Road, Shivaji Nagar, Shivaji Nagar, Bangalore, 560001",080 2286 5566,www.ramadabangalore.com,N/A,4447156679
Koli Mane,restaurant,12.9328003,77.5688005,"2nd Main, Near-SBI, Basavanagudi, Bangalore, 560028",080 2676 5670,N/A,N/A,4447158330
Classic Tea Stall,cafe,12.9343229,77.6861083,"Outer Ring Road, bangalore",N/A,N/A,N/A,4447160251
South Thindies,restaurant,12.938888,77.5755794,"Kankapura Road, Yediyur, Basavanagudi, Bangalore, 560004",N/A,N/A,N/A,4447161307
Hilal Restaurant,restaurant,12.9857716,77.6020901,"HKP Road  Shivajinagar, Shivaji Nagar, Bangalore, 560001",080 22867300,N/A,N/A,4447161315
Social,restaurant,12.9971395,77.6969098,"Whitefield Main Road, Mahadevpura, Devasandra Industrial Estate, Krishnarajapuram",+918040515253,N/A,N/A,4447163802
Adyar Ananda Bhavan,restaurant,12.9445488,77.57272,"Gandhi Bazar Main Road, Bangalore, 560004",+91 80 4120 3999,https://aabsweets.com,info@aabsweets.com,4447163847
Ambika Veg Restaurant,restaurant,12.9878305,77.5558493,"2nd Main, Near-Navarang Theater, Dr Rajkumar Rd, D-Block, 2nd Stage, Rajaji Nagar,, Bangalore, 560010",080 4121 4708,N/A,N/A,4447163944
Impering,restaurant,12.9821477,77.6032233,"Near Bowring Hospital,, Central Street, Shivaji Nagar, Shivaji Nagar, Bangalore, 560001",080 2286 3639,N/A,N/A,4447171741
Malgudi Southern Cuisine,restaurant,12.9651193,77.7017267,"Marathahalli-Sarjapur Outer Ring Road, Marathahalli, Marathhalli, Bangalore, 560037",080 2540 1351,N/A,N/A,4447173684
viking,restaurant,13.006544,77.5647739,"Near MES College, 8th Main, 15th Cross, Malleshwaram, Bangalore, 560003",080 23444411,N/A,N/A,4447193074
OvenTreats - Patisserie.Bistro,restaurant,13.0222667,77.6470832,"5th Cross, 9th Main, 1st Block HRBR Layout, Kalyan Nagar, Bangalore, 560043",090350 03460,N/A,N/A,4447226448
Unnamed Spot,restaurant,13.0236936,77.6431324,"7th Main Rd, HRBR Layout 1st Block, Vijaya Bank Colony Extension, Kalyan Nagar, bangalore, 560043",N/A,N/A,N/A,4447228633
Chulha Chowki Da Dhaba,restaurant,13.0249093,77.6317491,"1M, Masand Esquire,Hennur Main Road, HRBR Layout 3rd Block, Opp Teachers Academy, Near Hennur Bus Depot, Bangalore, 560043",080 3232 9977,http://www.chulhachaukidadhaba.com/ContactUs.php,N/A,4447235887
ande ka funda,cafe,12.9369135,77.6905688,"56,srinivas reddy building bellandur banglore 03",N/A,N/A,N/A,4447236549
Paradox Resto-Cafe,restaurant,13.028492,77.6347149,"Hennur Bagalur Rd, Kalyan Nagar, bangalore, 560043",080 4110 8043,https://www.zomato.com/bangalore/paradox-rest-o-cafe-kalyan-nagar,N/A,4447243242
Shawarma king,restaurant,12.9997652,77.6173181,"5th Main Rd HRBR Layout 1st Block HRBR Layout Kalyan Nagar HRBR Layout 1st Block HRBR Layout Kalyan Nagar, bangalore, 5600043",080 3202 8839,N/A,N/A,4447249418
Tashan The Punjabi Cuisine,restaurant,13.0239866,77.6329956,"CMR Rd, HRBR Layout 3rd Block, Kalyan Nagar, Bangalore, 560043",080 4112 5127,N/A,N/A,4447263066
Paranthas and Dosas,restaurant,13.021689,77.639838,"CMR Rd, HRBR Layout, Kalyan Nagar, Bangalore, 560043",080 3271 3131,N/A,N/A,4447268977
Delicacy Restaurant,restaurant,13.0263547,77.6405892,"1st Floor, L.G.R. Complex, Outer Ring Rd, Chelekare, bangalore, 560043",080 2544 9944,http://ww2.delicacyrestaurant.com/?folio=7POYGN0G2,N/A,4447271702
Oye Hoye,restaurant,13.0184721,77.6427206,"2nd B cross , 2nd Block , 6th A Main, Kalyan Nagar, Bangalore, 560043",099000 03026,N/A,N/A,4447284873
Chung's Chinese Corner,restaurant,13.0221892,77.6397816,"2nd Block, Kalyan Nagar, 5th A Main, HRBR Layout, Bangalore, 560043",080 2542 8677,N/A,N/A,4447291372
Hotel Little Imperial,hotel,13.0230447,77.6473827,", H R B R Layout, 1st Block, Babusa Palya, Near Sri Krishna Bhvan, Kalyan Nagar, Bangalore, 560043",080 4164 6360,N/A,N/A,4447297542
La Casa,restaurant,13.0250736,77.6401906,"5th Main Cross Road, HRBR Layout Kalyan Nagar 2 Block, bangalore, 560043",080 4208 4201,N/A,N/A,4447307112
7 Plates,restaurant,13.0232051,77.639886,"5th Cross Rd, HRBR Layout 3rd Block, HRBR Layout, Kalyan Nagar, Bangalore, 560043",078297 79997,N/A,N/A,4447308906
Mast Kalandar,restaurant,13.0219932,77.6405659,"First Floor, CMR Road, HRBR Layout,2nd Block, Kalyan Nagar, Bangalore, 560043",080 4161 0777,https://mkdabbawala.com/,N/A,4447315290
Hi Seoul,restaurant,13.0149162,77.6466021,"7th Main Road, Kalyan Nagar, Bangalore, 560043",098457 71657,N/A,N/A,4447317940
Unwined,restaurant,13.0254536,77.6397912,"5th Main Road, HRBR Layout,2nd Block, Kalyan Nagar, bangalore, 560043",080 4167 8999,N/A,N/A,4447320093
Aioli BBQ & Grill Smoke House,restaurant,13.0232481,77.6394478,"5th Main Rd, HRBR Layout 2nd Block, Kalyan Nagar, bangalore, 560043",080 6999 0174,N/A,N/A,4447327735
Thran,restaurant,13.0240994,77.6340746,"Ground Floor, 4th A Cross Road, HRBR Layout 3rd Block, Kalyan Nagar, Bangalore Urban, Bangalore, 560043",080 4205 0685,N/A,N/A,4447331157
Rajdhani,restaurant,12.9968154,77.6968884,"Phoenix Market City, Whitefield Road, Mahadevpura, Bengaluru, 560048",+918067266503,https://www.rajdhani.co.in/,N/A,4447343877
Chili's,restaurant,12.996706,77.6968735,"Whitefield Main Road, Mahadevpura, Devasandra Industrial Estate, Krishnarajapuram, Bengaluru, 560048",+918067266406,https://www.chilis.com/,N/A,4447345580
Mani's Dum Biryani,restaurant,13.0256069,77.6384078,"Service Rd, HRBR Layout 2nd Block, Kalyan Nagar, Bangalore, 560043",080 2545 1318,https://www.speciality.co.in/global_grill/index.html,N/A,4447350026
Cafe Noir,restaurant,12.996601,77.6968556,"Whitefield Main Road, Mahadevpura, Devasandra Industrial Estate, Krishnarajapuram, Bengaluru, 560048",+918067266099,https://www.cafenoir.co.in/,N/A,4447354211
Mainland China,restaurant,13.0255101,77.6383709,"5th A Cross Road, HRBR Layout 2nd Block, Kalyan Nagar, Bangalore, 560043",080 2545 1358,https://www.speciality.co.in/mainland_china/index.html,N/A,4447355796
Barbeque Nation,restaurant,13.0215823,77.6403247,"B.R.Plaza, 3rd Floor, 4th Cross, CMR Road, Hrbr Layout, Kalyan Nagar, Kalyan Naga, Bangalore, 560043",080 6060 0000,https://www.barbequenation.com/,N/A,4447363016
Beijing Bites,restaurant,13.0245897,77.637388,"Kammanahalli Main Rd, HRBR Layout 2nd Block, Kalyan Nagar, Bangalore, 560043",080 4090 4288,https://beijingbites.com/,N/A,4447373687
Belgyum,restaurant,12.9963625,77.6968264,"Whitefield Main Road, Mahadevpura, Devasandra Industrial Estate, Krishnarajapuram, Bengaluru, 560048",+918049653058,www.belgyum.in,N/A,4447438489
Buntea &Bubbly,cafe,12.9960668,77.6965785,"Whitefield Main Road, Mahadevpura, Devasandra Industrial Estate, Krishnarajapuram, Bengaluru, 560048",+919008026615,www.bunteabubbly.appspot.com,N/A,4447486771
Starbucks,cafe,12.9977264,77.6966474,"Whitefield Main Road, Mahadevpura, Devasandra Industrial Estate, Krishnarajapuram, Bengaluru, 560048",N/A,https://www.starbucks.in/,N/A,4447494197
Cafe Coffee Day,cafe,13.0450945,77.6265054,"Thanisandra Main Road, Bangalore, 560077",74832 95691,https://www.cafecoffeeday.com/,N/A,4447495451
Dialogues Cafe,cafe,12.9353486,77.6249595,"100 feet road, Koramangala 4th Block",098119 74842,www.dialoguescafe.com,N/A,4447594673
Noodle Bar,restaurant,12.9977968,77.6959728,"Phoenix Market City, Whitefield Road, Mahadevpura, Bengaluru, 560048",8033166466,N/A,N/A,4448657260
Ira Residency,restaurant,12.9216216,77.6638046,"5th Main Road, Bengaluru, 560034",080 2572 7656,N/A,N/A,4448806479
Ira Residency,restaurant,12.9233799,77.6341276,"5th Cross, Near Ibblur Bus Stop, Outer Ring Rd, Agara Village, Sector 4, HSR Layou, bangalore, 560102",080 2572 7656,N/A,N/A,4448886964
Canteen,restaurant,12.9712159,77.6038085,"Museum Road, Bangalore, 560025",N/A,N/A,N/A,4455967178
Athithi Grand,restaurant,12.8912738,77.5649779,Kanakapura Road,N/A,N/A,N/A,4456339091
Aurick Boutique,hotel,12.9062397,77.578546,N/A,N/A,N/A,N/A,4456370889
Chakum Chukum,restaurant,12.9794606,77.6467914,N/A,N/A,N/A,N/A,4457272193
Thai Chy,restaurant,12.9779506,77.6364756,N/A,N/A,N/A,N/A,4457272195
Ghar Ki Thali,restaurant,12.9730709,77.6473851,N/A,N/A,N/A,N/A,4457282878
NH 8,restaurant,12.9732957,77.6468196,N/A,N/A,N/A,N/A,4457282879
The Waffle House,restaurant,12.9705577,77.6471384,N/A,N/A,N/A,N/A,4457286919
Empire,restaurant,12.9330908,77.5814924,N/A,N/A,N/A,N/A,4457339489
Teal Door Cafe,cafe,12.9824862,77.6393384,N/A,N/A,N/A,N/A,4457721688
Kona Kafe,cafe,12.9070086,77.5488113,N/A,N/A,N/A,N/A,4463224992
Java City Jayanagar,cafe,12.9349175,77.5829015,Jayanagar 3rd block,N/A,N/A,N/A,4464435191
Amma's Pastry,cafe,13.0788541,77.5591782,"Vidyaranyapura Road, Bangalore, 560097",N/A,N/A,N/A,4469903721
Hitel Tadka,restaurant,12.9544918,77.6490249,3rd Cross Road,N/A,N/A,N/A,4472344002
Nirvana,hotel,12.9462306,77.6738079,"kempapura main road,kempapura,bellandur, bangalore, 560037",N/A,N/A,N/A,4475026334
Onesta,restaurant,12.9977967,77.5474478,"Modi Hospital Main Road, bangalore, 560086",7760714154,https://www.onestalove.com/,N/A,4477083305
Chung's Chinese Corner,restaurant,12.9973118,77.5469972,"Modi Hospital Main Road, bangalore, 560086",080 23104929,N/A,N/A,4477083306
"The Craftery by Subko, BLR",cafe,12.926081,77.6254085,"Sarjapura Road, Koramangala, Bengaluru, 560034",N/A,https://www.subko.coffee,N/A,4489756652
TAP Paradise Hotel,hotel,12.9725982,77.5794076,N/A,N/A,N/A,N/A,4506230395
The Chocolate Room,cafe,12.936323,77.6148832,560084,N/A,N/A,N/A,4506805592
3 Ediots,restaurant,13.054399,77.6450739,"K. Narayanapura Main Road, Bangalore, 560077",+91 9620633312,N/A,N/A,4511497057
Bengaluru House,restaurant,12.9682582,77.6517189,N/A,N/A,N/A,N/A,4512283089
Sri Udupi Park Signature,restaurant,12.9621711,77.6492415,N/A,N/A,N/A,N/A,4512358072
Sanidhi,restaurant,12.9852813,77.4800802,"Magadi Road, 560091",N/A,N/A,N/A,4516950889
Utsav Veg,restaurant,12.9740785,77.5498168,Magadi Road,N/A,N/A,N/A,4518535691
Majushree veg,restaurant,12.9833026,77.4788057,N/A,N/A,N/A,N/A,4519140989
South Ruchi veg,restaurant,12.97755,77.5455277,Magadi Road,N/A,N/A,N/A,4519919490
Unnamed Spot,cafe,12.9660378,77.6023232,N/A,N/A,N/A,N/A,4527833925
Unnamed Spot,cafe,12.9572546,77.6074721,N/A,N/A,N/A,N/A,4527833926
Zarco,cafe,12.9991705,77.6946147,"2nd Main Road, Bengaluru, 560048",+91 1929891929,www.aumzone.com,N/A,4528143099
K.R Hotel,restaurant,13.0144549,77.7010779,"Bangalore, 560036",N/A,N/A,N/A,4528688848
Priya Tiffin Room,cafe,12.9889585,77.555959,N/A,N/A,N/A,N/A,4530356087
Fusion,restaurant,13.021608,77.6416377,5600043,N/A,N/A,N/A,4535189245
Chai Point,cafe,12.9820341,77.609063,N/A,N/A,N/A,N/A,4535329595
Woodys,restaurant,12.9824503,77.6102305,N/A,N/A,N/A,N/A,4535338194
Doddmane hotel,restaurant,12.9859012,77.4776562,N/A,N/A,N/A,N/A,4541343492
Adyar Ananda Bhavan,restaurant,12.9537484,77.543639,"Mysore Road, Bangalore, 560026",+91 80 2674 6999,https://aabsweets.com,info@aabsweets.com,4542486736
Rosewood International Hotel,hotel,12.9529166,77.5450511,"Mysore Road, Bangalore, 560026",N/A,N/A,N/A,4542489893
Rotti Mane Dhabha,restaurant,12.9070254,77.5331667,Dr. Vishnuvardhan Road,N/A,N/A,N/A,4545856993
Vanani Bar and Restaurant,restaurant,12.9135341,77.5588078,Dr. Vishnuvardhan Road,N/A,N/A,N/A,4545906789
Naksha Restaurant,restaurant,12.9070542,77.5456383,"Dr. Vishnuvardhan Road, 560061",N/A,N/A,N/A,4545906790
Shri Krishna Bhavan,restaurant,12.9174334,77.5732706,N/A,N/A,N/A,N/A,4545906793
South Grand,restaurant,12.90929,77.5492265,"7th Main, Bengaluru, 560061",N/A,N/A,N/A,4546027012
Chai,cafe,13.0190302,77.6545564,N/A,N/A,N/A,N/A,4550422492
Annapurna benne dosa,restaurant,12.949078,77.5978259,N/A,N/A,N/A,N/A,4550578791
Abc Resto,restaurant,12.9459795,77.5885235,"Siddapura Road, bangalore, 560029",+91 80 425655,www.abcresto.com,N/A,4552198797
Gilly's Resto Bar,restaurant,13.0271537,77.5718835,N/A,N/A,N/A,N/A,4552278323
Starbucks,cafe,13.009057,77.5803021,"13th Cross Sadashivanagar, Bangalore, 560080",N/A,N/A,N/A,4552303417
Ambur Hot Dum Biriyaani,restaurant,13.0182197,77.6545197,N/A,N/A,N/A,N/A,4558318692
Sankethi's,hotel,12.9316906,77.5555034,N/A,N/A,N/A,N/A,4558466455
Sambrahma,hotel,12.9070384,77.6957798,N/A,N/A,N/A,N/A,4565375978
Hakuna Matata,restaurant,12.8940807,77.5866165,"Opposite Brigade Palm Springs, Brigade Millenium Rd, JP Nagar 7th Phase,, Bengaluru, 560076",+919741133866,N/A,N/A,4574199494
Hotel Tap Comfort,hotel,12.9701227,77.5794148,N/A,N/A,N/A,N/A,4580594297
Toscano,restaurant,12.9370636,77.5851757,N/A,+918041558423,N/A,N/A,4581285892
Unnamed Spot,restaurant,12.9304984,77.6338469,N/A,N/A,N/A,N/A,4582748890
UG Regal - Budget Hotel,hotel,12.9730281,77.5692897,"Old Taluk Cutchery Road, 560053",N/A,N/A,N/A,4584019109
Unnamed Spot,hotel,12.9735897,77.5767585,N/A,N/A,N/A,N/A,4584108394
Empire Plaza,restaurant,12.9978602,77.5519674,"Mahakavi Kuvempu Road, Bangalore, 560010",N/A,N/A,N/A,4586321863
Nisarga Family Resturant,restaurant,12.9984348,77.5530658,"Mahakavi Kuvempu Road, Bangalore, 560010",080 23130006,N/A,N/A,4586321864
Ibaco,cafe,13.0450568,77.6265787,"Thanisandra Main Road, Bangalore, 560077",N/A,N/A,N/A,4586355538
Cafe Coffee Day,cafe,12.9874054,77.5944696,N/A,N/A,N/A,N/A,4586429691
Mass Residency,hotel,12.9087932,77.5984614,N/A,N/A,N/A,N/A,4586451789
Upahara Darshini,restaurant,12.916778,77.5925291,N/A,N/A,N/A,N/A,4586451891
STC Canteen,restaurant,12.9754483,77.5699255,N/A,N/A,N/A,N/A,4590905889
The Tower Of Pizza,restaurant,12.9331913,77.6230591,"100 feet Road, 560034",9148971958,http://www.thetowerofpizza.com,info@thetowerofpizza.com,4596325797
Al-Bek,restaurant,12.9966984,77.5613324,N/A,N/A,N/A,N/A,4597419989
Janpriya Tiffin,restaurant,12.9890578,77.6640639,N/A,N/A,N/A,N/A,4599152890
NID Canteen,restaurant,13.0346821,77.5351685,N/A,N/A,N/A,N/A,4599701763
Aaradhya Food Line,restaurant,12.9236989,77.5734586,N/A,N/A,N/A,N/A,4602142609
Down bekary,cafe,13.0374651,77.5616603,N/A,N/A,N/A,N/A,4603539289
Birbal Darbar,restaurant,12.9027454,77.7057357,"Sarjapur Road, bangalore, 560035",N/A,N/A,N/A,4604108887
Krish Punjabi Kitchen,restaurant,12.974339,77.6482791,N/A,N/A,N/A,N/A,4605424489
Hotel Vande Matharam,hotel,13.0105439,77.5504232,"Chord Road, Bengaluru, 560010",N/A,N/A,N/A,4605748243
Sheetal Residency,hotel,12.9805787,77.571467,N/A,N/A,N/A,N/A,4607350915
Ranga Shankara Cafe,cafe,12.9114527,77.5870878,N/A,N/A,N/A,N/A,4621580989
Java,restaurant,12.958119,77.6442446,N/A,N/A,N/A,N/A,4621845493
California Burrito,restaurant,12.9487465,77.6907033,N/A,N/A,N/A,N/A,4621852890
Karama restaurant,restaurant,12.9348261,77.6158067,N/A,N/A,N/A,N/A,4635147132
Daily Bread,cafe,13.0710098,77.5054168,N/A,N/A,N/A,N/A,4671577171
Hotel Empark,hotel,12.9456273,77.5952951,"Arekempenahally, Bengaluru, 560027",+91 8904022661,https://www.emparkinternational.com,hotelempark@gmail.com,4680181139
New Tandoor,restaurant,12.9853868,77.667554,N/A,N/A,N/A,N/A,4685201691
Pizza Hut,restaurant,12.9856559,77.6682476,N/A,N/A,N/A,N/A,4686175591
Mast calender,restaurant,12.9858822,77.6687616,N/A,N/A,N/A,N/A,4686180890
Punjab junction,restaurant,12.9853614,77.6734987,N/A,N/A,N/A,N/A,4686864195
Bramhashree Condiments,cafe,12.9708787,77.5435028,N/A,N/A,N/A,N/A,4688310491
HotPot,restaurant,12.9860689,77.6705963,N/A,N/A,N/A,N/A,4689032589
Aandal Mess,restaurant,12.9712436,77.6471463,N/A,N/A,N/A,N/A,4690003725
Unnamed Spot,restaurant,12.9822287,77.6802297,N/A,N/A,N/A,N/A,4690543991
Unnamed Spot,restaurant,12.9236536,77.6184482,N/A,N/A,N/A,N/A,4691599028
Box8,restaurant,12.9591965,77.6549169,N/A,N/A,N/A,N/A,4694045563
Shree Durga Restaurant,restaurant,12.9588377,77.6551114,N/A,N/A,N/A,N/A,4694045571
Agarwal Bhavan,cafe,12.9132492,77.6351438,N/A,N/A,N/A,N/A,4695733989
Canara Coffee,hotel,12.984291,77.5543158,N/A,N/A,N/A,N/A,4697854892
S L V Bhavan,restaurant,12.8775041,77.6031664,N/A,N/A,N/A,N/A,4702704789
Suntruppati,hotel,12.9798988,77.5759082,5th Cross Road,N/A,N/A,N/A,4702962189
Anand Sagar,hotel,12.9391683,77.5715609,DVG Road,N/A,N/A,N/A,4703445290
Red Latern,restaurant,12.9890974,77.5936081,N/A,N/A,N/A,N/A,4711802190
De Street Cafe,cafe,12.9356426,77.6087092,"Hosur Road, 560029",N/A,N/A,destreetcafe@mail.com,4733642622
Fab Hotel Legacy Brigade Road,hotel,12.9690356,77.6066442,N/A,N/A,https://www.fabhotels.com/hotels-in-bangalore/fabhotel-legacy-brigade-road.html,N/A,4737582021
Chai Point,cafe,12.9129312,77.6802845,N/A,N/A,N/A,N/A,4739613826
Mayur Comfor Lodge,hotel,12.9777748,77.574757,N/A,N/A,N/A,N/A,4763198525
Royal Regency Lodge,hotel,12.978436,77.5753365,Subedar Chatram road,080-41130202,N/A,N/A,4763212044
Pushpamala lodge,hotel,12.9776892,77.5747972,N/A,N/A,N/A,N/A,4763212764
Royal Lodge,hotel,12.9782866,77.5753838,N/A,N/A,N/A,N/A,4763212766
Manjusri Paradise Lodge,hotel,12.9777193,77.5748871,N/A,9880701649,N/A,N/A,4763212998
Sutra Spice Resto Bar,bar,12.9317652,77.6229215,N/A,N/A,N/A,N/A,4772964933
Bar Code,bar,12.9332818,77.6233214,Mahayogi Vemana Road,N/A,N/A,N/A,4772964955
Anjappar Chettinad Restuarant Koramangala,hotel,12.9321765,77.623039,N/A,N/A,N/A,N/A,4772970426
Cilantro,restaurant,12.9360665,77.6314327,N/A,N/A,N/A,N/A,4774402250
New Punjabi Hotel,restaurant,12.9726305,77.6468766,N/A,N/A,N/A,N/A,4791783628
Taza Tawa,restaurant,12.9678541,77.6527869,N/A,N/A,N/A,N/A,4791787148
Adyar Ananda Bhavan,restaurant,12.9293898,77.5519618,"Kathriguppe Main Road, Bengaluru, 560085",919886823031,https://aabsweets.com,N/A,4797659571
Adyar Ananda Bhavan,restaurant,13.0216594,77.6396888,"CMR Rd, HRBR Layout 2nd Block, Kalyan Nagar, Bangalore, 560043",+91 80 4205 8999;+91 80 4206 1999,https://aabsweets.com,N/A,4798061775
Taj Hotel,restaurant,12.9853101,77.6069879,N/A,N/A,N/A,N/A,4798289921
Adyar Ananda Bhavan,restaurant,12.9761326,77.577703,"Fifth Main Road, Bangalore, 560009",+91 80 4151 8999,https://aabsweets.com,info@aabsweets.com,4799176111
Adyar Ananda Bhavan,restaurant,12.893068,77.5987074,"Bannerghatta Road, Bangalore, 560076",+91 80 4148 5899,https://aabsweets.com,info@aabsweets.com,4799176113
Adyar Ananda Bhavan,restaurant,12.9742651,77.5753347,"Kempe Gowda Road, Bangalore, 560009",+91 80 4124 2999,https://aabsweets.com,info@aabsweets.com,4799194308
Hyatt,hotel,12.9736357,77.6218548,N/A,N/A,https://bangalore.hyatthotels.hyatt.com/en/hotel/home.html,N/A,4809112923
Unnamed Spot,atm,12.9038932,77.6415555,N/A,N/A,N/A,N/A,4811658521
Udupi Vaibhav,restaurant,12.9759801,77.6252681,"car street, 560008",N/A,N/A,N/A,4834488421
9th Mile Dhaba,restaurant,13.0865943,77.5912059,N/A,N/A,N/A,N/A,4834827722
Biryani palace,restaurant,12.9469705,77.5944165,N/A,N/A,N/A,N/A,4840984963
Hotel Dreams inn,hotel,12.9454272,77.5950799,N/A,N/A,N/A,N/A,4841000224
AR Tea Sagar,cafe,12.9453765,77.59506,N/A,N/A,N/A,N/A,4841950721
A1 biryani,restaurant,12.9439985,77.5946425,N/A,N/A,N/A,N/A,4843099622
Ambur Dum Biryani,restaurant,12.956397,77.5921935,N/A,N/A,N/A,N/A,4843099625
Sea Pearl,restaurant,12.9594205,77.5937772,N/A,N/A,N/A,N/A,4843099627
Brahmin's Veg Restaurant,restaurant,12.9695875,77.6063601,N/A,N/A,N/A,N/A,4843099631
Dreams inn,hotel,12.9455189,77.5951301,N/A,N/A,N/A,N/A,4843100423
AMM Residency,hotel,12.949295,77.5931079,N/A,N/A,N/A,N/A,4843100424
Snack dine meet,restaurant,12.9707396,77.6070806,N/A,N/A,N/A,N/A,4843100427
Brigade Prince,restaurant,12.9689652,77.6064394,N/A,N/A,N/A,N/A,4843100428
The Grill house,restaurant,12.9690922,77.6061839,N/A,N/A,N/A,N/A,4843100430
Shangri-la Plaza,restaurant,12.9728948,77.6070991,N/A,N/A,N/A,N/A,4843100431
Alfa fried and Grill,restaurant,12.9454861,77.595168,N/A,N/A,N/A,N/A,4843104322
Rahhams,restaurant,12.9580965,77.593251,N/A,N/A,N/A,N/A,4843105721
Samsung smartcafe,cafe,12.9584582,77.5934393,N/A,N/A,N/A,N/A,4843123823
Parijatha,restaurant,12.9593625,77.5937351,N/A,N/A,N/A,N/A,4843125822
New Shanti sagar,restaurant,13.0129746,77.6479687,N/A,N/A,N/A,N/A,4844863330
Biryani House,restaurant,13.0290724,77.6635243,N/A,N/A,N/A,N/A,4844863341
Kalleshwari Rice corner,restaurant,13.0287244,77.6638803,N/A,N/A,N/A,N/A,4844863342
Dolphins,restaurant,12.9968223,77.6195998,N/A,N/A,N/A,N/A,4844863349
Perfect corner,restaurant,12.9948513,77.6160845,N/A,N/A,N/A,N/A,4844863351
Udapas Veg Restaurant,restaurant,12.9998566,77.6251653,N/A,N/A,N/A,N/A,4844863371
Nandana Palace,restaurant,13.015025,77.6358463,N/A,N/A,N/A,N/A,4844863384
Shiv Sagar,restaurant,13.0021714,77.6329882,N/A,N/A,N/A,N/A,4844865024
Pepper Cafe,cafe,12.985305,77.6152381,N/A,N/A,N/A,N/A,4844865037
Tasty food corner,restaurant,12.9841388,77.6142655,N/A,N/A,N/A,N/A,4844865038
Kairali,restaurant,13.0142154,77.6363852,N/A,N/A,N/A,N/A,4844865056
Adyar Anand Bhawan,restaurant,12.9877987,77.618514,N/A,N/A,N/A,N/A,4845223689
Hotel Imperial,hotel,12.9711154,77.6058262,N/A,N/A,N/A,N/A,4846787923
Driven Cafe,cafe,12.9729083,77.6084987,N/A,N/A,N/A,N/A,4846789723
Marzipan Cafe,cafe,12.9756623,77.6170921,"Halasuru Road, Ulsoor, Bengaluru, 560008",9844422724,N/A,marzipan.ulsoor@gmail.com,4846817422
Brigade Garden,restaurant,12.9731397,77.6074555,N/A,N/A,N/A,N/A,4847294835
Tiffany's,restaurant,12.9598633,77.593474,N/A,N/A,N/A,N/A,4847294841
Alfa,restaurant,12.9453166,77.5950506,N/A,N/A,N/A,N/A,4847824823
Bacardi,restaurant,12.9549365,77.5915735,N/A,N/A,N/A,N/A,4847824923
Hotel Revoli,restaurant,12.9560009,77.5920884,N/A,N/A,N/A,N/A,4847827721
Kolkata,restaurant,12.9447719,77.5949585,N/A,N/A,N/A,N/A,4847829321
Limra,hotel,12.9359094,77.5927065,N/A,N/A,N/A,N/A,4847845825
Sri Ram coffee shop,cafe,12.9390995,77.5946074,N/A,N/A,N/A,N/A,4847850821
Coffee works,cafe,12.9458364,77.5959506,N/A,N/A,N/A,N/A,4849094824
Punjabi by Nature,restaurant,12.935018,77.6088654,N/A,N/A,N/A,N/A,4849094826
Blue bells,hotel,12.9352918,77.6091731,N/A,N/A,N/A,N/A,4849094829
Unnamed Spot,restaurant,12.9539546,77.5857915,N/A,N/A,N/A,N/A,4849094831
The Royal Pride,restaurant,12.9355551,77.608926,N/A,N/A,N/A,N/A,4849108623
Supreme,hotel,12.9470874,77.5941987,N/A,N/A,N/A,N/A,4849108629
Golden Amulya,hotel,13.1212373,77.6097115,N/A,N/A,N/A,N/A,4849108632
Forum Park,restaurant,12.9353982,77.6090182,N/A,N/A,N/A,N/A,4849108921
Star Biryani,restaurant,12.9441951,77.5944954,N/A,N/A,N/A,N/A,4849577725
Priya,restaurant,12.9417742,77.5938148,N/A,N/A,N/A,N/A,4849618943
Ruchi,restaurant,13.0310425,77.6689617,N/A,N/A,N/A,N/A,4851692298
New Taj Biryani Center,restaurant,13.0007498,77.6134894,N/A,N/A,N/A,N/A,4851692302
Pista House,restaurant,13.000759,77.6134424,N/A,N/A,N/A,N/A,4851692304
three dots and a dash,restaurant,12.9806921,77.6410053,"100 Feeet Road, Indiranagar, Bangalore",N/A,N/A,N/A,4878036555
Empire restaurant,restaurant,12.9330586,77.5817527,N/A,N/A,N/A,N/A,4881256663
Sri Krishna restaurant,restaurant,12.9945917,77.6669317,N/A,N/A,N/A,N/A,4886691221
Chaithanya Express,restaurant,12.9822891,77.6394663,N/A,N/A,N/A,N/A,4914346837
ಬಿಸ್ಕ,cafe,13.0055374,77.5711178,15th Cross Road,N/A,N/A,N/A,4928125521
Jimmys,pub,12.9289101,77.5914708,N/A,N/A,N/A,N/A,4935027478
Chai Point,cafe,12.9937229,77.6608029,"The Bay, RMZ Infinity, Swamy Vivekananda Road, Bangalore, 560016",N/A,N/A,N/A,4954362671
Hotel Emirates,restaurant,13.0224361,77.5847518,N/A,N/A,N/A,N/A,4973060956
Hotel New Karavali,restaurant,13.0299258,77.6343634,N/A,N/A,N/A,N/A,4973060962
Felicita,restaurant,13.0453918,77.6270134,N/A,N/A,N/A,N/A,4973098294
Joicy's Kitchen,restaurant,13.059224,77.6430226,N/A,N/A,N/A,N/A,4973099938
Ambur Hot Dum Biryani,restaurant,13.0313483,77.6359163,N/A,N/A,N/A,N/A,4973099940
Indira Canteen,restaurant,12.9860915,77.4776166,"Magadi Road, 560091",N/A,N/A,N/A,5001385721
Banarasi Tadka,restaurant,12.9685563,77.6495171,N/A,N/A,N/A,N/A,5003290033
Hammered,pub,12.9860536,77.5949314,N/A,N/A,N/A,N/A,5012445078
Fat Buddha,restaurant,12.9899243,77.5913426,N/A,N/A,N/A,N/A,5012445079
Amrutha multicuisine restaurant,restaurant,12.9081267,77.6761051,"Central Jail Road, Bangalore, 560035",N/A,N/A,N/A,5018940970
Naati Manae,restaurant,12.9345723,77.6199541,"17 C Cross, Bangalore, 560095",N/A,N/A,N/A,5029379019
Casinova,restaurant,12.9336798,77.6222761,N/A,080-25526363,https://bonsouth.com/,N/A,5036131084
Java City,cafe,12.9334968,77.6212815,N/A,N/A,N/A,N/A,5036138595
Rajdhani Thali,restaurant,13.0115423,77.5553238,N/A,N/A,N/A,N/A,5036145690
The Druid Garden,pub,13.0636119,77.5913837,560092,N/A,N/A,N/A,5036644470
Sai restaurant,restaurant,12.9790642,77.7300557,N/A,N/A,N/A,N/A,5053373338
Absolute Barbecue - Whitefield,restaurant,12.9769456,77.7248797,N/A,N/A,N/A,N/A,5053373346
Annappa's Naati Mane Hassan Style,restaurant,12.9981249,77.5532794,N/A,N/A,N/A,N/A,5061380655
royal andaaz,restaurant,12.9220858,77.4953504,"Bangalore-Mysore Road, 560059",+91 90714 20001,N/A,raihospitality24@gmail.com,5075573721
Kobe Sizzlers,restaurant,12.9290157,77.5912224,N/A,N/A,N/A,N/A,5081907157
Imperial Restaurant,restaurant,12.9536888,77.543512,Mysore Road,N/A,N/A,N/A,5103586722
Biryani Day,restaurant,13.0081078,77.5549568,N/A,N/A,N/A,N/A,5109189321
Ashwini Bar and Restaurant,bar,12.9400466,77.5242659,N/A,N/A,N/A,N/A,5109210000
Vaishali,restaurant,12.9235363,77.5530586,"2nd Cross,Banashankari, Bangalore, 560085",080 2672 2170,N/A,N/A,5112171717
Raghavendra Bhavan,restaurant,13.0086666,77.6559015,"B Channasandra Main Road, Bangalore, 560043",N/A,N/A,N/A,5112185895
Myka,cafe,12.9769165,77.7252495,N/A,+91 9740761664,https://mykacafeandboutique.com/,N/A,5133344122
The Warehouse,pub,12.9751329,77.6470448,N/A,N/A,N/A,N/A,5155524820
Cross Roads Cafe,cafe,12.9751276,77.6472097,N/A,N/A,N/A,N/A,5155524921
Madhuram Andhra Restaurant,restaurant,12.981241,77.6462009,N/A,N/A,N/A,N/A,5164915543
Unnamed Spot,restaurant,13.059096,77.6431078,N/A,N/A,N/A,N/A,5168546937
Rajmahal Boarding and Lodge,hotel,12.980358,77.5737339,N/A,N/A,N/A,N/A,5168560648
3 Page Bar and Restaurant,pub,12.9711493,77.6057474,N/A,N/A,N/A,N/A,5168571696
MS Restaurant,restaurant,12.9646268,77.6139096,N/A,N/A,N/A,N/A,5168668873
Begum's Biriyani,restaurant,12.9727825,77.6484278,N/A,N/A,N/A,N/A,5191746658
Emperor Family Restaurant,restaurant,12.9728739,77.6483001,N/A,N/A,N/A,N/A,5191746663
House of Commons Rest-o-bar,bar,12.9118942,77.6391649,N/A,+918045128604,N/A,N/A,5198846422
Sanctum Pub,bar,12.9654654,77.5989089,Bengaluru,N/A,N/A,N/A,5200633856
Santhosh Bar & Restaurant,restaurant,12.997507,77.5500266,N/A,N/A,N/A,N/A,5227398203
Hotel Nalapaka,restaurant,12.9979227,77.5522341,N/A,N/A,N/A,N/A,5227399587
New Karavali Bar & Restaurant,restaurant,12.9935528,77.5712961,N/A,N/A,N/A,N/A,5229456546
The Rialto Hotel,hotel,12.9804313,77.5765457,N/A,N/A,N/A,N/A,5229482747
Mandarthi Veg,restaurant,12.9173939,77.5781136,N/A,N/A,N/A,N/A,5234786387
Vakulaa Veg Restaurant,restaurant,12.9306435,77.5863284,N/A,N/A,N/A,N/A,5234798353
Al Dubai Family Restaurant,restaurant,12.9283464,77.595684,N/A,N/A,N/A,N/A,5234799277
4 Seasons Multi Cuisine Restaurant,restaurant,12.9306359,77.5995495,N/A,N/A,N/A,N/A,5234803135
Vijayalakshmi Veg,restaurant,12.9285254,77.6000608,N/A,N/A,N/A,N/A,5234805899
Via Milano,cafe,12.9370109,77.6275262,N/A,+918041309997,N/A,N/A,5247276738
Malik Deenar,restaurant,13.0101171,77.6573914,N/A,N/A,N/A,N/A,5255533514
Hotel Adarsha Palace,hotel,12.9744204,77.5709781,N/A,N/A,N/A,N/A,5261452101
Hotel Shreesagar,restaurant,12.9744205,77.5708775,N/A,N/A,N/A,N/A,5261452102
Hyderabad Biryani,restaurant,12.9168645,77.5859473,N/A,N/A,N/A,N/A,5265620513
Minla Hotel,hotel,13.0108921,77.5505079,N/A,+91 781 687 7542,http://www.minlahotels.com/,stay@minlahotels.com,5269220027
Nagarjuna Andhra Style,restaurant,12.904966,77.6016531,N/A,N/A,N/A,N/A,5273034143
Jimi's Beer Cafe,pub,12.9409559,77.6241477,N/A,N/A,N/A,N/A,5273078605
Ujval,hotel,12.9923067,77.5944585,N/A,N/A,N/A,N/A,5273601824
Sri Lakshmi Vaibav Hotel,restaurant,12.9486296,77.7156074,N/A,N/A,N/A,N/A,5283774965
Hyderabad Biryaani House,restaurant,13.023331,77.6370384,N/A,N/A,N/A,N/A,5292780514
Woodland,hotel,13.0236855,77.6372866,N/A,N/A,N/A,N/A,5292780517
Sri Devi Grand Veg,restaurant,13.0466774,77.6279032,N/A,N/A,N/A,N/A,5295004544
Bengaluru Coffee House,restaurant,12.9309162,77.5473845,N/A,N/A,N/A,N/A,5302772310
Davanagere Bajji Centre,restaurant,12.9306982,77.5474396,N/A,N/A,N/A,N/A,5302772314
Aahar Utsav,restaurant,12.9373192,77.549336,N/A,N/A,N/A,N/A,5304601878
Havyaka Mess,restaurant,12.9377041,77.5492421,N/A,N/A,N/A,N/A,5304601882
coffee bite,cafe,12.9386661,77.549057,N/A,N/A,N/A,N/A,5304601923
New Sagar Fast Food,restaurant,12.9389282,77.5515602,N/A,N/A,N/A,N/A,5304601939
Bunt's Biriyani Palace,restaurant,12.9389157,77.5518525,N/A,N/A,N/A,N/A,5304601954
Millenium Bar and Restaurant,bar,12.9389125,77.5525077,N/A,N/A,N/A,N/A,5304602003
Manoor Maiya's South Kitchen,restaurant,12.9386805,77.5523454,N/A,N/A,N/A,N/A,5304602016
Venkateswara Chats,restaurant,12.9387811,77.5521845,N/A,N/A,N/A,N/A,5304602017
Brahmin Cafe,restaurant,12.9387151,77.5520336,N/A,N/A,N/A,N/A,5304602019
Dakshin Kitchen,restaurant,12.9437583,77.5665638,N/A,N/A,N/A,N/A,5306017410
Chinese Kitchen,restaurant,12.9437988,77.5665812,N/A,N/A,N/A,N/A,5306017411
Ramu Tiffin Center,restaurant,12.9512527,77.5774267,N/A,N/A,N/A,N/A,5306751743
Sri Krishna Darshini,restaurant,12.9524087,77.5773087,N/A,N/A,N/A,N/A,5306751763
Unnamed Spot,restaurant,12.9622239,77.5332587,N/A,N/A,N/A,N/A,5307982275
Ocea International,hotel,12.9698386,77.6066965,"Brigade Road, Bangalore, 560025",080 40636261,N/A,N/A,5316624114
Indira Canteen,restaurant,13.0534563,77.5747466,N/A,N/A,N/A,N/A,5320170731
Country Inn & Suites by Carlson,hotel,13.0419285,77.6132521,N/A,N/A,N/A,N/A,5348958973
Comfy,hotel,12.9272923,77.6161593,N/A,N/A,N/A,N/A,5349525425
Vijayanagar Vaibhav,restaurant,12.9662347,77.5351942,N/A,N/A,N/A,N/A,5349554920
Invitation Restaurant and Bar,bar,12.9272402,77.6162757,N/A,N/A,N/A,N/A,5350092822
Chin Chin,restaurant,12.9629499,77.7507243,N/A,N/A,N/A,N/A,5356991435
Hotel Vellara,hotel,12.9669657,77.6068192,"126, Brigade Towers, Brigade Road, Ashok Nagar, Bengaluru, Karnataka 560025, India",+91 80 2536 9116,N/A,N/A,5365860855
Mama’s,restaurant,13.0573793,77.6270261,N/A,N/A,N/A,N/A,5383249123
"Chai Point, Juice Corner",cafe,13.0576351,77.626399,N/A,N/A,N/A,N/A,5383258724
Brahmin's cafe,restaurant,12.9608314,77.528917,N/A,N/A,N/A,N/A,5390195363
Devi Upahar,restaurant,12.9597909,77.5269754,N/A,N/A,N/A,N/A,5398017751
3 Page,restaurant,12.9866165,77.579997,N/A,N/A,N/A,N/A,5402224027
Cafe Coffee Day,cafe,12.9802917,77.5779251,N/A,N/A,N/A,N/A,5402224032
Courtyard,hotel,13.0426855,77.6095271,N/A,N/A,N/A,N/A,5402224050
Unnamed Spot,restaurant,12.8696154,77.5969714,N/A,N/A,N/A,N/A,5402302831
Hotel Kaveri,hotel,12.9803587,77.5717968,N/A,N/A,N/A,N/A,5402307935
Unnamed Spot,cafe,12.8669831,77.5978101,N/A,N/A,N/A,N/A,5402307942
Fattoush,restaurant,12.8931572,77.5987475,N/A,N/A,N/A,N/A,5402307943
Unnamed Spot,restaurant,12.9004703,77.6011552,N/A,N/A,N/A,N/A,5402307945
New Udupi Upahar,restaurant,12.964262,77.5967957,N/A,N/A,N/A,N/A,5402308121
Unnamed Spot,bar,12.9945667,77.5691333,N/A,N/A,N/A,N/A,5402308125
Unnamed Spot,cafe,12.861015,77.6047599,N/A,N/A,N/A,N/A,5402308132
Unnamed Spot,cafe,12.8615906,77.6001468,N/A,N/A,N/A,N/A,5402312924
Thalassery restaurant,restaurant,12.9258549,77.6757002,N/A,N/A,N/A,N/A,5409621836
Grand Suites,hotel,12.9773082,77.5750587,N/A,N/A,N/A,N/A,5409690041
rara avis,restaurant,13.0628795,77.5926056,N/A,N/A,N/A,N/A,5414858921
Cafe Coffee Day,cafe,13.0448386,77.620895,N/A,N/A,N/A,N/A,5418989524
Unnamed Spot,restaurant,13.0446064,77.6209898,N/A,N/A,N/A,N/A,5420443541
Slug,pub,13.0446352,77.6208812,N/A,N/A,N/A,N/A,5420443543
Cafe Coffee Day,hotel,13.0491546,77.5930152,N/A,N/A,N/A,N/A,5435095922
Athidi,hotel,13.0488736,77.6120246,N/A,N/A,N/A,N/A,5435117121
Hotel Sanman,restaurant,12.9867899,77.5745807,"212, SC Road, Nehru Nagar, Sheshadripuram, Bengaluru, Karnataka 560020, Bengaluru,, 560020",N/A,N/A,N/A,5447887277
Benhur Pride,hotel,12.9599897,77.5565132,Mysore Road,N/A,N/A,N/A,5455464021
Stone House Cafe,cafe,12.932306,77.5165647,N/A,N/A,N/A,N/A,5459261729
South Canara Coffeehouse,cafe,12.9722318,77.5787988,Kilari Road,N/A,N/A,N/A,5462868116
Truffles,restaurant,13.0224106,77.6397927,"5th Main Road, 560043",N/A,N/A,N/A,5486846121
Bhagya Veg Hotel,restaurant,12.8905373,77.6447752,560068,N/A,N/A,N/A,5486928824
Ambur Biriyani,restaurant,12.9702401,77.6939474,N/A,N/A,N/A,N/A,5503164674
Gopal Dhaba,restaurant,12.9690025,77.6934988,N/A,N/A,N/A,N/A,5503164683
Akshaya,hotel,13.0552034,77.6020719,N/A,N/A,N/A,N/A,5520248640
Cafe Felix,cafe,12.9737445,77.62041,N/A,N/A,N/A,N/A,5524163946
Shri Mahastri Refreshments,restaurant,13.0756865,77.6037087,N/A,N/A,N/A,N/A,5524163948
Jus Trufs,cafe,13.0725063,77.6038452,"Jakkur Road, Jakkur, Bangalore, 560064",+91 9844016984,https://www.justrufs.com/,info@justrufs.com,5524163953
Udupi Upahar,restaurant,13.0687358,77.6035241,N/A,N/A,N/A,N/A,5524163957
Hotel Guru Nanak,restaurant,13.0755514,77.6041885,N/A,N/A,N/A,N/A,5524164979
Clara Prime Inn,hotel,13.0755912,77.602687,N/A,N/A,N/A,N/A,5524164980
Treebo Hoppers stop,hotel,13.0725494,77.6026735,N/A,N/A,N/A,N/A,5524164983
Comfort Inn & Suites,hotel,13.028156,77.558854,N/A,N/A,N/A,N/A,5535759602
Litti House,restaurant,12.9618349,77.7169157,"I T P L Main Road, Bengaluru, 560066",+9190355 31777,N/A,N/A,5535915950
Chai Point,cafe,12.9684954,77.7232815,"Bangalore, 560037",N/A,https://chaipoint.com/,N/A,5540517744
Rio Restaurant,hotel,13.0848194,77.6344471,"Chookanahalli Road, 560064",9731110058,N/A,shabeeralanallur@gmail.com,5551872923
New Udipi Park,restaurant,13.014431,77.6580134,N/A,N/A,N/A,N/A,5570654721
Green Leaf Kerela Hotel,restaurant,12.9757683,77.6930887,"20 Cross, 560037",N/A,N/A,N/A,5578956423
Canteen,restaurant,12.8934924,77.6020899,N/A,N/A,N/A,N/A,5595762821
Aramane Donne Biriyani,restaurant,12.9979072,77.5695359,N/A,N/A,N/A,N/A,5611358758
Oregano,restaurant,12.9805421,77.7120973,N/A,N/A,N/A,N/A,5611680989
Vajra Heritage,hotel,12.9878823,77.5558068,N/A,N/A,N/A,N/A,5623550266
Flechazo,restaurant,12.9772958,77.725534,N/A,N/A,N/A,N/A,5637428721
Melody Inn,hotel,12.9243237,77.6743323,Bengaluru,N/A,N/A,N/A,5643902786
Cafe Thulp,cafe,12.9242949,77.6743216,Bengaluru,N/A,N/A,N/A,5643902787
Magic Pack Resturant,restaurant,12.8736281,77.6448728,N/A,N/A,N/A,N/A,5660597690
Cane Corner,cafe,12.8738696,77.6424281,"Manipal County Road, Bangalore",N/A,N/A,N/A,5660954801
Breadworks,restaurant,13.0638835,77.5880338,N/A,N/A,N/A,N/A,5685542194
Blyton's Bar,pub,13.0638577,77.5901963,N/A,N/A,N/A,N/A,5685583887
Udupi Garden,restaurant,13.0666013,77.5955056,N/A,N/A,N/A,N/A,5685604413
Truffles,restaurant,12.9806974,77.6405653,N/A,N/A,N/A,N/A,5711066684
Illam Resturant,restaurant,12.8759565,77.6397754,"Manipal County Road, Singasandra, 560068",N/A,N/A,N/A,5730437664
Burma Burma Restaurant & Tea Room,restaurant,12.9705567,77.6447309,"12th Main Road, 7th Cross",+918043008120,N/A,N/A,5762989003
Bakasur,restaurant,12.9380609,77.6275572,"Bangalore, 560095",N/A,N/A,N/A,5773097749
Bak Bak Bar,bar,12.9381482,77.6276388,"100 Feet Inner Ring Road, Bangalore, 560034",N/A,N/A,N/A,5773107048
Vandana,restaurant,12.9120759,77.6826513,"Sarjapur - Marathahalli Rd, near WIPRO Corporate Office, Doddakannelli, Bangalore, 560035",N/A,N/A,N/A,5774305372
Chai World,cafe,12.9132073,77.6797975,N/A,N/A,N/A,N/A,5797562422
Chai Point,cafe,12.9131563,77.6799249,N/A,N/A,N/A,N/A,5797562423
California Burrito,restaurant,12.9119288,77.6823373,N/A,N/A,N/A,N/A,5804561676
Cafe Coffee Day,cafe,12.9187002,77.6701646,N/A,N/A,N/A,N/A,5807148431
Pingara,restaurant,12.9251568,77.6338744,N/A,N/A,N/A,N/A,5807262206
Chatpatlal Sweets and Snacks,restaurant,12.9625069,77.7132592,N/A,08043020071,N/A,N/A,5812487966
Sri Vishnu Grand,restaurant,12.9381615,77.6991559,"Panathur Main Road, 560103",N/A,N/A,N/A,5817729766
Cafe Coffee Day,cafe,12.9124456,77.6415145,"17th Cross Road, Bangalore, 560102",N/A,https://www.cafecoffeeday.com/,N/A,5824776414
Hotel Sree Cauvery,restaurant,12.974315,77.6366178,N/A,N/A,N/A,N/A,5826624554
Konaseema Vantillu,restaurant,12.9769435,77.7249482,"2nd Road, Bangalore, 560066",N/A,N/A,N/A,5833741146
Southern Spice,restaurant,12.9757906,77.7267611,N/A,N/A,N/A,N/A,5833741153
Balaji Andhra Mess,restaurant,13.0580013,77.5960278,N/A,N/A,N/A,N/A,5838249385
The London Curry House,restaurant,12.9855047,77.5792404,"Crescent Road, Bengaluru, 560001",N/A,https://thelondoncurryhousebanglore.business.site/,N/A,5905947501
The Weekly - Brewhouse & Kitchen,pub,12.9350324,77.6089973,N/A,N/A,N/A,N/A,5915195078
Avon Bar And Kitchen,pub,12.9358056,77.6084211,N/A,N/A,N/A,N/A,5915195079
Johnny Fox RestoBar & Pub,pub,12.9352198,77.6093401,N/A,N/A,N/A,N/A,5915195080
Harry's Bar And Cafe,pub,12.9343841,77.6127469,N/A,N/A,N/A,N/A,5915195081
MDP Coffee shop,cafe,12.9347403,77.6126656,N/A,N/A,N/A,N/A,5915195084
Fenny's Lounge & Kitchen,pub,12.9351887,77.6135481,N/A,N/A,N/A,N/A,5915195085
Koramangala Social,pub,12.9355957,77.6141769,N/A,N/A,N/A,N/A,5915195087
Bamey’s Restro Cafe,restaurant,12.9360677,77.6160036,N/A,N/A,https://bameys.co/,N/A,5915195090
The Local,pub,12.9407272,77.6244407,N/A,N/A,N/A,N/A,5915195099
Carrots,restaurant,12.9388196,77.625775,N/A,N/A,https://www.carrots-india.com/,N/A,5915195103
Over The Top,pub,12.9344948,77.6236101,N/A,N/A,N/A,N/A,5915230905
Fandom Gillys Redefined,pub,12.9333881,77.623589,N/A,N/A,N/A,N/A,5915230912
Myu Bar at Gilly's Redefined,pub,12.9334502,77.623612,N/A,N/A,N/A,N/A,5915230913
Brooks and Bonds Brewery,pub,12.9342194,77.623433,N/A,N/A,N/A,N/A,5915230914
Crawl Street,pub,12.9325612,77.6138214,N/A,N/A,N/A,N/A,5915247698
Indigo XP,pub,12.9328538,77.6140068,N/A,N/A,N/A,N/A,5915247699
Tarbouche,cafe,12.9329338,77.6145578,N/A,N/A,N/A,N/A,5915247700
Gilly's Resto Bar,pub,12.9329953,77.6146513,N/A,N/A,N/A,N/A,5915247701
Sherlocks Pub,pub,12.9342494,77.6160805,N/A,N/A,N/A,N/A,5915247702
Happy Brew,pub,12.9339697,77.6154797,N/A,N/A,N/A,N/A,5915247703
Tilt Gastro Lounge,pub,12.9341449,77.6155709,N/A,N/A,N/A,N/A,5915247704
The Boozy Griffin,pub,12.9344559,77.6159732,N/A,N/A,N/A,N/A,5915247705
House of Commons,restaurant,12.9348404,77.6162173,N/A,N/A,N/A,N/A,5915409397
Juice Junction,restaurant,12.9341641,77.6166913,N/A,N/A,N/A,N/A,5915409400
Hatti Kaapi,cafe,12.9339899,77.6170683,N/A,N/A,N/A,N/A,5915409401
Nasi and Mee,restaurant,12.9350683,77.6292839,"80 Feet Road, Koramangala, Bangalore, 560034",+91 80 4151 3456,https://www.nasiandmee.co.in/,N/A,5915569163
BSR Lassi Packers Shop,restaurant,12.9344393,77.6295345,N/A,N/A,N/A,N/A,5915887963
Bira 91 Taproom,pub,12.9312594,77.6329642,N/A,N/A,N/A,N/A,5915887967
Bistro Claytopia,restaurant,12.9255456,77.6333329,N/A,N/A,N/A,N/A,5915887969
Magnolia,restaurant,12.9260044,77.6332862,N/A,N/A,N/A,N/A,5915887971
Barbeque Nation,restaurant,12.9251513,77.6378065,N/A,N/A,N/A,N/A,5915906217
Laila,restaurant,12.9872641,77.7334337,N/A,N/A,N/A,N/A,5920403846
Majestic Bar & Restaurant,restaurant,12.974151,77.5749138,N/A,N/A,N/A,N/A,5922608008
Hotel Mahalakshmi,hotel,12.9742409,77.575254,N/A,N/A,N/A,N/A,5922608011
MySpace Express Balaji Residency,hotel,12.997393,77.5500353,N/A,N/A,N/A,N/A,5922659262
Sri Devi Lodge,hotel,12.9899117,77.5532573,N/A,N/A,N/A,N/A,5922660391
Sri Durga Grand Veg,restaurant,12.9899111,77.5532211,N/A,N/A,N/A,N/A,5922660392
Aryan Residency,hotel,12.9899326,77.5527397,N/A,N/A,N/A,N/A,5922660396
Yumatos,restaurant,12.9848221,77.7111977,"NCPR Industrial Layout, Seetharampalya, Hoodi Main Road, Bangalore, 560048",N/A,N/A,N/A,5928669348
Brindavan College Canteen,cafe,13.1238209,77.6202417,N/A,N/A,N/A,N/A,5936153686
Brindavan College Bakery,cafe,13.1253521,77.62013,N/A,N/A,N/A,N/A,5936153689
Purani Dilli,restaurant,12.9167208,77.6732764,N/A,N/A,N/A,N/A,5960908739
Nayi Dilli,restaurant,12.9166598,77.6733314,N/A,N/A,N/A,N/A,5960908740
South Inn,restaurant,12.9125709,77.6814162,N/A,N/A,N/A,N/A,5961174122
Cafe Coffee Day,cafe,12.9162445,77.6519142,N/A,N/A,N/A,N/A,5961237643
Nagarjuna,restaurant,12.948404,77.6988272,Outer Ring Road,N/A,N/A,N/A,5963536174
Nakkshatra,bar,12.9484948,77.6987857,Outer Ring Road,+91 99028 22288,N/A,N/A,5963567139
Cafe Coffee Day,cafe,13.1034453,77.5843576,N/A,N/A,N/A,N/A,5964485854
The Chef's Story,restaurant,13.0182739,77.643275,N/A,N/A,N/A,N/A,5964486005
Churrascaria Brazil,restaurant,13.0240792,77.6370348,N/A,N/A,N/A,N/A,5964486007
Zaica Dine & Wine,restaurant,13.0411194,77.624478,N/A,N/A,N/A,N/A,5966255482
Baithaa,restaurant,13.0412239,77.6245156,N/A,N/A,N/A,N/A,5966255484
Budweiser,bar,13.0517267,77.6312426,N/A,N/A,N/A,N/A,5966255488
Chosen Cafe,cafe,13.0610325,77.6420653,N/A,N/A,N/A,N/A,5966255510
Cafe Coffee Day,cafe,13.094978,77.5972765,N/A,N/A,N/A,N/A,5983326231
Indira Canteen,restaurant,13.0260907,77.5849835,N/A,N/A,N/A,N/A,5983371030
Cafe 916,cafe,12.9084069,77.6837867,N/A,N/A,N/A,N/A,5983526474
Hotel Tanish,restaurant,12.9156309,77.6468534,"13th Cross Road, Bangalore, 560102",N/A,N/A,N/A,5984919168
Prabhakar's,cafe,12.8939257,77.6011614,"Bengaluru, 560076",N/A,N/A,N/A,5995079072
Yellow Submarine,restaurant,12.8976051,77.5997,N/A,N/A,N/A,N/A,5995081003
Raata,restaurant,12.997555,77.5445911,N/A,N/A,N/A,N/A,6017445198
Empire,restaurant,12.9977118,77.5467135,N/A,N/A,N/A,N/A,6017445199
ਨਿਉੁੂ ਮਸਤ ਪੰਜਾਬੀ,restaurant,13.0853623,77.634757,N/A,N/A,N/A,N/A,6033054486
Third Wave,cafe,12.978657,77.6452907,Chinmaya Mission Hospital Road,N/A,N/A,N/A,6063102085
Xoox Brewmill,restaurant,12.9354619,77.6150961,80 Feet Road,N/A,N/A,N/A,6067927667
Jayanagar Thindi Mane,restaurant,12.9233543,77.5850596,"36th Cross Road, Jayanagar, Bengaluru, 560041",N/A,N/A,N/A,6072228712
Zak Cafe,cafe,12.8989205,77.5888391,N/A,N/A,N/A,N/A,6072894766
Kakal Kai Ruchi,restaurant,12.9007694,77.5872749,"18th cross road, Bangalore, 560078",N/A,N/A,N/A,6072907744
Paani kum Chai,cafe,12.9004635,77.5857728,"24th Main Road, Bangalore, 560078",N/A,N/A,N/A,6073775977
Once In Nature (Organic Cafe),cafe,12.9001446,77.5859196,"24th Main, JP Nagar, 5th phase",N/A,N/A,N/A,6074032575
Unnamed Spot,cafe,12.921855,77.6719953,N/A,N/A,N/A,N/A,6076100927
Hotel Sankaranarayana Tiffanes,restaurant,12.9001036,77.585916,"24th Main Road, Bangalore, 560078",N/A,N/A,N/A,6079457673
MDP Coffee House,restaurant,12.9217794,77.5852464,N/A,N/A,N/A,N/A,6080243881
Dizzy Resto Bar,pub,12.9674384,77.7147179,N/A,N/A,N/A,N/A,6088214800
Imperio hotel,restaurant,12.9622817,77.7165739,N/A,N/A,N/A,N/A,6114925247
Chai Point,cafe,12.9642256,77.7128475,N/A,N/A,N/A,N/A,6114925935
The Tiffin Express,restaurant,12.9367615,77.6276835,N/A,N/A,N/A,N/A,6124618695
Treebo Hotel Worldtree Bellandur,hotel,12.9259979,77.6708823,N/A,N/A,N/A,N/A,6169813971
Kerala Mess,restaurant,13.0278016,77.6310134,N/A,N/A,N/A,N/A,6175812290
Local Cafe,cafe,13.0279504,77.6305051,N/A,N/A,N/A,N/A,6175824245
Marusa Food Family Restaurant,restaurant,12.9712219,77.6943085,N/A,N/A,N/A,N/A,6201924576
Moritz,restaurant,12.9186447,77.6707111,N/A,N/A,N/A,N/A,6204931244
Punjabi Rasoi,restaurant,12.9098429,77.6857975,N/A,N/A,N/A,N/A,6205509775
Sarjapura Social,restaurant,12.9098869,77.6855406,N/A,N/A,N/A,N/A,6205576497
New Sagar Hotel,restaurant,12.9585898,77.5392625,N/A,N/A,N/A,N/A,6209428549
Arogya Ahaara Takeaway,restaurant,12.9180605,77.6378597,"13th Main Road,jakkasandra, 1st Block Koramangala, 5th Sector,HSR Layout, Bengaluru, 560034",N/A,N/A,N/A,6209860334
Unnamed Spot,restaurant,12.9820349,77.7087096,N/A,N/A,N/A,N/A,6216303181
BierGarten Brewery & Kitchen,pub,12.9824221,77.7086483,"Kundalahalli Main Road, Bengaluru, 560048",N/A,N/A,N/A,6216304209
Biryani Paradise,restaurant,12.9816022,77.6970228,N/A,N/A,N/A,N/A,6219202473
New Udupi Garden,restaurant,12.9785438,77.7111721,N/A,N/A,N/A,N/A,6235809888
Lalithamahal,hotel,12.9716633,77.5726981,N/A,N/A,N/A,N/A,6240954285
Salvadores,restaurant,12.973506,77.6113148,N/A,080 49653492,N/A,N/A,6246844931
Vyshali Food Corner,restaurant,12.9611012,77.5887564,N/A,N/A,N/A,N/A,6248981887
Unnamed Spot,restaurant,13.0002762,77.5500211,N/A,N/A,N/A,N/A,6284075469
Sattvik Udupi Uphar,restaurant,12.9056713,77.6039543,N/A,N/A,N/A,N/A,6298960985
Cafe Coffee Day,cafe,12.9055794,77.6052372,N/A,N/A,N/A,N/A,6298964736
Swiss Cream,cafe,13.0632918,77.5910715,N/A,N/A,N/A,N/A,6298970281
Kalpavruksha,restaurant,12.9035992,77.6019963,N/A,N/A,N/A,N/A,6298973771
Sri Gajanana Juice Center,restaurant,12.9603202,77.7172283,N/A,N/A,N/A,N/A,6299411988
Empire Restaurant,restaurant,12.9020427,77.5857467,N/A,N/A,N/A,N/A,6338071472
Kakal Kai Ruchi,restaurant,12.8973677,77.5858738,"JP Nagar 6th Phase, JP Nagar",N/A,N/A,N/A,6341376490
Cafe Coffee Day,cafe,12.8957489,77.599975,N/A,N/A,N/A,N/A,6351596280
Canteen NLSIU,restaurant,12.9552984,77.5171196,N/A,N/A,N/A,N/A,6355866004
Oota Bangalore,restaurant,12.9823957,77.7217131,"5B Road, Bengaluru",+91 080 45217761,https://oota.in/,hospitality@total-environment.com,6374363820
iSiri Cafe,restaurant,12.8832343,77.6075065,N/A,+9199454 75540,http://www.isiricafe.com/,N/A,6378793984
Academic Cafeteria,cafe,13.0712071,77.5806832,N/A,N/A,N/A,N/A,6380870463
Fab Hotel,hotel,12.9648679,77.7016525,N/A,N/A,N/A,N/A,6389221458
1311 Restaurant,restaurant,12.9699627,77.6415269,"100 Feet Road, Bangalore, 560038",N/A,N/A,N/A,6393878845
Pulimanchi,restaurant,12.9806794,77.6405105,N/A,N/A,N/A,N/A,6397870986
Portland,restaurant,12.9702258,77.6146582,N/A,N/A,N/A,N/A,6398517993
Madhu Lodge,hotel,12.9711847,77.5763869,B.V.K. Iyengar Road,N/A,N/A,N/A,6418988788
Udupi Sri Krishna Bhavan,restaurant,12.9716342,77.5741018,"Balepet Road, 560053",N/A,N/A,N/A,6419145385
Punjabi Rasoi,restaurant,12.9812549,77.6405264,"100 Feet Road, Indiranagar, Bangalore, 560038",N/A,N/A,N/A,6422664985
Sri Alok Park Veg,restaurant,12.9880617,77.7339646,N/A,N/A,N/A,N/A,6448154191
Celestial Heights,hotel,12.9340481,77.5344673,"Outer Ring Road, Bengaluru, 560085",N/A,N/A,N/A,6449208762
Hotel Bangalore Gate,hotel,12.9735807,77.5794876,"Kempe Gowda Road, Bangalore, 560009",+91-9945333999,https://www.hotelbangaloregate.com,book@hotelbangaloregate.com,6487165544
Hotel Sanman,restaurant,12.977562,77.5744205,N/A,N/A,N/A,N/A,6487165548
Udupi Upachar,restaurant,12.9904646,77.5505346,N/A,N/A,N/A,N/A,6487165551
Vidya Cafe,cafe,12.9123405,77.5913841,N/A,N/A,N/A,N/A,6491957990
Mood for Food,cafe,12.9696336,77.6489861,N/A,N/A,N/A,N/A,6497014280
Savoury Express,restaurant,12.9686909,77.6486916,N/A,N/A,N/A,N/A,6497017194
Bharatiya Jalpan,restaurant,12.9687696,77.6416126,N/A,N/A,N/A,N/A,6497032492
Chai Darbar,restaurant,12.9718326,77.6798268,N/A,N/A,N/A,N/A,6497594127
Kerala Kitchen,restaurant,13.0037091,77.6226122,Hutchins Road,9886848987,N/A,N/A,6499750801
Hatti Kaapi,cafe,13.0112702,77.5556794,"Upper Ground Floor, Orion Mall, Dr. Rajkumar Road, Bangalore",N/A,www.hattikaapi.in,N/A,6542893133
Chai Point,cafe,13.0116766,77.5556861,N/A,N/A,N/A,N/A,6542893134
Cookie Man,cafe,13.0110494,77.5549485,"Upper Ground Floow, Orion Mall, Dr. Rajkumar Road, Bangalore",N/A,https://cookiemanindia.com/,N/A,6542893146
Bombay Brasserie,restaurant,13.0108052,77.5554043,N/A,N/A,N/A,N/A,6542893147
Geist Brewing Taproom,pub,13.0115956,77.5553917,"Upper Ground Floor, Orion Mall, Dr. Rajkumar Road, Bangalore",N/A,https://www.geist.in/,N/A,6542893148
Hotel Akshaya Non Veg,restaurant,12.9977484,77.5473746,N/A,N/A,N/A,N/A,6546848148
Devi Upahara,restaurant,12.9636997,77.5923663,"Chidananda Maharashi Ashram Road, Bengaluru, 560027",N/A,N/A,N/A,6552306254
eat.fit,restaurant,12.9751224,77.6040068,N/A,N/A,N/A,N/A,6584009915
Brik Oven,restaurant,12.9747264,77.6053204,N/A,N/A,N/A,N/A,6584009921
Chai Point,cafe,12.974665,77.6066507,N/A,N/A,N/A,N/A,6584009931
Coast II Coast,restaurant,12.9746251,77.6073769,N/A,N/A,N/A,N/A,6584009934
saatvikk,restaurant,12.9743644,77.607851,N/A,N/A,N/A,N/A,6584009940
Tea Trails,cafe,12.9729301,77.6074769,N/A,N/A,N/A,N/A,6584009960
Frozen Bottle,cafe,12.9728288,77.607387,N/A,N/A,N/A,N/A,6584009961
Monarch Hotel,hotel,12.9727609,77.6073763,N/A,N/A,N/A,N/A,6584009963
"Champaca Bookstore, Library & Cafe",cafe,12.9873463,77.5959886,"Edward Road, Bengaluru, 560052",+91 93536 08989,https://www.champaca.in/,hello@champaca.in,6594341985
Chai Point,cafe,12.9360247,77.7211769,N/A,N/A,N/A,N/A,6599098045
Udaan,restaurant,12.9116699,77.643421,N/A,N/A,N/A,N/A,6601884724
Nandini Milk Parlor,cafe,12.9138994,77.5374377,N/A,N/A,N/A,N/A,6611728376
The Black Pearl,restaurant,12.9392131,77.6947005,N/A,N/A,N/A,N/A,6613030600
New Shanthi Sagar,restaurant,12.9860978,77.5543504,"12th Main Road, Bangalore, 560010",N/A,N/A,N/A,6646295302
Unnamed Spot,restaurant,13.0286581,77.5436007,N/A,N/A,N/A,N/A,6654524748
Nandanam,restaurant,12.876884,77.6392801,N/A,7338446609,N/A,N/A,6657724259
Sri Krishna Grand,restaurant,12.8743782,77.6405809,N/A,N/A,N/A,N/A,6658119308
FAB cafe,cafe,12.8744332,77.6470699,N/A,N/A,N/A,N/A,6658580092
Oye Punjab Resturant,restaurant,12.8787352,77.6367386,N/A,N/A,N/A,N/A,6662095297
Magic Oven,cafe,12.8777101,77.6387217,N/A,N/A,N/A,N/A,6677334945
Majestic Hotel,restaurant,12.9774153,77.5744736,N/A,N/A,N/A,N/A,6681215510
Cafe Mor'ish,cafe,12.9659363,77.6035702,N/A,N/A,N/A,N/A,6681215529
Al-Taj Restaurant,restaurant,12.9899287,77.5529918,N/A,N/A,N/A,N/A,6681254107
by 2 coffy,cafe,12.9869192,77.5562131,N/A,N/A,N/A,N/A,6681254112
Justbe Resto Cafe,restaurant,13.0071836,77.5794783,"13th Cross, Sadashiva Nagar",+91 80 48538672,https://www.justbeyou.in,N/A,6690499039
Punjabi Khanna,restaurant,12.949846,77.715934,N/A,N/A,N/A,N/A,6690503516
Lassi Corner,cafe,12.9512385,77.7154097,"SAi Baba Temple Road, Bangalore, 560037",N/A,N/A,N/A,6690503527
Sura Whine Shop,bar,12.9504896,77.7156859,"Sai Baba Temple Road, Bangalore, 560037",N/A,N/A,N/A,6690503528
Eatoz,restaurant,12.9504428,77.7156939,"Sai Baba Temple Road, Bangalore, 560037",08040955733,N/A,N/A,6690503529
Energizer,cafe,12.9502438,77.7155138,"Sai Baba Temple Road, Bangalore, 560037",N/A,N/A,N/A,6690503530
OYO 13120 Ambrosia,hotel,12.949846,77.715858,"Saii Baba Temple Road, Bangalore, 560037",N/A,N/A,N/A,6690507098
Nila Bhima Restaurant;,restaurant,12.9491647,77.7161846,"Sai Baba temple Road, Bangalore, 560037",N/A,N/A,N/A,6690509588
Nisarga,restaurant,12.9835262,77.5942425,"Infantry Road, Bengaluru",N/A,N/A,N/A,6698387555
Kaapi Right,cafe,12.9822733,77.6392502,N/A,N/A,N/A,N/A,6702708923
Ambur Biriyani,restaurant,12.9822477,77.6389715,N/A,N/A,N/A,N/A,6702711742
Devi Sri Juice and Condiments,restaurant,12.9420698,77.6280215,N/A,094677 66383,N/A,N/A,6755811686
Udupi Athithiya,restaurant,12.9255829,77.6762661,"Bellandur Main Road, 560103",N/A,N/A,N/A,6761308488
Holiday Inn Express,hotel,13.0251512,77.548137,Railway Parcel Road,N/A,N/A,N/A,6761441048
Dal Baati Corner,restaurant,12.9716726,77.6573587,N/A,N/A,N/A,N/A,6771722354
Plantain Leaf,restaurant,12.9718144,77.6548499,N/A,N/A,N/A,N/A,6771722357
Biriyani Zone,restaurant,12.9733672,77.6783788,N/A,N/A,N/A,N/A,6771722369
Mylari-Inn,restaurant,13.066438,77.5969948,N/A,N/A,N/A,N/A,6779117312
Brother Barley Brewing Company,pub,12.9121766,77.6368606,N/A,N/A,N/A,N/A,6782802496
Radisson City Center,hotel,12.9764637,77.6196256,N/A,N/A,N/A,N/A,6788643755
Arabian Restaurant,restaurant,13.0189687,77.5575829,N/A,N/A,N/A,N/A,6794727082
Hotel Vande Matharam,restaurant,13.010724,77.5502667,N/A,N/A,N/A,N/A,6794780737
Sangam,restaurant,13.0140978,77.5542326,N/A,N/A,N/A,N/A,6794794200
Jetlag,pub,13.0122579,77.5541209,N/A,N/A,N/A,N/A,6794798811
ASEAN - On The Edge,restaurant,12.9754648,77.6050615,"Mahatma Gandhi Road, Bengaluru, 560001",+91 8025136611,N/A,N/A,6795544734
Andhra biryanis,restaurant,12.9832816,77.7335602,Next left to ITPL back gate,N/A,N/A,N/A,6795662019
California Burrito,restaurant,12.9816457,77.6968724,N/A,N/A,N/A,N/A,6805721261
Hassan Iyenger Bakery,restaurant,13.0039628,77.5507974,N/A,N/A,N/A,N/A,6807501871
stories,restaurant,13.0080788,77.5489767,N/A,N/A,N/A,N/A,6808228304
Unnamed Spot,hotel,12.9372838,77.6196276,N/A,N/A,N/A,N/A,6808473960
Sree Ganesha Juice And Ice Cream,hotel,13.0695006,77.5039562,N/A,N/A,N/A,N/A,6809760926
Rolls Rice Cafe,cafe,12.9251181,77.498842,N/A,N/A,N/A,N/A,6815596324
Brew Kings,pub,12.9264213,77.500273,"Mysore Road, Bengaluru, 560056",N/A,https://brewkingsbangalore.com/,N/A,6815596343
Green Theory,restaurant,12.9683503,77.6027151,"Convent Road, Indiranagar, Bengaluru, 560025",+91 8861435956,https://www.greentheory.in/,info@greentheory.in,6819880190
Lavonne Café,cafe,12.9669254,77.6368937,"3rd Cross Road, Bengaluru, 560071",N/A,https://lavonne.in/,info@lavonne.in,6832288685
Ayodhya vihar,restaurant,12.9687494,77.6492656,Jeevan Bheema Nagar Main Road,N/A,N/A,N/A,6834046687
Tibet Kitchen,restaurant,13.0241609,77.7063349,N/A,N/A,N/A,N/A,6849360686
Udupi Brahmashree,restaurant,13.0370574,77.5896455,N/A,N/A,N/A,N/A,6856463614
Udupi Park Inn,restaurant,13.0351773,77.5890219,N/A,N/A,N/A,N/A,6856463615
De Grand,restaurant,13.0663312,77.6402789,N/A,N/A,N/A,N/A,6857394484
Beijing Bites,restaurant,13.0725613,77.6024947,N/A,N/A,N/A,N/A,6857427253
Pataka Mannar's,restaurant,12.9342412,77.5828783,3rd block,N/A,N/A,N/A,6859406244
Sendhoor Coffee,restaurant,12.9822473,77.6390337,N/A,N/A,N/A,N/A,6892877471
Le Bistro,restaurant,12.9718776,77.5962988,"Vittal Mallya Road, Bengaluru, 560001",N/A,https://www.oakwoodasia.com/,N/A,6898530486
Coffee House,cafe,12.9349174,77.5367638,N/A,N/A,N/A,N/A,6899554638
Addiction,restaurant,12.9586968,77.53347,"Chord Road, Bengaluru, 560040",+919538172727,N/A,N/A,6927679728
Cafe Coffee Day,cafe,13.0355929,77.6285283,Outer Ring Road,N/A,N/A,N/A,6948470987
Eastwind (Delicious Biryani),restaurant,12.9366068,77.5176248,N/A,N/A,N/A,N/A,6952164915
Thalassery,restaurant,13.0194926,77.6369287,N/A,N/A,N/A,N/A,6956587094
Moriz,restaurant,13.0189238,77.6367836,N/A,N/A,N/A,N/A,6956588689
Dindigul Thalapakkatti,restaurant,12.9121078,77.6379727,17th Cross Road,+91 80 4378 1500; +91 78258 90008,N/A,N/A,6959716598
Hatti Kaapi,cafe,12.9284055,77.5816846,N/A,N/A,N/A,N/A,6968692485
New Brindavan Hotel,hotel,13.0076876,77.6836853,ITI Colony,N/A,N/A,N/A,6991702678
Sharief Bhai,restaurant,12.9811972,77.6368727,N/A,N/A,N/A,N/A,7013311585
Udupi Upahar,restaurant,12.8901826,77.6397297,Hosur Road,N/A,N/A,N/A,7016516842
BNG Dining,restaurant,12.9314962,77.609838,N/A,7259452829,N/A,N/A,7035372785
Upahara Darshini,restaurant,12.9288786,77.5837575,Bengaluru,N/A,N/A,N/A,7035947782
Farzi Cafe,restaurant,12.9720385,77.5956455,N/A,N/A,N/A,N/A,7037768785
New Ambur Biriyani,restaurant,12.9549086,77.5857588,N/A,N/A,N/A,N/A,7043229688
Hotel Nandeshwara Lunch Home,restaurant,12.9554304,77.585944,N/A,N/A,N/A,N/A,7043255185
Peace Restaurant,restaurant,12.9620164,77.5978486,N/A,N/A,N/A,N/A,7043992185
NuTy Central Kitchen,restaurant,12.8776064,77.6449397,"Aishwarya Crystal Layout, Bengaluru, 560068",N/A,N/A,N/A,7046466599
Sri Raghavendra Upaahar,restaurant,12.9681659,77.5292945,N/A,N/A,N/A,N/A,7059752703
Paris Panini,restaurant,12.9702706,77.6446231,12th Main Road,N/A,N/A,N/A,7074561086
Gangotri,restaurant,12.9684181,77.5324474,N/A,N/A,N/A,N/A,7079728383
Pappu Chaiwala,cafe,12.913213,77.6445226,N/A,N/A,N/A,N/A,7085464942
Rebarbiq,restaurant,12.9123452,77.6425923,N/A,N/A,N/A,N/A,7085465358
Lassi Treat,cafe,12.9163542,77.6449309,N/A,N/A,N/A,N/A,7085470153
Aurum Brew Works,pub,12.9107458,77.6856277,N/A,N/A,N/A,N/A,7085477838
Barbeque Nation,restaurant,12.9092185,77.687404,N/A,N/A,N/A,N/A,7085480609
Raidan Restaurant,restaurant,12.9941666,77.6103415,N/A,N/A,N/A,N/A,7087593367
Sindhoor,restaurant,12.8834749,77.550013,Kanakapura Road,N/A,N/A,N/A,7105191687
Kakkal Kai Ruchi,restaurant,12.8864483,77.5661623,"Amruth Nagar Main Road, 560062",N/A,N/A,N/A,7106702479
Sri Racha,restaurant,12.970504,77.6449169,N/A,N/A,N/A,N/A,7110589921
Sanchez,restaurant,12.9704504,77.6449169,N/A,N/A,N/A,N/A,7110589922
Mangalore Kabab Korner,restaurant,12.9728026,77.5284941,N/A,N/A,N/A,N/A,7112491585
Samudra,restaurant,12.9761897,77.5331156,N/A,N/A,N/A,N/A,7112539085
Brahmi Ruchi,restaurant,12.9664596,77.5344276,N/A,N/A,N/A,N/A,7115980786
Udupi Aruna Grand,restaurant,12.9665005,77.5343128,N/A,N/A,N/A,N/A,7115980787
South spicy bites,restaurant,12.9662613,77.5350611,N/A,N/A,N/A,N/A,7116375085
Kabab Souq,restaurant,12.9722044,77.6797193,N/A,N/A,N/A,N/A,7120241070
A Naidu's Ootada Mane,restaurant,12.9825676,77.6393698,N/A,N/A,N/A,N/A,7122031685
Karavali Grand,restaurant,12.9585512,77.5253725,N/A,N/A,N/A,N/A,7125698286
Kesariya,restaurant,12.9066049,77.5896205,Bangalore,N/A,N/A,N/A,7126122233
New Shanthi Sagar,restaurant,12.9689194,77.5361437,N/A,N/A,N/A,N/A,7131191486
Cow Bar - Milk Shakes,restaurant,12.9721106,77.6807544,N/A,N/A,N/A,N/A,7140653795
Darbar Express,restaurant,12.9721622,77.6807678,N/A,N/A,N/A,N/A,7140653796
Moriz,restaurant,12.9721564,77.6798786,N/A,N/A,N/A,N/A,7140666410
Treat Kitchen,restaurant,12.9719525,77.6797237,N/A,N/A,N/A,N/A,7140680686
Moti's Kitchen,restaurant,12.972565,77.6533496,N/A,N/A,N/A,N/A,7140763291
Daily Sushi,restaurant,12.9569722,77.7320574,N/A,N/A,N/A,N/A,7144469409
Toscano - Wine collection,restaurant,12.9564838,77.7317386,N/A,N/A,N/A,N/A,7144469428
Cafe 916 & Bake,cafe,12.9976465,77.5523655,N/A,N/A,N/A,N/A,7146770599
Karavali Fine Dine,restaurant,12.9921881,77.5546494,N/A,N/A,N/A,N/A,7146770602
Chai Point,cafe,12.969455,77.6827513,N/A,N/A,N/A,N/A,7147351710
Mani's Dum Biryani,restaurant,12.9705826,77.6818132,N/A,N/A,N/A,N/A,7147351712
Naidu Palace,hotel,12.98714,77.5494285,N/A,N/A,N/A,N/A,7156536794
Pappu Chaiwalla,cafe,12.9682966,77.536114,N/A,N/A,N/A,N/A,7156536807
Kappa Chakka Kandhari,restaurant,12.9405303,77.6235653,"18th Main Road, Bengaluru, 560095",+91 636467 1010,https://www.kappachakkakandhari.com/,info@kappachakkakandhari.com,7160747616
Annapurneshwari Canteen,restaurant,12.9741713,77.5880263,"PWD Offices Premises, Bangalore, 560001",N/A,N/A,N/A,7162186811
Mayur Andra Style Restaraunt,restaurant,12.9209511,77.620137,N/A,N/A,N/A,N/A,7164319496
Couchpotato,restaurant,12.9162833,77.6132641,N/A,N/A,N/A,N/A,7164333857
Venad Kitchen,restaurant,12.971553,77.6803025,N/A,N/A,N/A,N/A,7164719475
Maraheb Restaurant - Mandi & Madfoon,restaurant,13.0228,77.6398442,N/A,N/A,N/A,N/A,7164731974
NH 47 Kerala Kitchen,restaurant,12.9809503,77.6935452,N/A,N/A,N/A,N/A,7164764134
Imperio,restaurant,13.0239905,77.6430942,N/A,N/A,N/A,N/A,7164771196
Kalpavriksha Upahar,hotel,12.921283,77.5932645,N/A,N/A,N/A,N/A,7166273511
Azuki Japan Travel Bistro & Sake,restaurant,12.9611765,77.604694,"Alfred Street, Bengaluru, 560025",N/A,N/A,N/A,7176651785
Loafer and Co.,cafe,13.0491295,77.601753,"Hebbal Kempapura, Bengaluru, 560024",N/A,https://loaferandco.com,loaferandco@gmail.com,7178597284
The Farmhouse Kitchen & Bakery,restaurant,12.957453,77.732905,"Lake View Farm, Varthur Road, Bengaluru, 560066",N/A,N/A,N/A,7178597785
Food Hall,cafe,12.9964417,77.695743,"Whitefield Road, Bengaluru, 560048",N/A,https://www.foodhallonline.com/,N/A,7178597794
Food Hall,cafe,12.973545,77.6204172,"Mahatma Gandhi Road, Bengaluru, 560008",N/A,https://www.foodhallonline.com/,N/A,7178597795
Malabar Hotel,restaurant,12.9739747,77.6787485,N/A,N/A,N/A,N/A,7178905240
Basaveshwara Khanavali,restaurant,12.9793475,77.69571,N/A,N/A,N/A,N/A,7178923561
Sri Dwaraka Foods Andhra Biriyani,restaurant,12.9793397,77.6956825,N/A,N/A,N/A,N/A,7178923562
Aha Andhra Restaurant,restaurant,12.9793214,77.6957985,N/A,N/A,N/A,N/A,7178923563
ISIRI Resto Bar,restaurant,12.979456,77.6952193,N/A,+91 88845 77123; +91 85500 00988,http://www.isirirestobar.in/,info@sdpgroup.in,7178923565
Iyer Idly,restaurant,12.9724119,77.6800338,N/A,N/A,N/A,N/A,7178929299
Angel Mess,restaurant,12.9744158,77.6804352,N/A,N/A,N/A,N/A,7178988356
Kadak Hotel,restaurant,13.0660933,77.5983768,N/A,N/A,N/A,N/A,7179084273
Guru Greens Family Restaurant,restaurant,12.8538911,77.5889038,"Bannerghatta Road, Bangalore",N/A,N/A,N/A,7179141561
California Burrito,restaurant,12.9859657,77.69436,N/A,N/A,N/A,N/A,7180744036
Nature's Cafe,cafe,13.0063463,77.5823289,N/A,N/A,N/A,N/A,7192992580
Biryani Bhavan,restaurant,12.9246587,77.4983083,N/A,N/A,N/A,N/A,7195158622
Le Grapes Restobar,bar,12.9964898,77.5508565,"Chord Road, Rajajinagar, Bengaluru",N/A,N/A,N/A,7201052049
Royal Andhra Spice,restaurant,13.024534,77.6418448,N/A,N/A,N/A,N/A,7206004834
White Garden,restaurant,13.0238518,77.6431395,N/A,N/A,N/A,N/A,7206004835
Float Brewery,pub,13.0225688,77.6435164,"7th Main Road, Kalyan Nagar, Bangalore, 560043",N/A,N/A,N/A,7206004849
Aramana,restaurant,13.0200444,77.6434466,"7th Main Road, Kalyan Nagar, Bengaluru, 560043",N/A,N/A,N/A,7206016086
Thomchi Unisex Salon;The Leslie's,cafe,13.0532368,77.6455767,N/A,N/A,N/A,N/A,7206419492
By2coffee,restaurant,12.9727456,77.511896,N/A,N/A,N/A,N/A,7208502385
Galaxy Suites,hotel,13.0279389,77.5617921,N/A,N/A,N/A,N/A,7215593391
Geometry Gastropub,pub,13.008108,77.5569521,"8th Main Road, Rajajinagar, Bengaluru, 560055",N/A,N/A,N/A,7223089472
Mom's Kitchen - Tanang Naga,restaurant,13.0550686,77.6453537,"K Narayanapura Main Road, Kothanur, Bengaluru",N/A,N/A,N/A,7227412373
Cafe Zamorin,restaurant,13.0587371,77.643232,N/A,N/A,N/A,N/A,7227412374
Taawoon,restaurant,13.0645806,77.6483658,N/A,N/A,N/A,N/A,7227446792
Straight Up,pub,13.0695841,77.6518339,N/A,N/A,N/A,N/A,7227446794
Sip n Hog,cafe,12.9250769,77.4987938,N/A,N/A,N/A,N/A,7229958826
3 Peg Bar and Restaurant,restaurant,13.116341,77.5781161,N/A,N/A,N/A,N/A,7230029034
Hotel Annalakshmi Pure Veg,restaurant,13.1282982,77.5725666,N/A,N/A,N/A,N/A,7230109758
Four Seasons Hotel,hotel,13.0191154,77.5851502,"Bellary Road, Bangalore, 560032",+91 (080) 4522-2222,https://fourseasons.com/bengaluru/,N/A,7232185449
Watsons,restaurant,13.063717,77.5906393,N/A,N/A,N/A,N/A,7235029659
H K Residency,hotel,12.9883253,77.5497463,N/A,N/A,N/A,N/A,7236205665
Navya Residency,hotel,12.9902802,77.5504638,N/A,N/A,N/A,N/A,7236205667
The Grand Coral,hotel,12.996571,77.5508266,N/A,N/A,N/A,N/A,7236205678
Rajbhog,restaurant,12.9989715,77.5521791,N/A,N/A,N/A,N/A,7255294908
Luqma,restaurant,13.0520168,77.6460806,N/A,N/A,N/A,N/A,7255870169
Jiffy Cafe,cafe,13.0530266,77.6457949,N/A,N/A,N/A,N/A,7255870170
Fella Cafe,cafe,13.0572301,77.6441366,N/A,N/A,N/A,N/A,7255870174
Grand Spicy,restaurant,12.9901417,77.5932464,N/A,N/A,N/A,N/A,7255929397
Empire,restaurant,12.9916615,77.5943595,N/A,N/A,N/A,N/A,7255929403
Cafe Arabica,cafe,12.9995034,77.6161296,N/A,N/A,N/A,N/A,7255929445
Royal Pavilion,restaurant,13.000456,77.6153719,N/A,N/A,N/A,N/A,7255929449
King Kong,restaurant,13.0009355,77.6142669,N/A,N/A,N/A,N/A,7255929462
Moriz,restaurant,13.0466615,77.6445812,N/A,N/A,N/A,N/A,7256979678
Ancient Hyderabad,restaurant,13.040834,77.6197195,N/A,N/A,N/A,N/A,7256985313
Food Castle,restaurant,13.0413703,77.6219407,N/A,N/A,N/A,N/A,7256985314
Burp,restaurant,13.0337165,77.5689791,N/A,N/A,N/A,N/A,7257728203
Asia Alive,restaurant,12.9193144,77.6651081,N/A,N/A,N/A,N/A,7276566924
Cafe Coffee Day,cafe,13.0117027,77.5520208,N/A,N/A,N/A,N/A,7291611577
Mathrushree Residency,hotel,12.9899013,77.5533586,N/A,N/A,N/A,N/A,7292235611
Malabar Cafe,restaurant,12.9601322,77.6017597,N/A,N/A,N/A,N/A,7293719385
Taste of Rampur,restaurant,12.9329058,77.6134662,N/A,N/A,N/A,N/A,7293804847
Biriyani Paradise,restaurant,12.9433728,77.6079865,N/A,N/A,N/A,N/A,7293817086
Lounge 189,restaurant,12.9179105,77.6238799,N/A,N/A,N/A,N/A,7294299935
The Aroma,restaurant,12.9178543,77.6241066,N/A,N/A,N/A,N/A,7294299936
Cafe Awesome,cafe,12.9178269,77.6237981,N/A,N/A,N/A,N/A,7294299937
Olivia Inn & Suites,hotel,12.9235417,77.6185557,N/A,N/A,N/A,N/A,7294299977
Tap Out Pub,pub,12.9137236,77.6664546,N/A,N/A,N/A,N/A,7298370331
Kengiri,hotel,12.9924782,77.5984472,N/A,N/A,N/A,N/A,7301357909
The Chevron,hotel,12.983268,77.5941621,N/A,N/A,N/A,N/A,7301358089
Star Hotel,restaurant,13.038616,77.5899484,N/A,N/A,N/A,N/A,7302387905
Dhansagar,restaurant,12.9135395,77.6065388,N/A,N/A,N/A,N/A,7389069386
Unnamed Spot,restaurant,12.8970634,77.596866,N/A,N/A,N/A,N/A,7389755630
Good Food Kitchen,restaurant,12.9130518,77.6999194,"Janatha Colony, Doddakannelli, Bangalore, 560035",N/A,N/A,N/A,7436685277
Condiments,cafe,13.0069827,77.5483088,N/A,N/A,N/A,N/A,7440128616
Unnamed Spot,restaurant,12.9741205,77.6729001,N/A,N/A,N/A,N/A,7466913100
Udupi,restaurant,12.9670013,77.6824507,N/A,N/A,N/A,N/A,7466913104
Chulha Chauki Da Dhaba,restaurant,12.9644211,77.7158807,N/A,08040925270,https://chulhachaukidadhaba.com/,N/A,7510181612
Unnamed Spot,cafe,12.9666425,77.7114362,N/A,N/A,N/A,N/A,7518141837
Veg Corner,restaurant,12.9001694,77.5603874,N/A,N/A,N/A,N/A,7520954480
Veg Corner,restaurant,12.9001862,77.5603615,N/A,N/A,N/A,N/A,7520954481
Udupi Upachar,restaurant,12.9622586,77.713294,N/A,+91 8041125125,N/A,N/A,7522922975
Just Bake,restaurant,12.934076,77.6056306,N/A,N/A,N/A,N/A,7528069001
Raja Rajeswari Hotel,restaurant,12.9337727,77.6047348,N/A,N/A,N/A,N/A,7528069002
LORE,restaurant,12.9802518,77.5861466,N/A,N/A,N/A,N/A,7658290107
Tijuori,restaurant,12.9800179,77.5859709,N/A,N/A,N/A,N/A,7658290108
Smoky The sheesha lounge,bar,12.9331848,77.6139332,N/A,N/A,N/A,N/A,7913548757
Sunny Side Up,cafe,13.0018413,77.6235055,N/A,N/A,N/A,N/A,7944450116
Go Native,restaurant,12.9688442,77.5970887,"Lavelle Road, Ashok Nagar, Bengaluru, 560001",N/A,https://gonative.in,hello@gonative.in,7949885732
Woke,hotel,12.9778932,77.6444166,N/A,N/A,N/A,N/A,7976318316
Iyengar Bakery,cafe,13.0535572,77.5752216,N/A,N/A,N/A,N/A,8012727677
Saapaad,restaurant,12.9812033,77.6369044,N/A,N/A,N/A,N/A,8078201627
Sash Cafe,cafe,13.069536,77.6518323,"Hennur Bagalur Road, Bengaluru, 560077",+91 8880622622,N/A,N/A,8117913037
Karma Kaapi – Caffeine Studio,cafe,12.9232558,77.5814085,N/A,N/A,https://karmakaapi.com/,N/A,8136105934
Bismillah Hotel,restaurant,13.0845693,77.551989,N/A,N/A,N/A,N/A,8188056969
Annapoorna Hotel,restaurant,13.0724189,77.5244541,N/A,N/A,N/A,N/A,8188057014
Chilli Shots Restaurant,restaurant,13.0721671,77.546269,N/A,N/A,N/A,N/A,8188057016
Ghar Ka Dhaba,restaurant,13.0548524,77.6124503,N/A,N/A,N/A,N/A,8188057111
Dashami Fast Food,restaurant,13.044658,77.552906,N/A,N/A,N/A,N/A,8188057146
Annapurna Restaurant,restaurant,13.022342,77.5528657,N/A,N/A,N/A,N/A,8188057258
Vishnu Garden Vegetarian Restaurant,restaurant,13.0203034,77.5923603,N/A,N/A,N/A,N/A,8188057276
Annakuta Prasadam Restaurant,restaurant,13.0102358,77.5516049,N/A,N/A,N/A,N/A,8188058140
The Orchard Vegetarian Indian Restaurant,restaurant,13.004777,77.581093,N/A,N/A,N/A,N/A,8188058188
Atithi Family Restaurant,restaurant,12.974256,77.5598391,N/A,N/A,N/A,N/A,8188058456
Thamboola Fine Dine Vegetarian Restaurant,restaurant,12.9276526,77.5620661,N/A,N/A,N/A,N/A,8188058800
SUPREME HOTEL,hotel,13.0284821,77.5199844,N/A,N/A,N/A,N/A,8196821613
Ayra Hotel,hotel,12.9899167,77.5735756,N/A,N/A,N/A,N/A,8196826662
IDC Idli Dosa Coffee Central Kitchen,restaurant,12.9659973,77.594522,"Sri Ram Mandir Road, Bengaluru, 560027",N/A,https://idckitchen.com,N/A,8205055155
Pizza Hut,restaurant,12.9584293,77.5192308,N/A,N/A,N/A,N/A,8240257742
Brik Oven,restaurant,12.985676,77.5878675,"Prestige Trade Tower, Palace Road, Sampangi Rama Nagar, Bengaluru, 560001",N/A,N/A,N/A,8240293381
Happy Belly Bakes,cafe,12.9790136,77.642347,"Sri Krishna Temple Road, Indiranagar, Bengaluru",N/A,https://happybellybakes.com,N/A,8244271796
Go Native HSR,cafe,12.9133296,77.6383239,"14th Main Road, Bengaluru, 560102",N/A,https://gonative.in/,N/A,8252529146
Go Native Jayanagar,restaurant,12.9226084,77.5846459,"10A Main Road, Bangalore, 560041",N/A,https://gonative.in/,N/A,8252529418
Go Native Sadashivnagar,restaurant,13.0044097,77.581653,"Sankey Road, Sadashivanagara, Bangalore, 560003",N/A,https://gonative.in/,N/A,8252549787
Garden Restaurant,restaurant,13.0193484,77.5570913,N/A,N/A,N/A,N/A,8255002879
Coffee Break,cafe,13.0087525,77.5693951,N/A,N/A,N/A,N/A,8255015075
Himadri Veg,restaurant,13.0651157,77.503928,"Hesaraghatta Main Road, bangalore, 560073",+919606669222,N/A,N/A,8276770962
Masala Mane,cafe,12.9551776,77.5282122,N/A,N/A,N/A,N/A,8282914503
Trupti Thindi,restaurant,13.0691806,77.5809502,N/A,N/A,N/A,N/A,8300225144
Nila Food Corner,restaurant,13.0690971,77.5809341,N/A,N/A,N/A,N/A,8300228268
Copper + Cloves @ the organic world,cafe,12.9704763,77.6450672,"12th Main, 7th Cross Rd, HAL 2nd Stage, Indiranagar, BENGALURU, 560038",+91 97319 30303,https://www.copperandcloves.com/,N/A,8347895697
Baohood,restaurant,13.0555416,77.6079033,N/A,N/A,N/A,N/A,8442476340
Comal,restaurant,12.9723374,77.6187616,"Ramanashree Arcade, Mahatma Gandhi Road, Ashok Nagar, Bengaluru, 560001",+91 8123240555,N/A,N/A,8442476342
Cafe Naturals,cafe,13.0628968,77.576413,N/A,N/A,N/A,N/A,8491901655
Vijayalakshmi Residency,hotel,13.0219436,77.5536336,N/A,N/A,N/A,N/A,8534502718
Frozen Bottle,cafe,13.0320123,77.5698439,N/A,N/A,N/A,N/A,8544090696
Post office - Kothanur,restaurant,13.0632605,77.6488771,"Kothanur Main Road, Bengaluru, 560077",N/A,N/A,N/A,8597958242
Raidan Restaurant,restaurant,13.0188427,77.636598,N/A,N/A,N/A,N/A,8627296822
Candy Cloud,cafe,12.9333892,77.6156339,N/A,N/A,https://candycloudfactory.in,N/A,8645272055
Halcyon Hotel Residences,hotel,12.9361688,77.631568,N/A,N/A,N/A,N/A,8728789125
Third Wave Coffee Roasters,cafe,12.9701976,77.6386624,N/A,N/A,https://www.thirdwavecoffeeroasters.com/,N/A,8758561575
Ainmane,cafe,12.9719367,77.6419161,"9th Main Road, Indira Nagar, Bangalore, 560038",N/A,https://ainmane.com/,N/A,8758566370
HLV Grand Inn,hotel,12.9784414,77.5762946,Beṅgaḷūru,+919845071032,N/A,N/A,8852383317
Lassi Park,cafe,12.9285095,77.5825416,N/A,N/A,N/A,N/A,8873771371
The Circus Canteen,restaurant,13.013775,77.5481048,N/A,N/A,N/A,N/A,8887097194
Sorse,restaurant,12.9587668,77.7466114,"Whitefield Main Road, Whitefield, Bangalore, 560066",+919620456616,https://sorse.in,info@sorse.in,8889472867
Thalassery Restaurant,restaurant,13.0586132,77.5931287,N/A,N/A,N/A,N/A,8985207467
Oxford Inn,hotel,12.9723309,77.604513,"Museum Road, Bangalore",+91 80 4530 4530,https://oxfordinn.in/,enquiry@oxfordinn.in,8989627051
Mirage,pub,12.975012,77.6024302,"1 Sobha, Church Street, Bengaluru, 560001",N/A,N/A,N/A,8989627054
The Pizza Bakery,restaurant,12.9702024,77.6447081,N/A,+91 80 2520 2225,https://www.thepizzabakery.in,N/A,9007969017
Rasayana coffee bar,cafe,12.9870447,77.5422372,N/A,N/A,N/A,N/A,9063447833
Dolci Cafe,cafe,12.98638,77.5949228,N/A,N/A,N/A,N/A,9063471385
Hotel Citadel,hotel,12.9809954,77.5751603,N/A,N/A,N/A,N/A,9063471394
Pizza Hut,restaurant,12.9141809,77.6062896,N/A,N/A,N/A,N/A,9102882915
99 Varieties Dosa,restaurant,12.914082,77.6105925,N/A,N/A,N/A,N/A,9107018465
Pootham,cafe,12.8683733,77.653234,N/A,N/A,N/A,N/A,9128729911
Makkah Cafe,cafe,12.9639276,77.6064804,N/A,N/A,N/A,N/A,9140200231
Coffee,cafe,12.9689448,77.5842382,N/A,N/A,N/A,N/A,9140200243
Yak's Kitchen,restaurant,12.9738424,77.6068454,N/A,N/A,N/A,N/A,9144230968
CBD Central Bar District,bar,12.9742211,77.60671,N/A,N/A,N/A,N/A,9144230969
Mandarin Box,restaurant,12.9752996,77.6031962,N/A,N/A,N/A,N/A,9144230970
Burger Seigneur,restaurant,12.9752171,77.6024974,"1 Sobha, Church Street, Bengaluru, 560001",N/A,N/A,N/A,9144230971
OYO Townhouse 264,hotel,12.9134318,77.6054041,N/A,N/A,N/A,N/A,9159982976
Pākaśāla,restaurant,12.9747331,77.6083874,"Mahatma Gandhi Road, Bengaluru",+919380909958,https://paakashala.com/mg-road/,N/A,9160955548
JNS Tiffin Centre,restaurant,13.0720813,77.5728428,N/A,N/A,N/A,N/A,9161529874
Sri Krishna Sagar,restaurant,12.9138932,77.6060959,N/A,N/A,N/A,N/A,9165209208
Laddoos,restaurant,12.9136582,77.610198,N/A,N/A,N/A,N/A,9165337880
Chai Point,cafe,12.9135458,77.6101845,N/A,N/A,N/A,N/A,9165337881
Aum Zone,restaurant,12.9983064,77.5498825,N/A,N/A,https://www.mamaketo.co.in/,N/A,9171580315
Miyajima Bento,restaurant,12.9654384,77.6144426,N/A,N/A,N/A,N/A,9175932903
BLR Brewing Company,pub,12.8679234,77.5430553,N/A,N/A,N/A,N/A,9178327801
The Cafe @ Saanchi,cafe,12.9583652,77.604285,N/A,N/A,N/A,N/A,9179389770
Old Madras Baking Company,cafe,13.0274554,77.5772913,"RK Plaza, 80 Feet Road, Ashwath Nagar, Bangalore, 560094",N/A,N/A,N/A,9197342023
Third Wave Coffee Roasters,cafe,13.0272477,77.5765631,N/A,N/A,N/A,N/A,9197342024
Starbucks,cafe,13.0274123,77.575867,N/A,N/A,N/A,N/A,9197342026
IDC Kitchen,restaurant,13.0279894,77.5726551,N/A,N/A,N/A,N/A,9197342029
Queens,restaurant,13.0286549,77.5719067,N/A,N/A,N/A,N/A,9197342030
Leon Grill,restaurant,13.0284577,77.571902,N/A,N/A,N/A,N/A,9197342031
The Belgian Waffel Co.,restaurant,13.0281976,77.5731593,N/A,N/A,N/A,N/A,9197342034
Water Monkey Cafe,cafe,12.9942201,77.5843234,N/A,N/A,N/A,N/A,9199641839
Sea Rock Restaurant,restaurant,12.9867761,77.5796677,N/A,N/A,N/A,N/A,9214185039
The Rasoi,restaurant,12.989193,77.5744736,N/A,N/A,N/A,N/A,9214185060
Bar Stock Exchange,pub,12.9762313,77.6021305,N/A,N/A,N/A,N/A,9214580910
Cafe Azzure,cafe,12.97501,77.6074728,N/A,N/A,N/A,N/A,9230655241
Laika Boutique Stay,hotel,12.9705614,77.6167908,N/A,N/A,N/A,N/A,9230655244
Golden Lotus,hotel,12.971156,77.6171355,N/A,N/A,N/A,N/A,9230655249
Dindigul Thalappakatti,restaurant,12.972361,77.6186442,N/A,N/A,N/A,N/A,9230655289
Chianti,restaurant,12.9723446,77.618718,N/A,N/A,N/A,N/A,9230655290
Starbucks,cafe,12.9723937,77.6184551,N/A,N/A,N/A,N/A,9230655291
Taj Tea House,cafe,12.9992268,77.6160355,N/A,N/A,N/A,N/A,9230690428
Savoury,restaurant,12.9994524,77.6157635,N/A,N/A,N/A,N/A,9230690429
Breads & Banter,cafe,12.9643876,77.7169472,N/A,N/A,N/A,N/A,9271778721
Starbucks,cafe,12.9201772,77.6851549,N/A,N/A,N/A,N/A,9277677273
The Pizza Bakery,restaurant,12.9206591,77.6844254,N/A,N/A,N/A,N/A,9277677274
Nasi and Mee,restaurant,12.9206651,77.6843281,"Bellandur, Bangalore",N/A,https://www.nasiandmee.co.in/,N/A,9277677275
Bombay Brasserie,restaurant,12.9201786,77.6843019,N/A,N/A,N/A,N/A,9277677276
California Burrito,restaurant,12.9674314,77.6366472,N/A,N/A,N/A,N/A,9288431529
Salt Mango Tree,restaurant,12.9704038,77.6399131,N/A,N/A,N/A,N/A,9288431549
Maison du,cafe,12.9709404,77.6402441,N/A,N/A,N/A,N/A,9288431562
Udupi Sagar Veg Restaurant,restaurant,12.9580517,77.5824765,N/A,N/A,N/A,N/A,9289356417
Chulha Chauki da Dhabha,restaurant,12.9820309,77.6927316,N/A,N/A,N/A,N/A,9291015214
Coracle,restaurant,12.9666459,77.6352847,N/A,+91 98455 29596,N/A,N/A,9296060500
Octave Hotel,hotel,12.9599329,77.5933074,N/A,N/A,N/A,N/A,9296258310
Maven Kitchen,restaurant,12.9507013,77.6235404,N/A,N/A,N/A,N/A,9310793307
Cafe 27,restaurant,12.9113501,77.6522374,N/A,N/A,N/A,N/A,9312685207
Chai Point,cafe,12.9126498,77.6520113,N/A,N/A,N/A,N/A,9312716290
Kabab Mirchi,restaurant,12.9556399,77.6918849,N/A,N/A,N/A,N/A,9312818689
Float Rooftop Restaurant,restaurant,12.9388351,77.6952036,"Outer Ring Road, Bengaluru, 560103",N/A,N/A,N/A,9318156172
Jalsa Gold Restaurant,restaurant,12.9388878,77.6952654,"Outer Ring Road, Bengaluru, 560103",N/A,N/A,N/A,9318156173
Sri Vishnu,restaurant,12.9386526,77.6973755,"Panathur Main Road, Bengaluru, 560103",N/A,N/A,N/A,9318453203
Fullyfilled,restaurant,12.9761736,77.6388664,N/A,N/A,N/A,N/A,9333624192
Hotel Sree Nandanam Residency,hotel,13.0292753,77.5591419,"Mathikere Main Road, Next to LIC Office, Gokula 1st stage, HMT Layout, Yeshwantpur, Bengaluru, Karnataka -560054",+919141536410,N/A,N/A,9378343681
Unitea Hub Cafe,cafe,12.9565619,77.6972364,N/A,N/A,N/A,N/A,9381352862
Amintri Cafe and Pastries,cafe,12.9737225,77.6032468,N/A,N/A,N/A,N/A,9381352866
Ali's Juice Centre,cafe,13.1038752,77.5716205,4th Cross Road,+91 953855539,N/A,N/A,9387593150
Cafe 35,cafe,12.9089895,77.6812944,N/A,N/A,N/A,N/A,9459434782
Unnamed Spot,pub,13.0284621,77.5719342,N/A,N/A,N/A,N/A,9466195428
Nitiksha Rasoi,restaurant,13.0705642,77.576758,N/A,N/A,N/A,N/A,9483060393
Sreeraj Lassi Bar,cafe,12.959883,77.5978925,N/A,N/A,N/A,N/A,9507141939
Karak Chai,cafe,12.9611473,77.5982936,N/A,N/A,N/A,N/A,9507166593
Bombay Borough,restaurant,12.9669121,77.6081804,N/A,N/A,N/A,N/A,9513780414
You Me And Tea,restaurant,12.9089414,77.6517168,N/A,N/A,N/A,N/A,9514389117
Sharief Bhai,restaurant,13.0232822,77.6396339,N/A,N/A,N/A,N/A,9527967719
All Fun Chai,cafe,13.0422691,77.5939505,N/A,N/A,N/A,N/A,9527967720
Orange Leaf,restaurant,13.0414029,77.6227494,N/A,N/A,N/A,N/A,9527967763
Dilawar,restaurant,13.0300261,77.6344451,N/A,N/A,N/A,N/A,9527967818
Mayuri,restaurant,12.9559991,77.5806662,N/A,N/A,N/A,N/A,9531680758
Starbucks,cafe,12.97119,77.5982058,"Lavelle Road, Bangalore",N/A,N/A,N/A,9532858987
Theobroma,cafe,12.9712972,77.5975701,N/A,N/A,N/A,N/A,9532858988
Lavonne Cafe,cafe,12.9695074,77.6003515,N/A,N/A,N/A,N/A,9532858994
Brassa,restaurant,12.9705196,77.6006386,N/A,N/A,N/A,N/A,9532858999
Juice Stall,cafe,13.017793,77.556767,N/A,N/A,N/A,N/A,9532893822
Wakame,restaurant,12.9699492,77.6394919,N/A,N/A,N/A,N/A,9534316322
Bhola & Blonde,restaurant,12.9699243,77.6393627,N/A,N/A,N/A,N/A,9534316324
Secret Story Bar & Kitchen,restaurant,12.9698751,77.6392046,N/A,N/A,N/A,N/A,9534316325
SkyDeck,pub,12.9748695,77.6075707,N/A,N/A,N/A,N/A,9536777470
Chin Lung,pub,12.9718552,77.6066212,N/A,N/A,N/A,N/A,9536777471
Raahi Neo Kitchen and Bar,restaurant,12.9731085,77.6023458,N/A,N/A,N/A,N/A,9536777476
Communiti,pub,12.9724329,77.6082882,"Brigade Solitaire, Residency Road, Ashok Nagar, Bangalore, 560025",+91 93421 58585,https://www.communitiindia.com/,info@communitiindia.com,9540035553
Luckhnow Street,restaurant,12.97585,77.6018975,N/A,N/A,N/A,N/A,9540035596
Indiranagar Social,restaurant,12.970764,77.6475812,N/A,N/A,N/A,N/A,9545465487
Bombay Brasserie,restaurant,12.9702302,77.6458988,N/A,N/A,N/A,N/A,9545465488
Magnolia Bakery,cafe,12.9700759,77.640814,N/A,N/A,N/A,N/A,9545465493
Bohemians,restaurant,12.9699073,77.6394944,N/A,N/A,N/A,N/A,9545465494
Café Plume,cafe,12.9637891,77.6403908,N/A,N/A,N/A,N/A,9545465495
New Krishna Sagar,restaurant,13.0727318,77.604253,N/A,N/A,N/A,N/A,9557108715
Udupi upahar,hotel,13.0534758,77.5753819,N/A,N/A,N/A,N/A,9563008717
Unnamed Spot,hotel,13.0494386,77.5757447,N/A,N/A,N/A,N/A,9563015617
Santhu Spicy Table,restaurant,13.0683205,77.5785541,N/A,N/A,N/A,N/A,9568878438
Third Wave Coffee Roasters,cafe,12.9875523,77.5947766,"Cunningham Road, Bengaluru, 560052",N/A,https://www.thirdwavecoffeeroasters.com/pages/bangalore-cunningham-rd,N/A,9573432745
Pasta Street,restaurant,12.9883998,77.5937028,N/A,+91 9266844026,https://pastastreet.co.in/,info@pastastreet.co.in,9573432746
India Chai Lounge,cafe,12.9891564,77.5926858,N/A,N/A,N/A,N/A,9573432747
Crepito,restaurant,12.9974557,77.5448459,N/A,N/A,N/A,N/A,9574153223
STEGI,restaurant,12.9942403,77.5814707,N/A,N/A,N/A,N/A,9575201277
Restaurent1179,restaurant,12.9936332,77.5809283,N/A,N/A,N/A,N/A,9575294002
Huliyappa's Donne Biryani,restaurant,13.0668211,77.5928883,N/A,N/A,N/A,N/A,9583509836
Biriyani Zone,restaurant,13.0414094,77.6215772,N/A,N/A,N/A,N/A,9590333379
Cafe 64,cafe,13.1012054,77.5716623,N/A,N/A,N/A,N/A,9649217040
Chili's,restaurant,12.9201817,77.6841934,N/A,N/A,N/A,N/A,9649419315
Third Wave Coffee,cafe,12.9206464,77.6848157,N/A,N/A,N/A,N/A,9649419316
The Irish House,pub,12.9203889,77.6849417,N/A,N/A,N/A,N/A,9649454217
Paris Panini,restaurant,12.9201575,77.684754,N/A,N/A,N/A,N/A,9649454218
Chaayos,cafe,12.9204987,77.6851684,N/A,N/A,N/A,N/A,9649454219
The Pet People Cafe,cafe,12.9127406,77.6445048,N/A,N/A,N/A,N/A,9649527842
Starbucks,cafe,12.9121236,77.6508737,N/A,N/A,N/A,N/A,9649527853
Onesta,restaurant,12.9122779,77.6517119,N/A,N/A,N/A,N/A,9649527854
Kapoor's Cafe,restaurant,12.9080295,77.6519331,N/A,N/A,N/A,N/A,9649527871
Purab Restobar,bar,12.9718226,77.5078985,N/A,N/A,N/A,N/A,9654252385
TEAGO Cafe,cafe,12.9212987,77.4838579,N/A,N/A,N/A,N/A,9654252411
Sarasa Japanese Kitchen,restaurant,12.9235809,77.4847041,N/A,N/A,N/A,N/A,9654352373
Sharief Bhai,restaurant,12.9332287,77.6146102,N/A,N/A,N/A,N/A,9654389704
Balle Balle Punjab,restaurant,13.1012136,77.5717751,N/A,N/A,N/A,N/A,9659460867
Purple Box,restaurant,13.1028191,77.5716462,N/A,N/A,N/A,N/A,9659526118
Quattro,restaurant,13.0834834,77.6430121,N/A,N/A,N/A,N/A,9667696124
The Library Bar,bar,13.0838805,77.6430818,N/A,N/A,N/A,N/A,9667696125
The Lotus Oriental,restaurant,13.0842149,77.6431784,N/A,N/A,N/A,N/A,9667696126
The Lobby Lounge,cafe,13.0844631,77.6431301,N/A,N/A,N/A,N/A,9667696127
Falak,restaurant,13.0845467,77.6427948,N/A,N/A,N/A,N/A,9667696128
Maverick and Farmer Coffee,cafe,12.9811568,77.6141516,N/A,N/A,https://www.maverickandfarmer.com/,N/A,9672296508
The rich crust cafe and bar,cafe,13.0588929,77.5860351,N/A,N/A,N/A,N/A,9685654766
Kaara by Lake,cafe,12.9865306,77.6194645,N/A,N/A,N/A,N/A,9687954318
Air Cafe,cafe,12.9529243,77.5162442,N/A,N/A,N/A,N/A,9688311022
Mahesh Lunch Home,restaurant,12.9653338,77.6417575,N/A,N/A,N/A,N/A,9689539840
Tipsy Bull,pub,12.9648581,77.6418132,N/A,N/A,N/A,N/A,9689539841
Chai Days,cafe,12.9664617,77.6417179,N/A,N/A,N/A,N/A,9689539842
Chaayos,cafe,12.9703615,77.640816,N/A,N/A,N/A,N/A,9689539843
Swwing,pub,12.9703399,77.6407054,N/A,N/A,N/A,N/A,9689539844
Paris Panini,restaurant,12.9702412,77.639087,N/A,N/A,N/A,N/A,9689539845
Vegan Vogue,restaurant,12.971271,77.6475102,N/A,N/A,N/A,N/A,9704972553
Glen's Bakehouse,cafe,13.0282825,77.5728013,N/A,N/A,N/A,N/A,9709501451
Avoke: The Avocado Cafe,cafe,12.9698942,77.6386368,N/A,N/A,N/A,N/A,9723056435
The Kitchen of Joy,restaurant,12.9685272,77.6360685,N/A,N/A,N/A,N/A,9723056440
Chilli and Chives,restaurant,12.9684449,77.6361007,N/A,N/A,N/A,N/A,9723056441
infinitea,cafe,12.969035,77.6361658,N/A,N/A,N/A,N/A,9723056489
Coffee Mechanics,cafe,12.966793,77.6352431,N/A,N/A,N/A,N/A,9723056490
Boteco - Restaurante Brasileiro,restaurant,12.97338,77.6143819,"SN Towers, Mahatma Gandhi Road, Bengaluru",+91 87920 45444,N/A,N/A,9738067183
Ground Up Coffee,cafe,12.968292,77.6027535,N/A,N/A,N/A,N/A,9738943447
Punjabi Rasoi,restaurant,13.0221154,77.5847036,N/A,N/A,N/A,N/A,9739831279
MisoSexy,restaurant,12.9699668,77.6398927,N/A,N/A,https://www.misosexy.in/,N/A,9739850131
Shanti Sagar,restaurant,12.9335397,77.6968456,N/A,N/A,N/A,N/A,9759551595
Just BLR,cafe,12.9732797,77.6072583,N/A,N/A,N/A,N/A,9775599250
Curly Sue Pork,restaurant,12.9911604,77.5944675,"Miller's Road, Vasanth Nagar, Bengaluru, 560051",N/A,https://www.curlysue.in/,curlysuepork@gmail.com,9779286640
BMD || Burger - Melts - Dogs,restaurant,12.9911473,77.5944346,"Miller's Road, Vasanth Nagar, Bengaluru, 560051",N/A,https://bmdgourmet.in,bmdgourmet@gmail.com,9779286641
Pure and Natural,cafe,12.9927174,77.5907506,N/A,N/A,N/A,N/A,9779286686
Desserted,cafe,12.9927618,77.5892942,N/A,N/A,N/A,N/A,9779286691
Slice N Dice Cafe,cafe,13.0007264,77.5494271,N/A,N/A,N/A,N/A,9780918379
Root77,restaurant,13.0504346,77.6463219,N/A,N/A,N/A,N/A,9781094434
Sri Vishnu Priya Veg,restaurant,12.9270721,77.694891,N/A,N/A,N/A,N/A,9781262330
Hyderabadi Biryani,restaurant,12.9938523,77.5713777,N/A,N/A,N/A,N/A,9784639601
Karama,restaurant,12.9997243,77.6161519,N/A,N/A,N/A,N/A,9786123495
Biriyani hut,restaurant,13.1068384,77.5708394,N/A,N/A,N/A,N/A,9792144696
Karaveer,cafe,13.1067216,77.570814,N/A,N/A,N/A,N/A,9792180830
Cafe Stone,cafe,12.98131,77.612613,N/A,N/A,N/A,N/A,9796145357
Blue Tokai,cafe,12.9811522,77.6032115,"Prestige Central, Infantry Road, Bengaluru, 560001",N/A,https://bluetokaicoffee.com/,N/A,9796561552
Annapurna Andhra Veg,restaurant,12.91459,77.6399027,N/A,N/A,N/A,N/A,9796708090
Hamza Hotel,restaurant,12.9861037,77.6048389,N/A,N/A,N/A,N/A,9797011342
Chai Shop,cafe,12.9856477,77.6017275,N/A,N/A,N/A,N/A,9797011350
Hotel Ashoka,hotel,12.9854725,77.6070269,N/A,N/A,N/A,N/A,9797011358
Sri Udupi Park,restaurant,12.9518521,77.7001674,N/A,N/A,N/A,N/A,9810748011
Sour House,restaurant,12.9350754,77.6249289,N/A,N/A,N/A,N/A,9810748012
Paakashala,restaurant,12.9760189,77.6148006,N/A,N/A,N/A,N/A,9811360820
Night Owl Sky Lounge,pub,12.9750407,77.6199867,N/A,N/A,N/A,N/A,9811371638
Mandya,restaurant,12.9384557,77.69786,N/A,N/A,N/A,N/A,9812418541
Kailash Parbat,restaurant,12.9715331,77.6474559,N/A,N/A,N/A,N/A,9814659995
Eddy's Cafe,cafe,12.9738456,77.6450714,"6th Main Road, Indiranagar, Bengaluru, 560038",+91 6361292968,https://www.eddyscafe.com/,eddyscafe.bengaluru@gmail.com,9814660000
Dine Bell,restaurant,12.9380879,77.6985118,N/A,N/A,N/A,N/A,9819692854
For Food Lovers,restaurant,12.9292665,77.6948478,N/A,N/A,N/A,N/A,9819692877
Ambur Hot Dum Biryani,restaurant,12.9264576,77.6949779,N/A,N/A,N/A,N/A,9819692886
Ambur Dum Biryani,restaurant,12.9258733,77.6947064,N/A,N/A,N/A,N/A,9819692887
Sri Udupi Veg,restaurant,12.9247414,77.6945894,N/A,N/A,N/A,N/A,9819692889
Athithi Grand,restaurant,12.9035159,77.7043494,N/A,N/A,N/A,N/A,9822939187
Taste Indies,restaurant,12.9191953,77.6965268,"Gear School road, Bengaluru, 560035",N/A,N/A,N/A,9824050828
The Punjabi Rasoi,restaurant,13.0222937,77.5847256,N/A,N/A,N/A,N/A,9826431267
Bologna,restaurant,12.9719543,77.6409398,N/A,N/A,N/A,N/A,9826455125
Zaatar,restaurant,12.9233117,77.6697031,N/A,N/A,N/A,N/A,9828595270
Third Wave Coffee,cafe,12.9094409,77.6871213,N/A,N/A,N/A,N/A,9828595272
Zed The Baker,cafe,12.9760006,77.602614,N/A,N/A,N/A,N/A,9828605792
Cafe Coffee Day,cafe,12.9130791,77.6662145,N/A,N/A,N/A,N/A,9830902368
Little Italy,restaurant,12.920196,77.6670676,N/A,N/A,N/A,N/A,9830902380
Astra Hotels and Suits,hotel,12.9229069,77.6513844,N/A,N/A,N/A,N/A,9833465653
Leon Grill,restaurant,12.9117875,77.6437931,N/A,N/A,N/A,N/A,9833630902
Chai Point,cafe,12.9115857,77.6379397,N/A,N/A,N/A,N/A,9833630907
Udupi Adithya,restaurant,12.9617854,77.7479183,N/A,N/A,N/A,N/A,9838632467
Udupi Garden Veg,restaurant,12.9393943,77.7261836,N/A,N/A,N/A,N/A,9838691087
Pinch of Pepper,restaurant,12.9396911,77.7225243,N/A,N/A,N/A,N/A,9838691124
Sri Udupi Food Hub,restaurant,12.9687509,77.7354147,N/A,N/A,N/A,N/A,9841049853
Sri Udupi Park,restaurant,12.9748408,77.6972081,N/A,N/A,N/A,N/A,9841349418
Sree Kritunga,restaurant,12.9484798,77.698872,N/A,N/A,N/A,N/A,9841433849
Pasta Street,restaurant,12.9561089,77.721453,N/A,+91 9266844026,https://pastastreet.co.in/,info@pastastreet.co.in,9841433906
Edge,pub,12.9567902,77.7320858,N/A,N/A,N/A,N/A,9841485153
Madhurai Idly Shop,restaurant,12.9594969,77.7319889,N/A,N/A,N/A,N/A,9841485171
Kabab Dinne Biryani House,restaurant,12.926973,77.6949031,N/A,N/A,N/A,N/A,9842001437
Ambur Biryani,restaurant,12.9385622,77.6975519,N/A,N/A,N/A,N/A,9843123491
Hyderabad House,restaurant,12.948784,77.6988437,N/A,N/A,N/A,N/A,9843457267
Foxtrot Dhaba,restaurant,12.9494344,77.6991499,N/A,N/A,N/A,N/A,9843457268
Ambur Hot Dum Biryani,restaurant,12.9345352,77.6906624,N/A,N/A,N/A,N/A,9846394221
Platform 65,restaurant,12.8792756,77.5952473,N/A,N/A,N/A,N/A,9852234204
Neemsi,restaurant,12.9061738,77.5825444,N/A,N/A,N/A,N/A,9856264725
Paradise,restaurant,12.9578019,77.7454789,N/A,N/A,N/A,N/A,9862517210
Barbeque Nation,restaurant,12.9577393,77.7454721,N/A,N/A,N/A,N/A,9862517211
Mitti Cafe,cafe,12.9595145,77.7483651,N/A,N/A,https://www.mitticafe.org/,N/A,9862517213
Ambur Dum Biryani,restaurant,12.9561392,77.7320097,N/A,N/A,N/A,N/A,9862573403
Basaveshwara Kanavali Mess,restaurant,12.9394909,77.7213367,N/A,N/A,N/A,N/A,9865883228
Krishna's,restaurant,12.9397242,77.7228721,N/A,N/A,N/A,N/A,9865883243
Dindigul Thalapakatti,restaurant,12.9972198,77.5466269,N/A,N/A,N/A,N/A,9870845395
Tandoor Chai Point,cafe,12.9895171,77.5561675,N/A,N/A,N/A,N/A,9872645103
Udupi Veg,restaurant,12.9693727,77.7374799,N/A,N/A,N/A,N/A,9874059055
51 Indian,restaurant,12.9529429,77.7176448,N/A,N/A,N/A,N/A,9874628855
SKM Ambur Hot Dum Biryani,restaurant,12.9709124,77.7119406,N/A,N/A,N/A,N/A,9874713061
New Ambur Dum Biryani,restaurant,12.9834401,77.7182014,N/A,N/A,N/A,N/A,9874782365
Shri Udupi Veg,restaurant,12.955693,77.7204456,N/A,N/A,N/A,N/A,9876035823
Bhairaeshwara Idli Center,restaurant,13.0008297,77.5637937,N/A,N/A,N/A,N/A,9881508838
Sri Raghavendra Dosa Camp,restaurant,13.0008532,77.5639104,N/A,N/A,N/A,N/A,9881508857
Ramdev Sagar,restaurant,12.9591815,77.7192054,N/A,N/A,N/A,N/A,9884964459
Krishnam Udupi Hotel,restaurant,12.8832022,77.5485669,"Kanakapura Road, Bengaluru, 560062",N/A,N/A,N/A,9887411598
Charlie Chaplain La Vegano,cafe,12.9703013,77.6360987,N/A,N/A,N/A,N/A,9890165409
Street Storyss,restaurant,12.970287,77.6358332,N/A,N/A,N/A,N/A,9890165410
Cafe Noir,restaurant,12.9701066,77.636261,Bangalore,N/A,N/A,N/A,9890165411
Nirula's,restaurant,12.9669413,77.6372366,N/A,N/A,N/A,N/A,9890195718
Sri Govinda Rao Military Hotel,restaurant,12.972753,77.570233,N/A,N/A,N/A,N/A,9892036239
Zama,restaurant,12.9802897,77.6405485,"100 Feet Road, Indiranagar",N/A,N/A,N/A,9892036251
Klayworkz Barista,restaurant,12.9068098,77.5995603,N/A,N/A,N/A,N/A,9892036252
Hitchki,restaurant,12.9969552,77.6969165,N/A,N/A,N/A,N/A,9892036253
Gloria Jean's,cafe,12.9596042,77.7478811,N/A,N/A,N/A,N/A,9892036254
SLAY Coffee,cafe,12.9126949,77.6523221,N/A,N/A,https://slay.coffee,N/A,9892036255
KUBO,restaurant,12.9352141,77.582936,N/A,N/A,N/A,N/A,9892036258
Inanna Taproom,restaurant,12.8738056,77.6090768,N/A,N/A,N/A,N/A,9892036259
Baking Bad,restaurant,12.9790194,77.6438034,N/A,N/A,N/A,N/A,9892041720
Namma Bengaluru Cafe,restaurant,12.9787033,77.6964058,Ferns City Road,N/A,N/A,N/A,9893685129
Oh Calcutta,restaurant,12.9556079,77.7252082,N/A,N/A,N/A,N/A,9894683309
Cafe Rome,cafe,13.0606314,77.5896449,N/A,N/A,N/A,N/A,9895593204
Kota Kachori,restaurant,12.9170177,77.5947337,N/A,N/A,N/A,N/A,9904111106
Just Coffee,cafe,12.9205157,77.5896751,N/A,N/A,N/A,N/A,9904130017
Theobroma,cafe,12.9202281,77.5838386,N/A,N/A,https://theobroma.in/,N/A,9904130022
LIT Gastropub,pub,12.9200203,77.5835086,N/A,N/A,N/A,N/A,9904130024
Bhartiya Jalpan,restaurant,12.9155289,77.6515804,N/A,N/A,N/A,N/A,9904143772
Proxy,pub,12.9556256,77.7143746,N/A,N/A,N/A,N/A,9907630895
Dofu,restaurant,12.9801263,77.6405968,N/A,N/A,N/A,N/A,9908694114
Thai Basil,restaurant,12.9806167,77.6410098,N/A,N/A,N/A,N/A,9908694115
Paper & Pie,cafe,12.9809732,77.6410038,N/A,N/A,N/A,N/A,9908694116
Kaappi Ready,cafe,12.9977366,77.5493745,N/A,N/A,N/A,N/A,9910000932
Adyar Ananda Bhavan,restaurant,13.0479288,77.5785318,N/A,N/A,N/A,N/A,9912846632
The Culinarian,restaurant,13.0559557,77.6447488,N/A,N/A,N/A,N/A,9912860204
Tirupathi Bheemas,restaurant,12.9564598,77.7102806,N/A,N/A,N/A,N/A,9920825259
Le Arabia,restaurant,12.9533575,77.7004454,N/A,N/A,N/A,N/A,9921945891
Leon Grill,restaurant,12.9505181,77.6998945,N/A,N/A,N/A,N/A,9922275694
Naru Noodle Bar,restaurant,12.9584054,77.5928903,"Kengal Hanumanthaiah Road, Shantinagar, Bengaluru, 560027",+91 98867 91733,https://www.narunoodlebar.com/,info@narunoodlebar.com,9924452291
Regenta Inn Grand,hotel,12.943185,77.6213595,N/A,N/A,https://www.royalorchidhotels.com/regenta-inn-grand-koramangala-bengaluru/contact-us,N/A,9933650317
Third Wave Coffee,cafe,13.0070091,77.5690261,N/A,N/A,N/A,N/A,9935476931
Hotel Madhu,hotel,12.9836966,77.5493494,N/A,N/A,N/A,N/A,9936668905
Green Hyderabad Biryani House,restaurant,12.988242,77.7298397,N/A,N/A,N/A,N/A,9937521069
Shub Sagar,restaurant,12.9924067,77.7172279,N/A,N/A,N/A,N/A,9937584590
Sindhoora Gardenia,restaurant,12.9937994,77.7012007,N/A,N/A,N/A,N/A,9937603698
Onesta Italian,restaurant,12.8830731,77.5486374,"Swamy Vivekanandha Road, Bengaluru, 560062",N/A,N/A,N/A,9953056788
Uttara Karnataka Food Store,restaurant,12.9390473,77.6283697,N/A,N/A,N/A,N/A,9954106618
Chubby Chai,cafe,12.9391694,77.6283469,N/A,N/A,N/A,N/A,9954120118
Le Rock,pub,12.9736229,77.6070067,N/A,N/A,N/A,N/A,9954981018
The Liverpool Hotels,hotel,12.9747329,77.6971865,N/A,+918068222666,https://www.theliverpoolhotels.com,N/A,9967039254
Third Wave Coffee,cafe,12.9694108,77.700554,Outer Ring Road,+91 80957 99577,https://cafe.thirdwavecoffee.in/coffee-cafe-bengaluru-north-bengaluru-29973/home,karthiknagar@thirdwavecoffee.in,9967070882
Cafe Coffee Day,cafe,12.9699094,77.609892,N/A,N/A,N/A,N/A,9967388991
New Chai Gully,cafe,12.9673794,77.7157719,N/A,N/A,N/A,N/A,9981800902
Third Wave Coffee Roasters,cafe,12.974683,77.6067111,N/A,N/A,N/A,N/A,9981910307
The Pizza Bakery,restaurant,12.9752466,77.6045841,N/A,N/A,N/A,N/A,9981998134
Broadway,restaurant,12.9237747,77.651372,N/A,N/A,N/A,N/A,9983411019
Kamat Vegetarian Restaurant,restaurant,12.9819129,77.6057536,Jumma Masjid Road,+91 93533 46114,N/A,kamatoph@gmail.com,10009232548
Kamat’s Hotel Mayura,hotel,12.9820167,77.605782,N/A,N/A,N/A,N/A,10009237338
Virinchi Cafe,restaurant,12.9688544,77.601449,N/A,N/A,N/A,N/A,10009475717
Fuga,cafe,12.9688078,77.6013703,N/A,N/A,N/A,N/A,10009475817
Udupi Upachar,restaurant,13.0522981,77.6042904,N/A,N/A,N/A,N/A,10009663804
Bao Bangalore,restaurant,12.9692297,77.6478401,N/A,N/A,N/A,N/A,10015389086
Café Nosh,cafe,13.0688434,77.5803865,N/A,N/A,N/A,N/A,10032026857
Travellers Bungalow,restaurant,12.9702291,77.6458147,N/A,N/A,N/A,N/A,10032026859
Meter Bar,bar,12.9074857,77.6011683,N/A,N/A,N/A,N/A,10032026860
The Woodpegger,restaurant,13.040585,77.6196662,N/A,N/A,N/A,N/A,10032026861
Bob's Bar,pub,12.9670093,77.6085323,N/A,N/A,N/A,N/A,10032026862
Cafe Amudham,restaurant,12.9477787,77.592107,N/A,N/A,N/A,N/A,10032117240
Chinese Wok,restaurant,13.0272434,77.571858,N/A,N/A,N/A,N/A,10033755411
Vinny's,restaurant,13.0329244,77.5692613,"New BEL Road, Bengaluru",N/A,N/A,N/A,10033755413
Hao Chi,restaurant,13.0352714,77.567758,"New BEL Road, Bengaluru",N/A,N/A,N/A,10033755414
Ganesh Darshan,restaurant,13.0285638,77.5618686,"MS Ramaiah Road, Bengaluru",N/A,N/A,N/A,10033755415
Thalassery,restaurant,13.0301774,77.5621558,Bengaluru,N/A,N/A,N/A,10033755416
Calicut,restaurant,13.0302419,77.5620777,Bengaluru,N/A,N/A,N/A,10033768417
Coasta,restaurant,12.9436787,77.6211534,N/A,N/A,N/A,N/A,10036568019
The Coorg Food Company,restaurant,12.941012,77.6241505,N/A,N/A,N/A,N/A,10036648022
Biriyani Depot,restaurant,12.9408608,77.6243138,N/A,N/A,N/A,N/A,10036648023
Tea Coffee House,cafe,12.9409106,77.6242697,N/A,N/A,N/A,N/A,10036648122
Madurai Restaurant,restaurant,12.9419888,77.6230815,N/A,N/A,N/A,N/A,10036648218
Cafe Five Guys,cafe,12.9414494,77.6236346,N/A,N/A,N/A,N/A,10036648219
Ambur Biryani,restaurant,12.9386047,77.6292569,N/A,N/A,N/A,N/A,10036672417
Sixtyy,bar,12.9400354,77.6254608,N/A,N/A,N/A,N/A,10047410420
Flavours of Andhra,restaurant,12.9566815,77.7149137,N/A,N/A,N/A,N/A,10049206552
To Be Continued,restaurant,12.9229003,77.6514302,27th Main Road,+91 80 3069 5255,N/A,N/A,10049251547
Bathinda Station,restaurant,12.9186175,77.6515432,N/A,N/A,N/A,N/A,10049251590
Plan B,bar,12.9122237,77.6507097,N/A,N/A,N/A,N/A,10049386125
Paris Panini,restaurant,12.912117,77.6471343,N/A,N/A,N/A,N/A,10049386158
Sri Muthanahalli Veg,restaurant,12.9166069,77.6445927,N/A,N/A,N/A,N/A,10049434094
Third Wave Coffee,cafe,12.957308,77.7366851,N/A,N/A,N/A,N/A,10051271536
Kabab Genie,restaurant,12.9562803,77.729345,N/A,N/A,N/A,N/A,10051271577
Burgerman,restaurant,12.9701549,77.6371431,N/A,N/A,https://burgerman.in,N/A,10051816947
The Merak Brewhouse,restaurant,12.9721424,77.5951388,N/A,N/A,N/A,N/A,10051816948
Chowman,restaurant,12.9790643,77.6366391,N/A,N/A,N/A,N/A,10051816949
Otto's,pub,12.9587633,77.6543892,N/A,N/A,N/A,N/A,10051816950
The Studs Sports Bar + Grill,restaurant,12.9070051,77.5982256,N/A,N/A,N/A,N/A,10051816951
Maya,restaurant,12.9219975,77.5845867,N/A,N/A,N/A,N/A,10051816952
Araku Coffee,cafe,12.9699145,77.639208,N/A,N/A,N/A,N/A,10051816953
Bergamot,restaurant,12.9812467,77.6462366,N/A,N/A,N/A,N/A,10051816954
Horizon,restaurant,13.0123454,77.5564235,N/A,N/A,N/A,N/A,10051816955
Delistic,cafe,12.9688477,77.6002752,N/A,N/A,https://www.delistic.in/,N/A,10051816956
Chowman,restaurant,12.9567804,77.7148696,N/A,N/A,N/A,N/A,10059214636
Mirchi Maharaj,restaurant,12.9124528,77.6386588,N/A,N/A,N/A,N/A,10066902933
Once Upon a Flame,restaurant,12.9118525,77.6379087,N/A,N/A,N/A,N/A,10066902935
Gustom,restaurant,12.9113914,77.6378892,N/A,N/A,N/A,N/A,10066902940
California Burrito,restaurant,12.9105761,77.6379155,N/A,N/A,N/A,N/A,10066902942
Donne Biryani House,restaurant,12.9092069,77.6383155,N/A,N/A,N/A,N/A,10066902995
Chinese Wok,restaurant,12.909461,77.6386269,N/A,N/A,N/A,N/A,10066903002
Daily Sushi,restaurant,12.9094243,77.6386255,N/A,N/A,N/A,N/A,10066903003
Hebe's Cafe,cafe,12.9091843,77.6401913,N/A,N/A,N/A,N/A,10066903029
Chinese Wok,restaurant,12.9609687,77.7017563,N/A,N/A,N/A,N/A,10067234353
La Arabia,restaurant,12.933337,77.6226923,N/A,N/A,N/A,N/A,10068956759
What's In a Name,cafe,12.9338428,77.6197996,N/A,N/A,N/A,N/A,10068956760
Moplah's,restaurant,12.9334588,77.6210465,N/A,N/A,N/A,N/A,10068956762
Drunklings,pub,12.9334577,77.6210123,N/A,N/A,N/A,N/A,10068956763
Basaveshwar Khanavali,restaurant,12.9334854,77.6210369,N/A,N/A,N/A,N/A,10068956764
Cafe Malabars,restaurant,12.9334799,77.621003,N/A,N/A,N/A,N/A,10068956765
Tim Tai,restaurant,12.9336927,77.6224652,N/A,N/A,N/A,N/A,10068956768
Blue Tokai,cafe,12.9407577,77.6202069,N/A,N/A,N/A,N/A,10068956859
ner.lu,cafe,12.9851903,77.5806709,N/A,N/A,N/A,N/A,10073419802
German BrezelHaus,cafe,12.9824601,77.6384512,"Koramangala, 560095",+91 63637 85582,https://www.germanbrezelhaus.com/,info@germanbrezelhaus.com,10075729572
La Pino'z Pizza,restaurant,12.932216,77.6321306,N/A,N/A,https://lapinozpizza.in/,N/A,10075730590
Namma Salem Kitchen,restaurant,12.9649312,77.718116,N/A,N/A,N/A,N/A,10084788449
Thalassery Restaurant,restaurant,12.9672941,77.7142023,N/A,N/A,N/A,N/A,10084788453
Ibis,hotel,13.040766,77.6195055,N/A,N/A,N/A,N/A,10095905212
Madhura Bar and Restaurant,bar,12.9509055,77.6231072,N/A,N/A,N/A,N/A,10101174019
Brindavan Andhra Style,restaurant,12.9513036,77.6229768,N/A,N/A,N/A,N/A,10106533217
Paradise Biryani,restaurant,12.9650534,77.7017054,N/A,N/A,N/A,N/A,10110415035
Hi Seoul,restaurant,13.0605339,77.5897128,N/A,N/A,N/A,N/A,10110472158
Davanagere Benne Dosa,restaurant,13.0619585,77.5878057,N/A,N/A,N/A,N/A,10110472161
Brahmin's Thatte Idli,restaurant,13.0637468,77.5853374,N/A,N/A,N/A,N/A,10110472167
Login2Eat.com,restaurant,12.9353206,77.6299347,N/A,N/A,N/A,N/A,10111481929
Dhaba Social,restaurant,12.9560556,77.7165947,N/A,N/A,N/A,N/A,10111815185
Orbis,restaurant,12.9649995,77.7172428,N/A,N/A,N/A,N/A,10111815207
Just Parathas,cafe,12.9658726,77.7141167,N/A,N/A,N/A,N/A,10111818817
The Bier Library,pub,12.9391229,77.6262498,"Patel Narayana Reddy Layout, Ejipura, 560095",N/A,https://www.thebierlibrary.in/,connect@frothytales.com,10114201658
V.S.Garden,bar,12.9507135,77.6234929,N/A,N/A,N/A,N/A,10116658729
Lakshmi Bar and Restaurant,bar,12.9505916,77.6239594,N/A,N/A,N/A,N/A,10116667435
Le Foliage,hotel,12.9169645,77.5791794,N/A,N/A,N/A,N/A,10123822786
Bramble,restaurant,12.9169681,77.5792509,N/A,N/A,N/A,N/A,10123822787
Palmtree,hotel,12.9793312,77.6291742,N/A,N/A,N/A,N/A,10123938475
Shilton,hotel,12.9756154,77.6173406,N/A,N/A,N/A,N/A,10123938476
Tealicious,cafe,13.0072927,77.5485065,N/A,N/A,N/A,N/A,10124399238
3 min,cafe,12.9899385,77.7279792,N/A,N/A,N/A,N/A,10127417296
Guntoor Mirchi,restaurant,12.9899286,77.7285916,N/A,N/A,N/A,N/A,10127417297
Noodle,restaurant,12.9898984,77.7284237,N/A,N/A,N/A,N/A,10127417304
Toscano,restaurant,12.9898124,77.7279481,N/A,N/A,N/A,N/A,10127417305
Barbeque Nation,restaurant,12.9897459,77.728506,N/A,N/A,N/A,N/A,10127417310
Daddy,pub,12.9699891,77.6399613,N/A,N/A,N/A,N/A,10139996736
Starbucks,cafe,12.9703055,77.6399193,N/A,N/A,N/A,N/A,10139996737
Chaayos,cafe,12.9872165,77.736433,N/A,N/A,N/A,N/A,10151991207
The Persian Terrace,restaurant,13.0125364,77.5551228,N/A,N/A,N/A,N/A,10159788166
Theobroma,cafe,13.0114451,77.5548993,N/A,N/A,N/A,N/A,10159788179
Starbucks,cafe,13.0107148,77.5553119,N/A,N/A,N/A,N/A,10159788180
Smoor,cafe,13.011584,77.5548391,N/A,N/A,N/A,N/A,10159788181
Cafe Terra,cafe,12.979878,77.6393583,N/A,N/A,https://www.cafe-terra.com,N/A,10171897485
Bento Bento,restaurant,12.9779298,77.6364858,N/A,N/A,N/A,N/A,10171897492
Yo Colombo,restaurant,12.9778688,77.6363891,N/A,N/A,N/A,N/A,10171897493
Thyme & Whisk,restaurant,12.9161745,77.6730166,N/A,+91 97416 16018,https://www.thymeandwhisk.com,N/A,10174066584
Cafe Rite,cafe,12.9164974,77.6679148,N/A,N/A,N/A,N/A,10174066585
Chat House,cafe,12.9139881,77.6667861,N/A,N/A,N/A,N/A,10174066602
Frozen Bottle,cafe,12.9139682,77.6667895,N/A,N/A,N/A,N/A,10174066603
Starbucks,cafe,12.9239689,77.6714984,N/A,N/A,N/A,N/A,10174066606
Andhra Vilas,restaurant,12.9142185,77.6449154,N/A,N/A,N/A,N/A,10177662894
Copper + Cloves,cafe,12.9778518,77.6370931,"9th A Main Road, Indiranagar, Bengaluru, 560038",N/A,https://copperandcloves.com,N/A,10178386010
Chulha Chauki Da Daba,restaurant,12.9098803,77.6857177,N/A,N/A,N/A,N/A,10185026931
Dal Rotti Sabji,restaurant,12.9809864,77.6462097,N/A,N/A,N/A,N/A,10195307517
Kesar,restaurant,12.9106393,77.6855957,N/A,N/A,N/A,N/A,10196255892
Paratha Plaza,restaurant,12.9801188,77.6404801,5th Main Road,9740258348,N/A,N/A,10197286017
HumbleBean Coffee,cafe,12.969133,77.6358587,"12th Cross Road, Indiranagar, Bangalore, 560038",N/A,https://humblebeancoffee.com,info@humblebeancoffee.com,10203735337
Nammura Naati Mane,restaurant,13.0276122,77.5764397,N/A,N/A,N/A,N/A,10212418991
Theobroma,cafe,13.0276645,77.5762868,N/A,N/A,N/A,N/A,10212418992
Applebee's,restaurant,13.0108103,77.555314,N/A,N/A,N/A,N/A,10215045108
Suzy Q by 1522,bar,12.9837622,77.5969019,N/A,N/A,https://suzyq.in/,N/A,10215066518
Byg Brewski,pub,13.0247023,77.5487874,N/A,N/A,N/A,N/A,10216203915
Peepai Kitchen & Brewery,restaurant,13.0554338,77.5930008,N/A,N/A,N/A,N/A,10219023839
Alt Pizza,restaurant,12.9351115,77.6292155,"80 Feet Road, Koramangala, Bangalore, 560034",+91 8123892268,https://www.altpizza.co.in/,N/A,10219532237
Atta Galatta,cafe,12.9342205,77.617012,N/A,N/A,N/A,N/A,10220802211
Boho Rooftop restaurant and bar,restaurant,12.965899,77.7179157,N/A,09606420003,N/A,N/A,10220804290
Sri Udupi Parkk,hotel,12.9824346,77.7483784,N/A,N/A,N/A,N/A,10221065234
The Noodle Theory,restaurant,12.9873323,77.5801221,Kumara Krupa Road,N/A,N/A,N/A,10228304184
Pranam Comforts,hotel,12.9870772,77.5785393,N/A,N/A,N/A,N/A,10228570995
La Casa Brew + Kitchen,pub,13.0372716,77.5659201,N/A,N/A,N/A,N/A,10233456233
Cantan,restaurant,12.9706006,77.5975205,N/A,N/A,N/A,N/A,10236025477
Glen's Bakehouse,cafe,12.969789,77.5974038,N/A,N/A,N/A,N/A,10236025482
Kazé,restaurant,12.965343,77.5963108,N/A,N/A,https://www.kaze.co.in/,N/A,10236025507
Kuuraku,restaurant,12.9727934,77.6067446,"Forum Rex Walk, Brigade Road, Ashok Nagar, Bangalore, 560001",N/A,N/A,N/A,10241529218
Now Boarding Cafe,cafe,12.9338482,77.5837728,"9th Main Road, Jayanagar, Bangalore, 560011",9663568855,https://linktr.ee/nowboardingcafe,nowboardingcafe@gmail.com,10244979164
Vapour,bar,12.914469,77.6775091,N/A,N/A,N/A,N/A,10248454959
Coffee Metanoia,cafe,13.0554134,77.6429841,"Geddalahalli, Bangalore, 560077",N/A,https://coffee-metanoia.kyte.site/,N/A,10250904436
DBrooks Elite Business Hotel,hotel,12.9610375,77.7137754,N/A,+91 9916810028,https://dbrooks.in/,N/A,10257576946
Sly Granny,restaurant,12.972689,77.6070189,"Forum Rex Walk, Brigade Road, Ashok Nagar, Bangalore, 560001",N/A,N/A,N/A,10265825051
Dhaba - Estd 1986 Delhi,restaurant,12.9726603,77.6070088,"Forum Rex Walk, Brigade Road, Ashok Nagar, Bangalore, 560001",+919555805296,https://dhaba1986.com/bangalore/,N/A,10265825052
Cafe Delhi Heights,restaurant,12.9726792,77.6069572,"Forum Rex Walk, Brigade Road, Ashok Nagar, Bangalore, 560001",N/A,N/A,N/A,10265825054
Foo,restaurant,12.9729385,77.6064043,"Forum Rex Walk, Brigade Road, Ashok Nagar, Bangalore, 560001",+91 93217 07545,https://fooasiantapas.com/,N/A,10265825055
Burma Burma,restaurant,12.9730026,77.6061374,"Forum Rex Walk, Brigade Road, Ashok Nagar, Bangalore, 560001",N/A,N/A,N/A,10265825056
T'ART Cafe,cafe,12.9727906,77.6066668,"Forum Rex Walk, Brigade Road, Ashok Nagar, Bangalore, 560001",9380357634,https://tart.co.in/,info@tart.co.in,10265825073
Punjab Grill,restaurant,12.9729842,77.6064169,"Forum Rex Walk, Brigade Road, Ashok Nagar, Bangalore, 560001",N/A,N/A,N/A,10265825074
Nando's,restaurant,12.97292,77.6064784,"Forum Rex Walk, Brigade Road, Ashok Nagar, Bangalore, 560001",N/A,N/A,N/A,10265825076
Pathyam Paakam,restaurant,12.9236267,77.5936767,N/A,N/A,N/A,N/A,10269214110
UDAY HUTS,restaurant,13.0770305,77.5922254,"Judicial Layout, 80 feet road, 560064",+919880275789,N/A,N/A,10274195709
Connectivitea,cafe,13.0028208,77.5502777,N/A,N/A,N/A,N/A,10276162821
Hokkaido,restaurant,12.9723622,77.637045,"1st Cross Road, Indiranagar, Bengaluru, 560038",N/A,N/A,N/A,10279324973
Alchemy,pub,12.9658984,77.5985652,N/A,N/A,N/A,N/A,10279727350
7 Rivers Brewing Company,pub,12.9733385,77.6197399,N/A,N/A,N/A,N/A,10280759751
Shakesbierre,pub,12.9709992,77.6073508,"Brigade Road, Ashok Nagar, Bangalore, 560001",+91 9614959959,N/A,N/A,10280759756
We: Neighbourhood,pub,12.9722311,77.6083737,"Residency Road, Ashok Nagar, Bangalore, 560025",N/A,N/A,N/A,10280759757
Super Hotel O,hotel,12.9602164,77.7218029,N/A,N/A,N/A,N/A,10280770025
Mac's Brewhouse,pub,12.9802975,77.6405874,N/A,N/A,N/A,N/A,10280775106
Murphy’s Brewhouse,pub,12.9538209,77.6396728,N/A,N/A,N/A,N/A,10280775107
ADDA 1522,pub,12.9725047,77.6265299,"Cambridge Road, Halasuru, Bengaluru, 560008",+919916661522,https://adda1522.com/,adda1522blr@gmail.com,10280790807
Jamming Goat 3.0,pub,12.9061131,77.5897944,N/A,N/A,N/A,N/A,10280790808
Daily Sushi,restaurant,12.9698374,77.6385241,N/A,N/A,N/A,N/A,10280801510
The Italian Bar,bar,12.9698067,77.6383793,N/A,N/A,N/A,N/A,10280801511
F Cafe by FashionTV,pub,12.9552691,77.6416053,N/A,N/A,N/A,N/A,10280801512
Big Barrel Brewpub,pub,12.9040849,77.5078741,N/A,N/A,N/A,N/A,10280801513
Orbis Restaurant,restaurant,12.9845957,77.7491648,N/A,N/A,N/A,N/A,10281069567
Thalassery Restaurant,restaurant,12.9843662,77.7498873,"Pearl Grand Tower, Whitefield Road",N/A,N/A,N/A,10281069570
Slay,cafe,12.9567838,77.7326183,N/A,N/A,N/A,N/A,10284845803
Hyderabadi Biryani,restaurant,12.9571764,77.7435018,N/A,N/A,N/A,N/A,10284858592
Orbis,restaurant,12.9582124,77.746742,N/A,N/A,N/A,N/A,10284858621
Empire Restaurant,restaurant,12.8831068,77.5486654,"Swamy Vivekanandha Road, Bengaluru, 560062",N/A,N/A,N/A,10285017654
Barbeque Nation,restaurant,12.8829353,77.5487865,"Swamy Vivekanandha Road, Bengaluru, 560062",N/A,N/A,N/A,10285017655
Adayar Ananda Bhavan (A2B),restaurant,12.8837021,77.5486217,"Kanakapura Road, Bengaluru, 560062",N/A,N/A,N/A,10285017668
Swagat,restaurant,12.9894334,77.5540446,N/A,N/A,N/A,N/A,10285926888
Barbeque Nation,restaurant,12.9813757,77.5632861,N/A,N/A,N/A,N/A,10286250881
Starbucks,cafe,12.981177,77.563085,N/A,N/A,N/A,N/A,10286250883
One Night in Bangkok,restaurant,12.9722002,77.5963457,N/A,N/A,N/A,N/A,10290842821
Frozen Bottle,cafe,12.9706183,77.645414,N/A,N/A,N/A,N/A,10293607199
Nestaway,hotel,12.9158426,77.6456594,N/A,N/A,N/A,N/A,10293635625
Misu,restaurant,12.9706449,77.6006598,N/A,N/A,N/A,N/A,10294519333
No. 10 Fort Cochin,restaurant,12.9706732,77.600667,"Saint Mark's Road, 560001",N/A,N/A,N/A,10294575489
The Konkan,restaurant,12.9759297,77.6018023,N/A,N/A,N/A,N/A,10295397878
Koshy's Jewel Box,bar,12.9757601,77.6014915,"St. Mark's Road, Shanthala Nagar, Bangalore, 560001",N/A,N/A,N/A,10295397883
Nandhini Deluxe,restaurant,12.971816,77.6008947,N/A,N/A,N/A,N/A,10295397888
Nahar Heritage Hotel,hotel,12.9711587,77.6006922,N/A,N/A,N/A,N/A,10295397903
Treebo Hotel Edge,hotel,12.9705889,77.6006124,N/A,N/A,N/A,N/A,10295397905
Jaisalmer,restaurant,12.9711129,77.6006185,N/A,N/A,N/A,N/A,10295411715
Blini Bistro,cafe,12.975061,77.6040322,N/A,N/A,N/A,N/A,10295411750
Atlantis,pub,12.924028,77.6403192,N/A,+91 9741790700,https://bengaluruatlantis.com/,N/A,10296378589
Copitas,bar,13.0191702,77.5852802,"Bellary Road, Bangalore, 560032",96456 69697,https://www.fourseasons.com/bengaluru/dining/lounges/copitas/,copitas.bng@fourseasons.com,10296638734
Nuage Pâtisserie & Café,cafe,12.9699596,77.6408261,"1st Cross Road, Indiranagar, Bangalore, 560008",+08048520831,N/A,N/A,10296978082
Lucky Chan,restaurant,12.9705144,77.6427915,N/A,8296031044,https://luckychan.dotpe.in/,N/A,10296987077
Picnic Bar & Restaurant,bar,13.00956,77.5629873,N/A,N/A,N/A,N/A,10297733467
Nasi and Mee,restaurant,12.9686723,77.6025993,"Convent Road, Ashok Nagar, Bangalore",N/A,https://www.nasiandmee.co.in/,N/A,10297770886
Playful Palette Bistro,cafe,12.981311,77.6405264,N/A,N/A,N/A,N/A,10297771171
Klaa Kitchen,restaurant,12.980355,77.6372601,"4th Main Road, Indiranagar, Bengaluru, 560038",N/A,N/A,N/A,10297778664
Snow Lion Tibet Kitchen,restaurant,13.0305507,77.569124,N/A,N/A,N/A,N/A,10302647643
Chin Lung,bar,13.029998,77.5705549,N/A,N/A,N/A,N/A,10302647644
Lan Thai,restaurant,13.0292246,77.571546,N/A,N/A,N/A,N/A,10302647645
Chapter One,bar,13.0324962,77.5694874,N/A,N/A,N/A,N/A,10302647646
1522 - The Pub,pub,13.0329535,77.5691722,N/A,N/A,N/A,N/A,10302647647
Tipsy Bull,pub,12.9340979,77.6158695,N/A,N/A,N/A,N/A,10302658788
Bombay Adda,restaurant,12.9364556,77.6162683,N/A,N/A,N/A,N/A,10302658789
Banoffee,cafe,12.9148942,77.6383685,N/A,N/A,N/A,N/A,10302879020
Pratidinam,restaurant,13.0013181,77.553043,N/A,N/A,N/A,N/A,10303872105
Savipriya Hindu Military Hotel,restaurant,13.0011678,77.5532246,N/A,N/A,N/A,N/A,10303872107
Sapthagiri Bar & Restaurant,pub,13.0013824,77.5532496,N/A,N/A,N/A,N/A,10303872108
Hotel Grand Seasons,hotel,13.0020778,77.66305,N/A,N/A,N/A,N/A,10303904019
Third Wave Coffee Roasters,cafe,12.9347397,77.6296212,N/A,N/A,N/A,N/A,10314122725
Starbucks,cafe,13.0833981,77.6434803,N/A,N/A,N/A,N/A,10314206952
Pride Cafe,cafe,12.9732339,77.608862,N/A,N/A,N/A,N/A,10524276373
Kolkata Biryani,restaurant,12.9559654,77.7177081,N/A,N/A,N/A,N/A,10540073664
Sri Udupi Veg,restaurant,12.9555945,77.7185117,N/A,N/A,N/A,N/A,10540073669
Chai Venue,cafe,12.9604958,77.7172455,N/A,N/A,N/A,N/A,10550697170
New Indian Bakery Y,cafe,13.1040417,77.5712205,N/A,N/A,N/A,N/A,10558971051
Thalassery Restaurant,restaurant,13.1037864,77.5753327,N/A,N/A,N/A,N/A,10558971060
Sri Brahmalingeshwara Juice Chaats & Condiments,cafe,13.0997586,77.5764915,N/A,N/A,N/A,N/A,10558971069
Kailash Parbat,restaurant,13.0078663,77.5799668,N/A,N/A,N/A,N/A,10572417835
The Bunt Kitchen,restaurant,12.9740758,77.5345027,"Ground Floor, 8th Main Rd, M C Layout, Vijayanagar, Bangalore, 560040",N/A,N/A,N/A,10572689357
And It Was Called Yellow,restaurant,13.0637785,77.5906715,N/A,N/A,N/A,N/A,10574692876
Leon's,restaurant,12.9826494,77.7483836,N/A,N/A,N/A,N/A,10588172014
Hoysala Darshini (veg),restaurant,12.9245385,77.4850731,N/A,N/A,N/A,N/A,10588737906
Maayaa,restaurant,12.9859225,77.5877778,"Prestige Trade Tower, Palace Road, Sampangi Rama Nagar, Bengaluru, 560001",N/A,N/A,N/A,10591415447
LUPA,restaurant,12.9755984,77.6045793,"Spencer Building, MG Road, Bengaluru, 560001",N/A,N/A,N/A,10591455581
New BEL Road SOCIAL,restaurant,13.0368157,77.5659898,"New BEL Road, Bangalore, 560054",N/A,N/A,N/A,10600408936
Nasi and Mee,restaurant,13.0945187,77.5949442,"The Galleria Mall, Yelahanka Road, Yelahanka, Bangalore, 560064",N/A,https://www.nasiandmee.co.in/,N/A,10600476805
Seta,restaurant,12.9484649,77.6454771,N/A,N/A,N/A,N/A,10600476810
Prequel,restaurant,13.0518169,77.5944722,"Umiya Velociti, Bellary Road, Hebbal, Bangalore, 560024",N/A,N/A,N/A,10600476820
Frozen bottle,cafe,12.9591479,77.6568349,N/A,N/A,N/A,N/A,10606688619
Sharon Tea Stall,cafe,12.9545096,77.6527942,N/A,N/A,N/A,N/A,10606721485
Sharon Tea stall,cafe,12.9577341,77.6551766,N/A,N/A,N/A,N/A,10606721486
New Udipi Garden,restaurant,12.9567399,77.6536857,N/A,N/A,N/A,N/A,10606721487
Udupi Gardenia,restaurant,12.9003599,77.46676,N/A,N/A,N/A,N/A,10617504195
Lama's Cafe,cafe,12.9125805,77.6522127,N/A,N/A,N/A,N/A,10617515634
Ice Treat Cafe,cafe,12.912647,77.6535082,N/A,N/A,N/A,N/A,10617515635
Hotel Aurum Keys,hotel,12.9794641,77.6951644,N/A,N/A,N/A,N/A,10617518507
Skyline Rooftop Bar & Kitchen,pub,12.9794409,77.6952936,N/A,+91 85508 88988,N/A,N/A,10617518508
Maverick and Farmer Coffee,cafe,12.935354,77.6284155,N/A,N/A,https://www.maverickandfarmer.com/,N/A,10649347387
Paper & Pie,cafe,12.9663414,77.7333677,N/A,N/A,N/A,N/A,10649418819
Hyderabad Chefs,restaurant,12.9760441,77.7268709,N/A,N/A,N/A,N/A,10651299084
Udupi Krishna Grand,hotel,13.017598,77.6524891,N/A,N/A,N/A,N/A,10651832562
De Grand,restaurant,13.0180125,77.6525441,N/A,N/A,N/A,N/A,10651832563
Desi Masala,restaurant,13.0178721,77.6521625,N/A,N/A,N/A,N/A,10651832568
Madouk Cafe,cafe,12.9553102,77.6486592,N/A,N/A,N/A,N/A,10651879010
Gawky goose,bar,12.9540621,77.6527819,N/A,N/A,N/A,N/A,10651904288
Pearl suites,hotel,12.9550861,77.6506473,N/A,N/A,N/A,N/A,10651913725
Barista,cafe,13.0090515,77.5807017,N/A,N/A,N/A,N/A,10676117962
Third Wave Coffee Roasters,cafe,13.0083014,77.5798273,N/A,N/A,N/A,N/A,10676117963
Pluto Ice Creams & Sandwiches,cafe,12.9592199,77.7198491,N/A,N/A,N/A,N/A,10678401073
Aaha Bhojanam,restaurant,12.9657179,77.7186051,"ITPL Main Road, Bangalore, 560037",+91 81255 92559,http://aahabhojanam.com/,N/A,10678548051
Sashay Taproom Kitchen,restaurant,12.9760449,77.717983,N/A,N/A,N/A,N/A,10678572931
Harmakki Coffee Company,cafe,13.0085545,77.5635455,"8th Main Road, 560055",N/A,N/A,N/A,10680782993
Birbal Biryani,restaurant,12.8947657,77.6615988,N/A,N/A,N/A,N/A,10683877995
Gopal Jee Cafe,cafe,12.8947279,77.6614484,N/A,N/A,N/A,N/A,10685007738
Sri Udupi Food Hub,restaurant,12.9664198,77.6371428,N/A,N/A,N/A,N/A,10693248095
Cafe Muziris,cafe,12.9688696,77.6358915,N/A,N/A,N/A,N/A,10694736146
Barbeque Nation,restaurant,13.0983856,77.5732747,N/A,N/A,N/A,N/A,10694997447
Sri Balaji Restaurant,restaurant,12.9841434,77.7490802,N/A,N/A,N/A,N/A,10695073023
Lucky Chan,restaurant,13.0519109,77.5942844,"Umiya Velociti, Bellary Road, Hebbal, Bangalore, 560024",8296031044,https://luckychan.dotpe.in/,N/A,10695242202
Maffei Kitchen,restaurant,12.9351187,77.6226367,"Peace Vill, 5th Cross Road, Koramangala, Bangalore, 560095",+91 8005471058,https://www.maffei.in/,N/A,10695242204
Hashtag 88 Taproom,pub,12.9482492,77.6984721,"Outer Ring Road, Marathahalli, Bangalore, 560037",N/A,N/A,N/A,10695273905
DYCE,restaurant,12.9235862,77.5814567,"36th Cross Road, Jayanagar, Bangalore, 560041",N/A,N/A,N/A,10695273906
Alchemy Coffee Roasters,cafe,12.9232698,77.5810327,N/A,N/A,N/A,N/A,10695273907
Chianti,restaurant,13.0553339,77.5940306,"Godrej Azure, Bellary Road, Hebbal, Bangalore, 560024",N/A,N/A,N/A,10695273908
Candles Brewhouse,pub,13.0553896,77.5943314,"Godrej Azure, Bellary Road, Hebbal, Bangalore, 560024",N/A,N/A,N/A,10695273909
Roxie,restaurant,12.9152962,77.6657814,"Haralur Road, Bangalore, 560102",N/A,N/A,N/A,10695273911
Fia's Lounge,restaurant,12.9658405,77.6028092,"Richmond Towers, Richmond Road, Bangalore, 560025",N/A,N/A,N/A,10695273912
The Filter Coffee,restaurant,12.9716853,77.6470488,"Indiranagar, Bangalore",N/A,N/A,N/A,10696981907
The Filter Coffee,restaurant,13.0177551,77.6429169,"7th Main Road, Kalyan Nagar, Bangalore, 560043",N/A,N/A,N/A,10696981908
Nagarjuna,restaurant,12.9047312,77.6014844,N/A,N/A,N/A,N/A,10697707069
Empire,restaurant,12.8913045,77.5986655,N/A,N/A,N/A,N/A,10697707088
La Pino's Pizza,restaurant,12.9045574,77.704281,N/A,N/A,N/A,N/A,10701069567
Bahuka,restaurant,12.9639227,77.7132592,N/A,+91 87478 89996,N/A,N/A,10702472554
Bengaluru Bites,restaurant,13.0005508,77.6762035,N/A,N/A,N/A,N/A,10703105218
New Udupi Delicacy,restaurant,12.9800429,77.7270481,N/A,N/A,N/A,N/A,10715811635
Orzuv,restaurant,12.962909,77.7477379,Whitefield Main Road,+91 9755-564656,https://orzuv.co,N/A,10716772889
Kundana,restaurant,12.9597192,77.7029037,N/A,N/A,N/A,N/A,10719499934
Amdo's Corner,restaurant,12.958211,77.6152351,N/A,N/A,N/A,N/A,10727947513
Smoke House Deli,restaurant,12.9896504,77.7281857,"Lavelle Road, Bangalore",N/A,N/A,N/A,10727955500
Dunk'd,cafe,12.9014685,77.6504016,N/A,N/A,https://www.lefromage.shop,N/A,10727955501
Dunk'd,cafe,12.9683018,77.651787,N/A,N/A,https://www.lefromage.shop,N/A,10727955502
Yauatcha,restaurant,12.9732928,77.6203649,"1 MG Road Mall, Mahatma Gandhi Road, Bangalore, 560008",+91 922 2222800,https://yauatcha.com/bengaluru/,reservation.bengaluru@yauatchaindia.com,10727955503
Terra Bites,restaurant,12.9342717,77.6167694,N/A,N/A,N/A,N/A,10728008690
Malgudi Mylari Mane,restaurant,12.9374388,77.6176518,N/A,N/A,http://www.malgudimylari.com/,N/A,10728008691
Panditji - Ras Bana Rahe,restaurant,12.9721558,77.6421739,N/A,N/A,N/A,N/A,10728008692
154 Breakfast Club,restaurant,12.933281,77.6270744,N/A,N/A,N/A,N/A,10728008693
Sendhoor Coffee,restaurant,12.9370153,77.6202241,N/A,N/A,N/A,N/A,10728008695
The Tea Toast Co.,cafe,12.9333868,77.6223524,N/A,N/A,https://www.theteatoastco.in,N/A,10728008696
Thalassery Restaurant,restaurant,13.0641051,77.6491168,N/A,N/A,N/A,N/A,10731130832
Athutheeram,restaurant,13.0651607,77.6458982,N/A,N/A,N/A,N/A,10731130843
New Krishna Sagar,restaurant,13.067908,77.6324992,N/A,N/A,N/A,N/A,10731130879
Pinch of Pepper,restaurant,13.0679158,77.6299082,N/A,N/A,N/A,N/A,10731130884
Suruchi Veg,restaurant,13.068829,77.6275063,N/A,N/A,N/A,N/A,10731130887
O'ver Coffee,cafe,12.974959,77.599563,N/A,N/A,N/A,N/A,10731156961
Megdooth Biryanis,restaurant,13.0221327,77.6472405,N/A,N/A,N/A,N/A,10731175586
Nimma Local,cafe,13.0219409,77.6477666,N/A,N/A,N/A,N/A,10731175591
House of Commons,bar,13.0234488,77.6442434,N/A,N/A,N/A,N/A,10731175603
Kailash Parabat,restaurant,13.0241762,77.6397077,N/A,N/A,N/A,N/A,10731190951
Food Heaven,restaurant,13.0239384,77.6399604,N/A,N/A,N/A,N/A,10731190952
Chaayos,cafe,13.0218548,77.6396997,N/A,N/A,N/A,N/A,10731190997
Third Wave Coffee,cafe,13.0218029,77.639821,N/A,N/A,N/A,N/A,10731190998
Sherlocks,pub,13.0229947,77.639568,N/A,N/A,N/A,N/A,10731191003
The Pizza Bakery,restaurant,13.0230512,77.6394769,N/A,N/A,N/A,N/A,10731191004
Bamboos,restaurant,13.0229883,77.6394968,N/A,N/A,N/A,N/A,10731191005
The Coffee Room,cafe,13.0228447,77.6393593,N/A,N/A,N/A,N/A,10731191010
Chaayos,cafe,12.9814845,77.6963328,N/A,N/A,N/A,N/A,10738611866
Chupa Rustam,restaurant,12.9694276,77.683007,N/A,N/A,N/A,N/A,10741197688
Bahuka,restaurant,12.9759941,77.726773,N/A,N/A,N/A,N/A,10744702189
Sirimane,restaurant,12.9884468,77.5346227,N/A,N/A,N/A,N/A,10749130206
Taste of Coast,restaurant,13.0362055,77.5747083,N/A,N/A,N/A,N/A,10753140996
Karims,restaurant,12.9721868,77.6008731,N/A,N/A,N/A,N/A,10753340333
MAP Cafe,cafe,12.9746415,77.5967427,N/A,N/A,N/A,N/A,10753340367
Varalakshmi Tiffins,restaurant,12.9641246,77.7140716,N/A,N/A,N/A,N/A,10760842140
La Bonita Confiteria,cafe,12.9870949,77.5957107,"Edward Road, Bengaluru, 560052",N/A,N/A,N/A,10761493314
Rasotsav,restaurant,12.8877982,77.5627778,"Kanakapura Road, Konanakunte, Bengaluru",N/A,N/A,N/A,10763481567
The Kind Roastery and Brewroom,cafe,12.9105942,77.5896147,N/A,+91 08042112800,https://thekindindia.com/,thekindindia@gmail.com,10763481568
Plan B,pub,12.980886,77.5636738,N/A,N/A,N/A,N/A,10763481596
Magnolia Bakery,cafe,12.8886906,77.5634793,"Kanakapura Road, Konanakunte, Bengaluru",+91 99026 42266,N/A,N/A,10763481597
Glen's Bakehouse,cafe,13.0227055,77.6435679,N/A,N/A,N/A,N/A,10770523198
Third Wave Coffee Roasters,cafe,12.9971943,77.6968291,N/A,N/A,N/A,N/A,10792878649
Blue Tokai Coffee Roasters,cafe,12.9960944,77.6953909,N/A,N/A,N/A,N/A,10792878651
Orbis Restaurant,restaurant,12.9582606,77.7467035,N/A,N/A,N/A,N/A,10796920905
Empire,restaurant,12.9601121,77.7161352,"I T P L Main Road, Bengaluru, 560037",+918040414141,https://www.hotelempire.in/,N/A,10820700295
Pangeo,bar,12.9729708,77.6062699,"Forum Rex Walk, Brigade Road, Ashok Nagar, Bangalore, 560001",+91 96076 95555,N/A,N/A,10833805497
New Friends Restaurant,bar,12.9167576,77.612333,N/A,N/A,N/A,N/A,10853180824
Dindigul Thalappakatti,restaurant,12.9168615,77.5856531,N/A,N/A,N/A,N/A,10854298571
Starbucks,cafe,12.9871562,77.736278,N/A,N/A,N/A,N/A,10861897026
Hard Rock Cafe,restaurant,12.9869481,77.7360774,N/A,N/A,N/A,N/A,10861897029
Öz by Kebapçi,restaurant,12.9716094,77.5960305,N/A,N/A,N/A,N/A,10865280923
Pan Platters,restaurant,12.859147,77.5421747,"Holiday Village Resort Road, Mallasandra, Bangalore, 560062",N/A,N/A,N/A,10885718096
Chai Stories,cafe,12.9556428,77.7154894,N/A,N/A,N/A,N/A,10894000217
Cariappa Curry Company,restaurant,13.0045271,77.5533373,N/A,N/A,N/A,N/A,10895937219
Klava,cafe,12.9727456,77.6067858,"Forum Rex Walk, Brigade Road, Ashok Nagar, Bangalore, 560001",N/A,N/A,N/A,10908375116
Amiel Gourmet,restaurant,13.0601937,77.5813253,"20th Cross Road, Sahakar Nagar, Bengaluru, 560092",+91 8884441259,https://www.amielgourmet.com/,info.amielgourmet@gmail.com,10908391629
ner.lu,cafe,12.96343,77.6410807,N/A,N/A,N/A,N/A,10913665921
Pasta Street,restaurant,12.9328588,77.6309864,N/A,+91 9266844026,https://pastastreet.co.in/,info@pastastreet.co.in,10924790334
Chin Lung Resto Bar,bar,12.9318674,77.6320308,N/A,N/A,N/A,N/A,10924790335
Melange Astris,hotel,12.9648241,77.5985719,N/A,N/A,N/A,N/A,10924807387
bub lee,cafe,13.0333141,77.568959,N/A,N/A,N/A,N/A,10931287090
My La Pure,restaurant,13.0057338,77.5788406,N/A,N/A,N/A,N/A,10941504378
1522 Pub,bar,12.9317722,77.5157033,N/A,N/A,https://thepub1522.com/,N/A,10944076080
Hebbal Social,restaurant,13.055451,77.5940239,"Bellary Road, Bangalore",N/A,N/A,N/A,10944433589
Oia,pub,13.0737801,77.6527029,N/A,N/A,N/A,N/A,10946865113
Pizza Hut,restaurant,12.9402744,77.5253631,N/A,N/A,N/A,N/A,10957841082
Retro chinese cuisine,restaurant,12.9535497,77.652907,N/A,N/A,N/A,N/A,10964514741
Narayana Comforts,hotel,13.1048911,77.6003651,N/A,N/A,N/A,N/A,10965349434
Shreyas Residency,hotel,13.1045642,77.6001407,N/A,N/A,N/A,N/A,10965349441
Mayura Grand,restaurant,12.9652018,77.7181153,N/A,N/A,N/A,N/A,10967301612
Akshatha Nati Style,restaurant,12.9651352,77.7181073,N/A,N/A,N/A,N/A,10967301613
Hindustan Petroleum,restaurant,13.1296016,77.5718933,N/A,N/A,N/A,N/A,10971673165
Urban Solace,cafe,12.9850531,77.6182955,"Annaswamy Mudaliar Road, Ulsoor, Bengaluru, 560042",N/A,N/A,N/A,10979409747
Flyover Drinkery,pub,13.0491451,77.593229,N/A,N/A,N/A,N/A,10981043279
Punjab Grill,restaurant,12.8882388,77.5634819,N/A,N/A,N/A,N/A,10982294157
You Mee,restaurant,12.8880845,77.5633371,Bangalore,N/A,N/A,N/A,10982294158
Rangoli Kitchen,restaurant,13.0663665,77.6114036,N/A,N/A,N/A,N/A,10984741483
Shambhu's Cafe,cafe,12.9727798,77.6408925,Sai Baba Mandira Road,N/A,N/A,N/A,11003327933
Cafe Hug,cafe,13.0050579,77.623362,N/A,N/A,N/A,N/A,11005461570
Olive Cafe,cafe,13.0036865,77.6225968,N/A,N/A,N/A,N/A,11005547716
Chaayos,cafe,12.9858369,77.6939845,N/A,N/A,N/A,N/A,11014674470
Conçu,cafe,12.9698139,77.6379119,N/A,N/A,N/A,N/A,11019815734
Nomad Pizza,restaurant,12.9704318,77.6434584,N/A,N/A,N/A,N/A,11019815735
Sai Sogadu,restaurant,13.0002965,77.5500266,N/A,N/A,N/A,N/A,11025051050
Canopy Restaurant,restaurant,12.9744578,77.6099425,N/A,N/A,N/A,N/A,11035521585
Daily Sushi,restaurant,12.9759634,77.6026133,N/A,N/A,N/A,N/A,11035521589
The Caffeine Baar,cafe,12.9757608,77.6024073,Church Street,N/A,https://thecaffeinebaar.com,N/A,11035521590
Suryawanshi,restaurant,12.975504,77.6019172,"1 Sobha, Church Street, Bengaluru, 560001",N/A,N/A,N/A,11035521591
Paragon,restaurant,12.9752499,77.6023564,"1 Sobha, Church Street, Bengaluru, 560001",N/A,N/A,N/A,11035536950
Cafe A Paris,restaurant,12.9378285,77.6177291,N/A,N/A,N/A,N/A,11041699824
Tea Time,cafe,12.9996279,77.488847,"D Group Employee Layout, Andrahalli Main Road, Bengaluru, 560091",7483700788,https://bellurescafe.com/,N/A,11043864435
Chez Kina,cafe,13.0048779,77.6171409,N/A,N/A,N/A,N/A,11046880966
Chulha Chauki da Dhaba,restaurant,12.9099457,77.6855781,N/A,N/A,N/A,N/A,11058907191
The Burrow,bar,12.9847784,77.5808621,N/A,N/A,N/A,N/A,11061435985
ToyBoy,pub,12.9814502,77.5636337,N/A,N/A,N/A,N/A,11061437779
Badmaash,pub,12.9811665,77.563655,N/A,N/A,N/A,N/A,11061437780
Chili's,restaurant,12.9817102,77.5636162,N/A,N/A,N/A,N/A,11061437782
Biryani Blues,restaurant,12.9139024,77.6383224,N/A,N/A,N/A,N/A,11061488462
Beanlore,cafe,12.9123548,77.6417639,N/A,N/A,N/A,N/A,11061527357
Starbucks,cafe,12.9886447,77.5940005,N/A,N/A,N/A,N/A,11063128444
Chaayos,cafe,12.9885799,77.594038,N/A,N/A,N/A,N/A,11063128445
Unnamed Spot,hotel,12.9776602,77.5767332,N/A,N/A,N/A,N/A,11065895405
Cafe Coffee Day,cafe,13.0159517,77.5622687,N/A,N/A,N/A,N/A,11072723349
Glen's Bakehouse,cafe,12.9120817,77.6482942,17th Cross,N/A,N/A,N/A,11085582497
Kolkata Famous Kati Roll,restaurant,12.9136695,77.6516824,N/A,N/A,N/A,N/A,11085582500
Sri Balaji Sweets,restaurant,12.9134457,77.6519727,N/A,N/A,N/A,N/A,11085606210
Shree Muthahalli Veg,restaurant,12.9148413,77.6446256,19th Main Road,N/A,N/A,N/A,11085606213
Suku,restaurant,12.9038504,77.6490166,N/A,N/A,N/A,N/A,11085704835
Chef Pillai,restaurant,12.9706973,77.6071349,N/A,N/A,N/A,N/A,11088682661
Red Box,restaurant,12.9564551,77.709996,N/A,N/A,N/A,N/A,11091113618
Hotel Runway Suites,hotel,12.9566329,77.7100815,N/A,N/A,N/A,N/A,11091113619
Tirupathi Bhimas,restaurant,12.9564788,77.7100837,N/A,N/A,N/A,N/A,11091113620
Narmada,restaurant,12.948416,77.6995832,N/A,N/A,N/A,N/A,11091793277
Dindigul Thalappakatti,restaurant,12.9481479,77.6994712,N/A,N/A,N/A,N/A,11091793280
Gismat Jail Mandi,restaurant,12.9480099,77.6994392,N/A,N/A,N/A,N/A,11091793285
The Doner Company,restaurant,12.9346233,77.62302,N/A,N/A,N/A,N/A,11096390238
De Shack,restaurant,12.9345149,77.6232464,N/A,N/A,N/A,N/A,11096390239
Shyamji's Chole Bature,restaurant,12.9354458,77.6212553,N/A,N/A,N/A,N/A,11096390254
Chaska Bun,restaurant,12.9358867,77.6214265,N/A,N/A,N/A,N/A,11096390255
Fresh Pressery,cafe,12.9356285,77.6210394,N/A,N/A,N/A,N/A,11096390256
Zoey's,pub,12.9361263,77.6216574,N/A,N/A,N/A,N/A,11096390257
Churoland,restaurant,12.9337599,77.6188292,N/A,N/A,N/A,N/A,11096390281
Jalandhar Sweets,cafe,12.9341198,77.6169953,N/A,N/A,N/A,N/A,11096390285
Baadshah,pub,12.934246,77.6157354,N/A,N/A,N/A,N/A,11096390287
Marcopolo,restaurant,12.9340007,77.6155974,N/A,N/A,N/A,N/A,11096397009
Biergarten Brewery & Kitchen,pub,12.933443,77.6141153,N/A,N/A,N/A,N/A,11096397020
North Wind,bar,12.9981862,77.5814836,N/A,N/A,N/A,N/A,11096782357
PizzaExpress,restaurant,12.9337796,77.6214948,N/A,N/A,N/A,N/A,11096818319
Cafe Lazy Lad,cafe,13.0002181,77.6257065,N/A,N/A,N/A,N/A,11096903665
Green Onion,restaurant,12.994573,77.6156616,N/A,N/A,N/A,N/A,11096914885
Kim Lee Restaurant,restaurant,12.9847002,77.5536101,N/A,N/A,N/A,N/A,11102274266
Sicilia Point,restaurant,12.9857652,77.55176,N/A,N/A,N/A,N/A,11102274267
plan b,pub,12.9696185,77.6063282,N/A,N/A,N/A,N/A,11102370549
Cumulus,restaurant,12.9744846,77.5967949,N/A,+91 96099 96687,N/A,N/A,11107546220
Flechazo,restaurant,12.9744148,77.6973898,N/A,+91 89512 64441,https://www.flechazo.in,bm.bng1@flechazo.in,11116490519
Gowdru Rajanna Hotel,restaurant,12.9774464,77.6965554,N/A,N/A,N/A,N/A,11116490521
Tea Villa Cafe Jayanagar,cafe,12.9275794,77.5808948,N/A,N/A,N/A,N/A,11117236924
Macaw by Stories,restaurant,12.8844763,77.643342,N/A,N/A,N/A,N/A,11117236925
Nomad Pizza,restaurant,13.0299497,77.5784688,N/A,N/A,N/A,N/A,11117243810
Papa Pho,restaurant,13.0345161,77.5680296,N/A,N/A,N/A,N/A,11117243811
Glen's Bakehouse,cafe,13.0627726,77.5872356,N/A,N/A,N/A,N/A,11117270548
Glen's Bakehouse,cafe,12.9899954,77.5372124,N/A,N/A,N/A,N/A,11117270549
Glen's Bakehouse,cafe,13.0223754,77.643519,N/A,N/A,N/A,N/A,11117270550
Glen's Bakehouse,cafe,12.8858555,77.5964691,N/A,N/A,N/A,N/A,11117270551
Glen's Bakehouse,cafe,12.937942,77.6262087,N/A,N/A,N/A,N/A,11117270552
Glen's Bakehouse,cafe,12.9174347,77.5834483,N/A,N/A,N/A,N/A,11117270553
Durga shree Samruddhi Grand,restaurant,13.0356097,77.6096075,N/A,N/A,N/A,N/A,11119054523
Sri Udupi Grand,restaurant,13.0219401,77.6026255,N/A,N/A,N/A,N/A,11119061505
Cafe Coffee Day,cafe,13.0282096,77.5863039,N/A,N/A,N/A,N/A,11119061522
The World Cafe,cafe,13.0120438,77.5564921,N/A,N/A,N/A,N/A,11125193108
The Big Barbeque,restaurant,12.9485747,77.6986371,"Outer Ring Road, Marathahalli, Bengaluru, 560037",+91 8880807878,https://thebigbarbeque.com/marathahalli-bengaluru/,info@thebigbarbeque.com,11125591716
The Big Barbeque,restaurant,12.8818799,77.5957811,"Bannerghatta Road, Arekere, Bengaluru, 560076",+91 9606092043,https://thebigbarbeque.com/marathahalli-bengaluru/,info@thebigbarbeque.com,11125629939
We:Neighbourhood,pub,13.0008022,77.6325501,N/A,N/A,N/A,N/A,11126837817
FabHotels,hotel,12.9690174,77.6361697,N/A,N/A,N/A,N/A,11131430552
Hong Kong Chinese Restaurant,restaurant,12.9696889,77.6325273,N/A,N/A,N/A,N/A,11131430556
Cafe Coffee Day,cafe,12.9755415,77.6412501,N/A,N/A,N/A,N/A,11131430566
The Delhi Ritual,restaurant,13.0023309,77.5526894,N/A,N/A,N/A,N/A,11132159740
Spettacolare,restaurant,12.9798186,77.6367736,"Indiranagar Double Road, Indiranagar, Bengaluru, 560038",N/A,N/A,N/A,11146745924
Kabab Souq,restaurant,12.9785893,77.6754889,N/A,N/A,N/A,N/A,11149315613
Kannan Cafe,restaurant,12.9789613,77.6754519,N/A,N/A,N/A,N/A,11149339761
Kyba,restaurant,13.0600654,77.592715,N/A,N/A,N/A,N/A,11153633341
Spiceguard,restaurant,12.9326637,77.6139282,"Jyoti Nivas College Road, Bangalore",N/A,N/A,N/A,11155827457
Vyana World Cuisine,restaurant,12.9100271,77.5953771,N/A,N/A,https://thevyana.com,N/A,11162603758
Hidden Bunker Pub,pub,12.9418247,77.697192,N/A,N/A,N/A,N/A,11164787811
Ayodhya aahar,restaurant,13.0271928,77.5767475,N/A,N/A,N/A,N/A,11176400127
Sri Ranganatha Military Hotel,restaurant,12.9578846,77.5694661,N/A,N/A,N/A,N/A,11178098078
2 Half Coffee,cafe,12.9581135,77.5684411,N/A,N/A,N/A,N/A,11178123521
Vasu Donne Biryani,restaurant,12.9589489,77.5683821,"2nd Cross, 3rd Main",N/A,N/A,N/A,11178123527
Bharathi Refreshments,restaurant,12.9603952,77.5691466,N/A,N/A,N/A,N/A,11178140427
Udipi Aatithya,restaurant,12.9570712,77.5703413,N/A,N/A,N/A,N/A,11178150970
Sri Sai Cafe,restaurant,12.9588384,77.5660035,N/A,N/A,N/A,N/A,11178186955
Udupi Coffee Time,restaurant,12.9587166,77.5619858,N/A,N/A,N/A,N/A,11178186979
Cafe Coffee Day,cafe,13.0079648,77.5562786,N/A,N/A,N/A,N/A,11180325241
Cafe Noir,restaurant,13.011491,77.555324,N/A,N/A,N/A,N/A,11181022085
Chili's,restaurant,13.0111147,77.5553159,"Dr. Rajkumar Road, Bengaluru",N/A,https://www.chilis.com/,N/A,11181022087
Indian Biere House,pub,12.9060628,77.5895222,N/A,N/A,N/A,N/A,11183618458
Khmer Kitchen,restaurant,12.9065319,77.5866397,N/A,N/A,N/A,N/A,11183640991
Chat Bandi,restaurant,12.9219032,77.5849758,N/A,N/A,N/A,N/A,11185907895
Eat First,restaurant,12.9216145,77.5846609,N/A,N/A,N/A,N/A,11185921420
Juliet,pub,12.9738038,77.6203662,N/A,N/A,N/A,N/A,11188703538
Two Moons,pub,12.9731869,77.6203595,N/A,+91 96203 47095,N/A,N/A,11188703539
One8 Commune,pub,12.9762364,77.5992998,N/A,N/A,N/A,N/A,11188703540
Minx,pub,12.973528,77.6203608,N/A,N/A,N/A,N/A,11188703541
Bar Spirit Forward,bar,12.9746721,77.5993436,Lavelle Road,+917795654575,N/A,N/A,11188703544
Namma MTR,restaurant,13.0011015,77.5718209,N/A,N/A,N/A,N/A,11195725384
Basaveshwara Khanavali,restaurant,12.9993936,77.5722501,N/A,N/A,N/A,N/A,11195725401
Paakashaala,restaurant,13.0055391,77.5713515,N/A,N/A,N/A,N/A,11195725581
PizzaExpress,restaurant,13.0109277,77.5553082,"Dr. Rajkumar Road, Bengaluru",N/A,N/A,N/A,11198888988
Check Post,restaurant,12.9107075,77.5992431,N/A,N/A,N/A,N/A,11201322521
Danapani,restaurant,12.8872931,77.5821444,N/A,N/A,N/A,N/A,11201648143
Shades of Coffee,cafe,12.9094275,77.6393304,N/A,N/A,N/A,N/A,11202391302
Barbeque Nation,restaurant,13.0552622,77.5941685,N/A,N/A,N/A,N/A,11205796364
Puliyogre Point,restaurant,12.9588803,77.7196135,N/A,N/A,N/A,N/A,11209525664
Mani's Dum Biryani,restaurant,13.058685,77.5924599,N/A,N/A,N/A,N/A,11209916090
Malwan Tadka,restaurant,13.0586149,77.5926095,N/A,N/A,N/A,N/A,11209916092
Attide biz,hotel,13.0586077,77.5927247,"14th Main Rd, Sahakar Nagar, Byatarayanapura, Bengaluru, 560092",+919902000200,N/A,N/A,11209916093
Thenga Manga,restaurant,12.9706241,77.6072636,N/A,N/A,N/A,N/A,11214889005
Starbucks,cafe,12.972545,77.6073523,N/A,N/A,N/A,N/A,11214889007
Boba Tree,cafe,12.9857351,77.5877616,"Prestige Trade Tower, Palace Road, Sampangi Rama Nagar, Bengaluru, 560001",N/A,N/A,N/A,11214889025
Misu,restaurant,12.9856786,77.587802,"Prestige Trade Tower, Palace Road, Sampangi Rama Nagar, Bengaluru, 560001",N/A,N/A,N/A,11214889027
Qube Cafe,cafe,12.9748074,77.6062759,N/A,N/A,N/A,N/A,11215576556
Tadka Singh,restaurant,12.9754649,77.6020993,"1 Sobha, Church Street, Bengaluru, 560001",N/A,N/A,N/A,11215576563
Shenzhen Kitchen,restaurant,12.9754819,77.6020203,"1 Sobha, Church Street, Bengaluru, 560001",N/A,N/A,N/A,11215576564
Monkey Bar,pub,12.9751472,77.6029158,"The Museum, Museum Road, Shanthala Nagar",N/A,N/A,N/A,11215576567
Roomali,restaurant,12.975208,77.6031826,N/A,N/A,N/A,N/A,11215576574
Biryani by kilo,restaurant,12.9772183,77.724899,N/A,N/A,N/A,N/A,11215614043
Essotto,restaurant,12.9769205,77.7261425,N/A,N/A,N/A,N/A,11215614045
Brik Oven,restaurant,12.9772525,77.7249005,N/A,N/A,N/A,N/A,11215614050
Astra Hotels,hotel,12.9773169,77.7250751,N/A,N/A,N/A,N/A,11215614052
Treebo Akshaya Bull Temple,hotel,12.9441289,77.5680437,N/A,N/A,N/A,N/A,11215814225
Iyengars Inn,restaurant,12.944634,77.5680511,N/A,N/A,N/A,N/A,11215814231
Juice Junction,cafe,12.9433205,77.5677668,N/A,N/A,N/A,N/A,11215840059
Lalbagh Grand,restaurant,12.9475467,77.5797314,N/A,N/A,N/A,N/A,11215990973
Bandipura Donne Biriyaani,restaurant,13.014037,77.6423838,N/A,N/A,N/A,N/A,11219451413
Donne Biriyani Aramane,restaurant,13.0629587,77.5919622,N/A,N/A,N/A,N/A,11219782024
Box8,restaurant,13.0628837,77.5920111,N/A,N/A,N/A,N/A,11219782026
Restaurant 1179,restaurant,13.063843,77.5881151,N/A,N/A,N/A,N/A,11220149678
Pizza Hut,restaurant,13.0636761,77.5907629,N/A,N/A,N/A,N/A,11220149726
hyderabad bawarchi Multi Cuisine Restaurant,restaurant,13.0630591,77.5922004,N/A,N/A,N/A,N/A,11220149732
Purple Inn,hotel,12.9709,77.7070266,N/A,N/A,N/A,N/A,11224559217
Third Wave Coffee Roasters,cafe,13.0415009,77.6196219,N/A,N/A,N/A,N/A,11229746065
Toscano,restaurant,13.0415139,77.6194583,N/A,N/A,N/A,N/A,11229746066
Napoli,cafe,12.912674,77.6524696,N/A,N/A,N/A,N/A,11232366435
Yes Sir,cafe,12.9131129,77.6536565,N/A,N/A,N/A,N/A,11232384244
Toping Twist,cafe,12.9130612,77.6536558,N/A,N/A,N/A,N/A,11232384245
Coffee Makers,cafe,12.9036184,77.6486952,N/A,N/A,N/A,N/A,11233733246
Coffee Brewery,cafe,12.9258445,77.66963,N/A,N/A,N/A,N/A,11234174826
The Cirkus Bar,bar,12.9123355,77.6437969,N/A,N/A,N/A,N/A,11248247740
Hotel Gowdru,restaurant,12.9739972,77.6358989,N/A,N/A,N/A,N/A,11249358262
Sendhoor,restaurant,12.9517147,77.6993842,N/A,N/A,N/A,N/A,11250238063
Backyard Burgers and Grill,restaurant,12.9748436,77.6412512,N/A,N/A,N/A,N/A,11250659619
Catchup Pub and Kitchen,pub,12.9126085,77.6331202,N/A,N/A,N/A,N/A,11250739211
Atthemane Restaurants,restaurant,12.9139562,77.6322007,N/A,N/A,N/A,N/A,11250781823
Curries N Fries,restaurant,12.9144911,77.6329266,N/A,N/A,N/A,N/A,11250788395
Tawa Ghar Ka,restaurant,12.9152666,77.6321844,N/A,N/A,N/A,N/A,11250809080
Copper Kitchen,restaurant,12.9149523,77.6321974,N/A,N/A,N/A,N/A,11250811583
Vijaya Lakshmi,restaurant,13.000978,77.5692398,N/A,N/A,N/A,N/A,11255385172
Absolute Barbeque,restaurant,12.9346348,77.6158725,N/A,N/A,N/A,N/A,11257087553
Star Briyani,restaurant,12.9346423,77.6159362,N/A,N/A,N/A,N/A,11257087558
Babai Tiffins HSR High Street,restaurant,12.912748,77.635114,N/A,N/A,N/A,N/A,11258034031
Quickbites,restaurant,12.9127939,77.6351149,N/A,N/A,N/A,N/A,11258036123
Mr. Shawarma & Miss Grills,restaurant,12.9127707,77.6351127,N/A,N/A,N/A,N/A,11258036375
Raghavendra Tiffins,restaurant,12.912755,77.6353859,N/A,N/A,N/A,N/A,11259899013
Teatings,cafe,12.9130125,77.6354074,N/A,+91 - 9666 83 6335,https://www.teatings.com/,info@teatings.com,11259899015
Aromas of Biryani,restaurant,12.9133576,77.635162,"No.219, Ground and First Floor, 9th Main, 15th A Cross, Sector 6,  HRS Layout, Bengaluru 560102",N/A,https://aromasofbiryani.com,N/A,11259899018
Anands Kitchen,restaurant,12.9086561,77.6445904,N/A,N/A,N/A,N/A,11262514226
Fruit Bae,restaurant,12.9108215,77.6379404,N/A,N/A,N/A,N/A,11262546939
Paakshala,restaurant,12.9670134,77.641294,N/A,N/A,N/A,N/A,11268368110
Janardhan,hotel,12.9857927,77.5789851,N/A,N/A,N/A,N/A,11268445215
Vijay Sagar Grand,restaurant,13.0139285,77.490114,N/A,N/A,N/A,N/A,11276467448
Sree Sagar Veg,restaurant,13.0141711,77.4935416,N/A,N/A,N/A,N/A,11276565395
Restaurant,restaurant,13.0142187,77.4929369,N/A,N/A,N/A,N/A,11276588841
Ssura,restaurant,12.9398026,77.625213,N/A,N/A,N/A,N/A,11277885669
Isobel,cafe,12.9395026,77.5846124,N/A,N/A,N/A,N/A,11277885670
Ferrara,restaurant,12.936282,77.6225938,N/A,N/A,N/A,N/A,11277885671
Coffeetales,cafe,12.9120591,77.6479631,N/A,N/A,N/A,N/A,11277885672
Blue Tokai Coffee Roasters,cafe,12.9223701,77.5845985,"10th Main Road, Bengaluru, 560041",N/A,N/A,N/A,11277885674
Avocados and Brownies,cafe,12.935039,77.6161015,N/A,N/A,N/A,N/A,11277885676
ZEST,restaurant,12.9747264,77.5994101,N/A,N/A,N/A,N/A,11277885706
Light of Italy,restaurant,12.9160112,77.6511084,N/A,N/A,https://lightofitaly.com/,N/A,11277885723
The Verandah,restaurant,12.9291597,77.6273802,N/A,N/A,N/A,N/A,11277885724
Societe Rangoon,restaurant,12.9067066,77.5896865,N/A,N/A,N/A,N/A,11277885753
Europa 360,restaurant,12.9502816,77.6989871,N/A,N/A,N/A,N/A,11277885754
Nebula,cafe,13.011807,77.5569139,N/A,N/A,N/A,N/A,11279297560
GULP,bar,12.9250501,77.551074,N/A,N/A,N/A,N/A,11279447619
Neena's Steakhouse and Burgers,cafe,12.9165053,77.6020816,N/A,N/A,N/A,N/A,11279857285
Biryani Mane,restaurant,12.9166682,77.5930319,N/A,N/A,N/A,N/A,11279857309
Olive Jayanagar,hotel,12.9184255,77.5810973,N/A,N/A,N/A,N/A,11279857489
Shreeyas Bar and Restaurant,restaurant,13.0188266,77.5580652,N/A,N/A,N/A,N/A,11281292792
Big Bang Pizza,restaurant,12.9946253,77.6150139,N/A,N/A,N/A,N/A,11282630635
Costa,cafe,12.9806797,77.5635843,N/A,N/A,N/A,N/A,11285259372
Chai Point,cafe,12.9812823,77.5637362,N/A,N/A,N/A,N/A,11285259381
Qmin,cafe,12.9818723,77.5637939,N/A,N/A,N/A,N/A,11285259384
FabExpress Oriental Suites,hotel,12.9130408,77.605488,N/A,N/A,N/A,N/A,11290256859
Big Baadshaah,restaurant,12.9485693,77.6985592,N/A,N/A,N/A,N/A,11290423204
Poornima Regency,hotel,12.9521048,77.5945294,N/A,N/A,N/A,N/A,11290438222
Roti Wala,restaurant,12.9136069,77.6040059,N/A,N/A,N/A,N/A,11290812040
Third Wave Coffee,cafe,12.9136855,77.6051806,N/A,N/A,N/A,N/A,11290812041
La Pino'z Pizza,restaurant,12.9137938,77.6090636,N/A,N/A,N/A,N/A,11291647603
Kullad Cafe,cafe,12.9126429,77.6099166,N/A,N/A,N/A,N/A,11291647621
Olive Street Food Cafe,cafe,12.9139319,77.6104393,N/A,N/A,N/A,N/A,11291647627
Food Track,restaurant,12.9773889,77.5694124,N/A,N/A,N/A,N/A,11292214412
Kimchi,restaurant,12.9061135,77.5934146,"15th Cross Road, JP Nagar 5th Phase, Bangalore, 560078",N/A,N/A,N/A,11293201589
Sattvam,restaurant,12.906084,77.586789,N/A,N/A,N/A,N/A,11293333405
Sahukar Chai,cafe,12.9065122,77.5904379,N/A,N/A,N/A,N/A,11293333411
Jayanagara Donne Biryani,restaurant,12.9065647,77.5904576,N/A,N/A,N/A,N/A,11293333414
Peek-a-Boo,restaurant,12.9061295,77.5884337,N/A,N/A,N/A,N/A,11293333423
Yuki,restaurant,12.9060555,77.5898068,N/A,N/A,N/A,N/A,11293333432
154 Breakfast Club,restaurant,12.9065628,77.5925599,N/A,N/A,N/A,N/A,11293484209
Paris Panini,restaurant,12.9064935,77.5917984,N/A,N/A,N/A,N/A,11293484225
The Pizza Bakery,restaurant,12.9065116,77.5917977,N/A,N/A,N/A,N/A,11293484229
Pizza Hut,restaurant,12.9810019,77.5630863,N/A,N/A,N/A,N/A,11293554463
Punjab Grill,restaurant,12.9817167,77.5637005,N/A,N/A,N/A,N/A,11293599069
Temple Tree Hotel,hotel,12.9479778,77.5946052,N/A,N/A,N/A,N/A,11295297228
Bilton,hotel,12.9447473,77.5968662,"13th Cross Road, Banglore, 56027",N/A,https://biltonhotel.com,info@biltonhotel.com,11295303737
Hoy Punjab,restaurant,12.9364799,77.6168107,N/A,N/A,N/A,N/A,11295513149
Babylonia,restaurant,12.9363255,77.6158017,N/A,N/A,N/A,N/A,11295513155
Boom Rang,bar,12.9362753,77.6158391,N/A,N/A,N/A,N/A,11295513159
Murugan Cafe,cafe,12.9540945,77.5913153,N/A,N/A,N/A,N/A,11295714523
Hotel Sarbhawal Residency,hotel,12.9565763,77.5922448,N/A,N/A,N/A,N/A,11295814510
Dreamz Lodge,hotel,12.9564473,77.5913961,560027,N/A,N/A,N/A,11295814511
Sri Vishnu Bhavan,restaurant,12.9550118,77.5925388,N/A,N/A,N/A,N/A,11295826654
Temple Meals,restaurant,12.9984291,77.5695374,N/A,N/A,N/A,N/A,11295836842
Millenials,restaurant,12.9070559,77.6003303,N/A,N/A,N/A,N/A,11296562017
Pizza Hut,restaurant,12.9060834,77.5953108,N/A,N/A,N/A,N/A,11296562018
Wood and Brixx Pizza,restaurant,12.9059837,77.596215,N/A,N/A,N/A,N/A,11296562019
Crumb Together,restaurant,12.9070463,77.6002896,N/A,N/A,N/A,N/A,11296562028
Blue Tokai Coffee Roasters,cafe,12.906721,77.5992833,N/A,N/A,N/A,N/A,11296660887
Saiko,restaurant,12.9062801,77.597683,N/A,N/A,N/A,N/A,11296660890
Puneri Katta,cafe,12.9134212,77.6083447,"11th Main Road, Bangalore, 560076",N/A,N/A,N/A,11296660893
Jai Maruti 99 Variety Dosa,restaurant,12.8782186,77.6381148,N/A,N/A,N/A,N/A,11301408895
Dwarka Bhavan,restaurant,12.8773579,77.6389209,N/A,N/A,N/A,N/A,11301539100
Barrel House,bar,12.8767868,77.5953714,N/A,N/A,N/A,N/A,11302031532
Basil Bistro,restaurant,12.9155123,77.6489119,N/A,N/A,N/A,N/A,11302751559
Miss Misal,restaurant,12.9153968,77.6491631,N/A,N/A,N/A,N/A,11302751566
Empark Restaurant,restaurant,12.9455956,77.5952641,"Arekempenahally, Bengaluru, 560027",+91 8904022661;+91 9946222661,https://www.emparkinternational.com,N/A,11302937519
Arogya Ahaara,restaurant,12.9108057,77.5821293,N/A,N/A,N/A,N/A,11303632425
1522,pub,12.9062943,77.5758493,N/A,N/A,N/A,N/A,11303671252
Tipsy Bull,pub,12.9063819,77.5775686,"Outer Ring Road, 560078",+91 88844 42009,https://tipsybull.com/,N/A,11303696506
Bendakaluru Donne Briyani,restaurant,12.9067877,77.5858782,N/A,N/A,N/A,N/A,11303698297
Dosa Kuteera,restaurant,12.8889281,77.6259852,N/A,N/A,N/A,N/A,11303698307
Paradise Biryani,restaurant,12.9103011,77.5858865,N/A,N/A,N/A,N/A,11303702484
Cafe Coffee Day,cafe,12.9122347,77.5855628,N/A,N/A,N/A,N/A,11303710927
Eagle Bar & Restaurant,restaurant,12.9061552,77.5903307,N/A,N/A,N/A,N/A,11303711405
The Scene Craft Kitchen & Bar,pub,12.9066836,77.5805215,N/A,N/A,N/A,N/A,11303728955
Aata Oota Maathu,restaurant,12.910476,77.5822027,N/A,N/A,N/A,N/A,11303742269
Third Wave Coffee,cafe,12.9061058,77.5876799,N/A,N/A,N/A,N/A,11303744483
1947,restaurant,12.9061033,77.5866031,N/A,N/A,N/A,N/A,11303751506
Casa Piccosa,restaurant,12.9060616,77.5855244,N/A,N/A,N/A,N/A,11303762242
NI YU,restaurant,12.9065673,77.5864076,N/A,N/A,N/A,N/A,11303762245
Benki Coffee,cafe,12.9103136,77.5875758,N/A,N/A,N/A,N/A,11303767325
Baba Punjabi,restaurant,12.9105758,77.5880187,N/A,N/A,N/A,N/A,11303771924
Hotel Raghavendra Prasanna,restaurant,12.9690078,77.5750942,N/A,N/A,N/A,N/A,11304774643
Kadamba Veg,restaurant,12.9765433,77.5717628,N/A,N/A,N/A,N/A,11304864993
Third Wave Coffee,cafe,13.0704482,77.5909618,"Yelahanka, Bengaluru, 560092",N/A,N/A,N/A,11305116643
Chaayos,cafe,13.0704391,77.5911308,"Yelahanka, Bengaluru, 560092",N/A,N/A,N/A,11305116644
Perch,cafe,13.0709878,77.5908934,"Yelahanka, Bengaluru, 560092",N/A,N/A,N/A,11305149280
Tim Hortons,cafe,13.0705632,77.5906654,"Yelahanka, Bengaluru, 560092",N/A,N/A,N/A,11305149292
Starbucks,cafe,13.0710204,77.5907325,"Yelahanka, Bengaluru, 560092",N/A,N/A,N/A,11305149293
Brahma Brews,restaurant,12.8932346,77.5864718,"24th Main Road, 560078",N/A,N/A,N/A,11305178269
Pizza Hut,restaurant,13.0704489,77.591047,"Yelahanka, Bengaluru, 560092",N/A,N/A,N/A,11305184200
Chili's,restaurant,13.0704913,77.5908566,"Yelahanka, Bengaluru, 560092",N/A,N/A,N/A,11305184202
PizzaExpress,restaurant,13.0705612,77.5905608,"Yelahanka, Bengaluru, 560092",N/A,N/A,N/A,11305184203
Rajdhani,restaurant,13.0705828,77.5904703,"Yelahanka, Bengaluru, 560092",N/A,N/A,N/A,11305184204
Nando's,restaurant,13.0705985,77.5903831,"Yelahanka, Bengaluru, 560092",N/A,N/A,N/A,11305184205
Punjab Grill,restaurant,13.0708088,77.5903818,"Yelahanka, Bengaluru, 560092",N/A,N/A,N/A,11305184207
You Mee,restaurant,13.0708316,77.5902115,"Yelahanka, Bengaluru, 560092",N/A,N/A,N/A,11305184208
Jamie's Italian,restaurant,13.0709479,77.5899017,"Yelahanka, Bengaluru, 560092",N/A,N/A,N/A,11305184209
Burger Seigneur,restaurant,13.0709074,77.5900231,"Yelahanka, Bengaluru, 560092",N/A,N/A,N/A,11305184210
Bhartiya Jalpan,restaurant,13.0710518,77.5899285,"Yelahanka, Bengaluru, 560092",N/A,N/A,N/A,11305184212
Burma Burma,restaurant,13.0705638,77.5905307,"Yelahanka, Bengaluru, 560092",N/A,N/A,N/A,11305184215
Cafe Allora,cafe,13.0704868,77.5909122,"Yelahanka, Bengaluru, 560092",N/A,N/A,N/A,11305184216
Magnolia Bakery,cafe,13.071202,77.5904073,"Yelahanka, Bengaluru, 560092",N/A,N/A,N/A,11305184226
Stone Street Kitchen and Bar,bar,12.9159084,77.6160669,N/A,N/A,N/A,N/A,11309805442
Ni O Ven,restaurant,12.9162733,77.612705,N/A,N/A,N/A,N/A,11309805446
Star Biryani,restaurant,12.9163162,77.6113417,N/A,N/A,N/A,N/A,11309805448
Hotel Raja Galaxy,hotel,12.9165478,77.5979007,N/A,N/A,N/A,N/A,11309805457
Muro,restaurant,12.9745598,77.6031318,N/A,N/A,N/A,N/A,11309875104
Board 4 Bored,cafe,12.9404688,77.5713638,N/A,N/A,N/A,N/A,11314428137
Kadamba Classic Hotel,restaurant,12.9523737,77.5438444,N/A,N/A,N/A,N/A,11323076631
Vovo premier hotel,hotel,12.9774811,77.5769604,N/A,N/A,N/A,N/A,11323106498
Indrani Hotel,restaurant,12.9828282,77.6346451,N/A,N/A,N/A,N/A,11328526485
Dua's Cafe,restaurant,12.9106359,77.6976886,N/A,N/A,N/A,N/A,11331522313
Masala Mandi,restaurant,12.9106885,77.6855632,N/A,N/A,N/A,N/A,11331558611
Ba Guru Thindi Madona,restaurant,12.9294996,77.5352415,N/A,N/A,N/A,N/A,11340895287
Garden House Cafe,cafe,12.9087228,77.6506028,N/A,N/A,N/A,N/A,11355554483
The Brussles Waffle,cafe,12.9087123,77.6505691,N/A,N/A,N/A,N/A,11355554484
Lime Light,cafe,12.9760718,77.60261,N/A,N/A,N/A,N/A,11356383315
Smoor,cafe,12.972872,77.6002751,N/A,N/A,N/A,N/A,11356383323
Tandoor Chai,cafe,12.9611876,77.5261787,N/A,N/A,N/A,N/A,11359601431
Udupi Garden,restaurant,13.0386087,77.5742563,"Sanjaynagar Main Road, 560094",094485 08089,N/A,N/A,11362736269
Imperio,restaurant,12.9117112,77.6497366,N/A,N/A,N/A,N/A,11368536065
Iris cafe HSR,cafe,12.9117456,77.6428015,N/A,N/A,N/A,N/A,11372676269
Arogya Aahara,restaurant,12.9168233,77.6380395,"14th Main Rd, next to HDFC Bank, Jakkasandra, Sector 5, HSR Layout, Bengaluru, 560034",N/A,N/A,N/A,11380994993
Chaayos,cafe,12.9123483,77.6516988,N/A,N/A,N/A,N/A,11383593073
Central Jail Restaurant,restaurant,12.9156318,77.651576,N/A,N/A,N/A,N/A,11384926620
Sadda Punjabi Cafe,restaurant,12.9155862,77.6515716,N/A,N/A,N/A,N/A,11384926621
Chai Fast,cafe,12.9271334,77.6332033,N/A,N/A,N/A,N/A,11385511625
Barista,cafe,12.9310729,77.6326552,N/A,N/A,N/A,N/A,11385511630
Starbucks,cafe,12.9323886,77.6314845,N/A,N/A,N/A,N/A,11385511632
The Coorg Food Company,restaurant,12.9408888,77.6242864,N/A,N/A,N/A,N/A,11385580185
Panchami sagar,restaurant,13.121367,77.6175957,N/A,N/A,N/A,N/A,11386036953
The Coffee Brewery,cafe,12.9169721,77.5977608,N/A,N/A,N/A,N/A,11393362100
Tea Time,cafe,12.9168623,77.602811,N/A,N/A,N/A,N/A,11395345925
chai sutta bar,restaurant,12.9346055,77.6168873,N/A,N/A,N/A,N/A,11396013057
Smoky Docky,restaurant,12.9347048,77.6167408,N/A,N/A,N/A,N/A,11396013058
Magique,pub,12.9376704,77.626955,N/A,N/A,N/A,N/A,11396013061
Chaayos,cafe,12.9390758,77.6191481,N/A,N/A,N/A,N/A,11398011945
Tim Hortons,cafe,12.9394664,77.6193423,N/A,N/A,N/A,N/A,11398011946
Bonito Bistro,restaurant,12.939072,77.6180094,N/A,N/A,N/A,N/A,11398011947
Amritsari,restaurant,12.9390011,77.6179869,N/A,N/A,N/A,N/A,11398011948
Thar - Rajasthani Restaurant,restaurant,12.9381608,77.6177663,N/A,N/A,N/A,N/A,11398011950
Calm Down Cafe,restaurant,13.0681222,77.5791911,N/A,N/A,N/A,N/A,11406977578
The Humble Pie,cafe,12.9085228,77.6504774,N/A,N/A,N/A,N/A,11414534035
Soka,bar,12.9650441,77.6383823,1st Main Road,+91 93530 45053,N/A,N/A,11416184412
Andrea's Brasserie,restaurant,13.0709074,77.5907533,"Yelahanka, Bengaluru, 560092",8588823878,https://andreas.co.in/andrea-s-brasserie-bengaluru,N/A,11423202993
Mom's Kitchen,cafe,12.9577887,77.7091478,N/A,N/A,N/A,N/A,11423311805
La Melano,restaurant,12.9549447,77.7003108,N/A,N/A,N/A,N/A,11425682973
Teaday,cafe,12.9539425,77.717831,N/A,N/A,N/A,N/A,11428052188
Coffee & More,cafe,12.9085772,77.6499484,N/A,N/A,N/A,N/A,11433878025
Patna Wale,hotel,12.9178452,77.6074222,N/A,N/A,N/A,N/A,11434743801
Sattvam,restaurant,12.9937268,77.7008262,N/A,+91 63641 50001,https://www.sattvam.com,N/A,11444019769
Udupi Tiffin Centre,restaurant,13.0950191,77.5775303,N/A,N/A,N/A,N/A,11445661035
7th Heaven,cafe,13.0945203,77.5808265,N/A,N/A,N/A,N/A,11445670638
Madeena Sumaya Hotel,restaurant,13.0953669,77.577956,N/A,N/A,N/A,N/A,11445706497
Mandya Military hotel,restaurant,13.0948257,77.5800923,N/A,N/A,N/A,N/A,11445747882
Bengaluru Central Cafe,cafe,13.099218,77.5851031,N/A,N/A,N/A,N/A,11445773864
Chai Adda,cafe,13.129469,77.5958193,N/A,N/A,N/A,N/A,11449700099
Cafe Coffee Day,cafe,12.9755682,77.60516,N/A,N/A,N/A,N/A,11458986892
Jamming Goat 3.0,pub,12.965194,77.6417769,N/A,N/A,N/A,N/A,11463203511
Dishkeyaun,restaurant,12.9727544,77.6068494,N/A,N/A,N/A,N/A,11463203516
Sri Udupi Cafe,restaurant,12.860893,77.5293036,N/A,N/A,N/A,N/A,11465490459
Hotel Sri Venkateshwar Prasanna,restaurant,12.8610769,77.5294007,N/A,N/A,N/A,N/A,11465490462
Gowdthi's Kitchen,restaurant,12.8617543,77.5296774,N/A,N/A,N/A,N/A,11465490467
Naati Style Gowda's Hotel,restaurant,13.1051637,77.6006037,N/A,N/A,N/A,N/A,11465694157
Ebisu,restaurant,12.9728208,77.6066762,"Forum Rex Walk, Brigade Road, Ashok Nagar, Bangalore, 560001",+91 7303743863,https://www.ebisurestaurant.in/,marketing@ebisurestaurant.in,11468638832
Alakapuri Veg Restaurant,restaurant,13.1036021,77.5998838,N/A,N/A,N/A,N/A,11468958100
Boba Cafe - A true bubble tea,cafe,12.9927608,77.5906166,N/A,N/A,N/A,N/A,11472482870
Shree Vinayaka Juice Center,cafe,12.9923755,77.5926567,N/A,N/A,N/A,N/A,11472482871
Hotel Mayura Sagar,restaurant,12.9704092,77.7126394,N/A,N/A,N/A,N/A,11472845559
Taj Hotel,restaurant,13.0003295,77.6173282,N/A,N/A,N/A,N/A,11472852217
Shiva Shakti Bar and Restaurant,bar,13.0001684,77.6187683,N/A,N/A,N/A,N/A,11472852235
Sheesh Kebab,restaurant,13.0003724,77.6167827,N/A,N/A,N/A,N/A,11472852238
Chichabas Dawat,restaurant,13.0002804,77.6174439,N/A,N/A,N/A,N/A,11472852242
hunkal coffee,cafe,12.9930468,77.5900341,N/A,N/A,N/A,N/A,11473057369
Public Bar and Kitchen,restaurant,12.9299719,77.6859289,N/A,N/A,N/A,N/A,11473108147
Madeena Restaurant,restaurant,12.9685786,77.7479931,N/A,N/A,N/A,N/A,11474831398
Emperor,restaurant,12.9690352,77.7496646,N/A,N/A,N/A,N/A,11474831417
Biergarten Brewery & Kitchen,pub,13.0417334,77.6196407,N/A,N/A,N/A,N/A,11475302430
Tudum,restaurant,12.9865466,77.5950151,"Ali Asker Road, Bengaluru, 560052",N/A,N/A,N/A,11475453356
Cafe Noir,restaurant,12.9865301,77.5951866,Bangalore,N/A,N/A,N/A,11475453357
Rosé Restaurant And Patisserie,cafe,13.0282636,77.5731795,"80 Feet Road, Bengaluru, 560094",N/A,N/A,N/A,11475679272
The Groot,bar,13.0838256,77.6440313,N/A,N/A,https://thegroot.in/,N/A,11475697469
Kling Brewery,pub,12.9749375,77.6045006,"Church Street, Bengaluru, 560001",N/A,https://www.klingbreweries.com/,N/A,11476074406
Olive Richmond Circle,hotel,12.9667247,77.5947078,N/A,N/A,N/A,N/A,11476370285
New Mohan Restaurant & Bar,restaurant,12.9657039,77.5953613,N/A,N/A,N/A,N/A,11476370293
Samudra,restaurant,12.989032,77.5750062,N/A,N/A,N/A,N/A,11478107299
Tandoori Taal,restaurant,12.9858618,77.5877734,"Prestige Trade Tower, Palace Road, Sampangi Rama Nagar, Bengaluru, 560001",N/A,N/A,N/A,11478259470
Hyderabad Biryani,restaurant,12.9963038,77.6947333,N/A,N/A,N/A,N/A,11488322160
Janani Upahar,restaurant,13.106024,77.5989136,N/A,N/A,N/A,N/A,11491661181
Nandini Cafe,restaurant,13.1060545,77.5989056,N/A,N/A,N/A,N/A,11491661182
Queen's Restaurant,restaurant,12.9747312,77.6067208,N/A,N/A,https://www.queensrestaurant.com/,N/A,11492167636
Anaia Cafe,cafe,12.9770467,77.6406776,N/A,N/A,N/A,N/A,11493951524
Rajanna Military Hotel,restaurant,12.9662399,77.5351318,N/A,N/A,N/A,N/A,11494322420
Glen's Bakehouse,cafe,12.8883217,77.5630735,N/A,N/A,N/A,N/A,11497490337
Podi and Spice,restaurant,12.972617,77.6266243,N/A,N/A,N/A,N/A,11499112406
Doner Club,restaurant,13.0149527,77.6321133,"Yadava Street, Nehru Road, Bangalore, 560084",N/A,https://www.donerclub.in/,N/A,11500714575
Sri Annapurneswari Restaurant,restaurant,12.9121692,77.6064581,N/A,N/A,N/A,N/A,11502593621
The Weekly Brewhouse and Kitchen,pub,12.9351187,77.6088557,N/A,N/A,N/A,N/A,11503032066
Tatvika Cafe,cafe,12.9268066,77.6332725,N/A,N/A,N/A,N/A,11505695830
Cafe Levista,cafe,12.9751478,77.6067188,N/A,N/A,N/A,N/A,11505846466
Niro - Taproom & Kitchen,bar,13.0419739,77.6133529,"Rooftop, Country Inn & Suites by Radisson, Outer Ring Rd, Bengaluru, Karnataka, Bangalore, 560045",N/A,N/A,N/A,11510648014
Tiba Hotel,hotel,12.9739463,77.5700295,N/A,N/A,N/A,N/A,11513421569
Brunton Heights,hotel,12.9703425,77.6145858,N/A,N/A,N/A,N/A,11518830718
Chai Gully,cafe,12.9707518,77.7077384,N/A,N/A,N/A,N/A,11519266342
Caffe Macs,cafe,12.9821284,77.5962022,N/A,N/A,N/A,N/A,11524809954
Kudlada Kitchen,restaurant,12.9694532,77.6489867,N/A,N/A,N/A,N/A,11527727219
New Barratt Hotel,restaurant,12.92346,77.6497698,N/A,N/A,N/A,N/A,11532959813
Kung Pao Town,restaurant,12.9230421,77.6497684,N/A,N/A,N/A,N/A,11532959815
Ambur Hot Dum Biryani,restaurant,12.9223989,77.6496522,N/A,N/A,N/A,N/A,11532959819
Manjunath Bar & Restaurant,bar,12.9213376,77.6496697,N/A,N/A,N/A,N/A,11532969948
HSR Juicy Cafe,cafe,12.9193616,77.6511843,N/A,N/A,N/A,N/A,11532970846
Amaravati,restaurant,12.9205921,77.6494971,24th Main Road,N/A,N/A,N/A,11533104853
Casa Fresco,restaurant,12.9206676,77.6504656,27th Main Road,+91080 4992 7445,https://casafresco.in/,N/A,11533108364
The Vijayanagar Tiffins and Coffee,restaurant,12.9158807,77.649347,N/A,N/A,N/A,N/A,11533137080
HSR Donne Biryani,restaurant,12.9146948,77.6489015,N/A,N/A,N/A,N/A,11533141769
Indian Coffee House,restaurant,12.9092366,77.6446155,N/A,N/A,N/A,N/A,11533595492
Poco A Poco,restaurant,12.9803766,77.7510212,N/A,N/A,N/A,N/A,11534769006
Sally by 1522,pub,13.0705715,77.5905475,"Yelahanka, Bengaluru, 560092",N/A,https://sallyby1522.com/,N/A,11534769007
Mykos Craft Kitchen & Bar,bar,12.8979573,77.5997833,N/A,N/A,N/A,N/A,11534777958
Orah Brew Garden,bar,13.0983166,77.5735045,"Prestige Plaza, Yelahanka New Town Road",N/A,N/A,N/A,11534777959
Pizza 4P's,restaurant,12.9700536,77.6361068,12th Main Road,+91 89519 40444,https://pizza4ps.com,N/A,11534808271
KOKO,restaurant,12.9603913,77.6479068,N/A,+91 98441 94747,https://www.kokorestaurants.com/,N/A,11534808272
Desī Masālā,restaurant,12.97995,77.5771154,Beṅgaḷūru,+91-7406324999,https://www.thedesimasala.net/GANDHI%20NAGAR.html,enquiry@thedesimasala.net,11535240176
IDC Kitchen,restaurant,12.9776114,77.5778024,"Beṅgaḷūru, 560009",N/A,https://www.idckitchen.com/,hello@idckitchen.com,11539135182
Sai Grand,restaurant,12.9790306,77.5762924,Beṅgaḷūru,+919901899080,N/A,N/A,11539135183
Yuki,restaurant,12.9804302,77.6410373,N/A,N/A,N/A,N/A,11539167044
Bharaṇi Kafe,restaurant,12.9788456,77.5794256,Beṅgaḷūru,+919243103062,N/A,N/A,11540382457
Priyadarśini,restaurant,12.9775335,77.57581,Beṅgaḷūru,+918022263793,N/A,N/A,11540382458
United Telugu Kitchens,restaurant,12.8878061,77.5624901,N/A,N/A,https://unitedtelugukitchens.com,N/A,11542230570
Vinaya Sāgar,restaurant,12.9837692,77.6083351,Beṅgaḷūru,+919900644644,N/A,N/A,11543546144
Bangalore Thindies,restaurant,12.981187,77.6042415,"Beṅgaḷūru, 560001",+919591541023,https://www.bangalorethindies.com/,N/A,11543578082
JCL,restaurant,12.9833049,77.6099837,Beṅgaḷūru,+918123112030,N/A,N/A,11543598140
Misu,restaurant,12.9704621,77.6427962,N/A,N/A,N/A,N/A,11545522273
The Kind,cafe,12.9205209,77.6850939,N/A,N/A,N/A,N/A,11553915189
Prequel,restaurant,12.9201497,77.6845796,N/A,N/A,N/A,N/A,11553915190
Punjab Grill,restaurant,12.9203248,77.6843208,N/A,N/A,N/A,N/A,11553915193
Lucky Chan,restaurant,12.9201579,77.6845381,N/A,N/A,N/A,N/A,11553915194
Mannheim Craft Brewery,pub,12.9201536,77.6850584,N/A,N/A,N/A,N/A,11553915195
Chinita,restaurant,12.9208438,77.6843738,N/A,N/A,N/A,N/A,11553915196
Kampot,restaurant,12.9206595,77.6845273,N/A,N/A,N/A,N/A,11553915197
Cafe Noir,restaurant,12.9206386,77.6849645,N/A,N/A,N/A,N/A,11553915198
Chianti,restaurant,12.9206529,77.6846507,N/A,N/A,N/A,N/A,11553915199
Sauce Code,restaurant,12.9201458,77.6849189,N/A,N/A,N/A,N/A,11553915200
Adyar Ananda Bhavan,restaurant,12.9201628,77.6846279,N/A,N/A,N/A,N/A,11553915201
South Table,restaurant,12.9207222,77.6874778,N/A,N/A,N/A,N/A,11554517078
Daily Sushi,restaurant,12.9209327,77.6874818,N/A,N/A,N/A,N/A,11554517079
Bhartiya Jalpan,restaurant,12.9207261,77.6873383,N/A,N/A,N/A,N/A,11554517081
Cafe Glocal,restaurant,12.920517,77.6874845,N/A,N/A,N/A,N/A,11554517084
Brik Oven,restaurant,12.9205327,77.6871881,N/A,N/A,N/A,N/A,11554517085
Lavonne Cafe,cafe,12.9204176,77.6868528,N/A,N/A,N/A,N/A,11554517086
Blue Tokai Coffee Roasters,cafe,12.9204516,77.6860441,N/A,N/A,N/A,N/A,11554517089
Third Wave Coffee Roasters,cafe,12.9896317,77.728403,N/A,N/A,https://cafe.thirdwavecoffee.in/coffee-cafe-bengaluru-north-bengaluru-29971/home,N/A,11555685099
Starbucks,cafe,12.9895972,77.7280808,N/A,N/A,N/A,N/A,11556692144
Lavonne,cafe,12.9897962,77.7276602,N/A,N/A,N/A,N/A,11556692146
Wine In Progress,bar,12.9584724,77.5929147,Kengal Hanumanthaiah Road,N/A,https://wip.thecourtyard.in/,N/A,11557028551
Kongsi Tea Bar,cafe,12.9273559,77.5861504,11th Main Road,N/A,N/A,N/A,11557032415
Bäcker & Charlie,cafe,12.9948602,77.6175033,Assayee Road,N/A,N/A,N/A,11557043272
Nusa,restaurant,12.9257344,77.7358523,N/A,N/A,https://www.nusabrewvilla.com/,N/A,11563901830
Devaras Restaurant,restaurant,13.0031628,77.553654,Dr. Rajkumar Road,N/A,N/A,N/A,11564416076
Blue Tokai,cafe,12.9672955,77.6367143,N/A,N/A,N/A,N/A,11564661260
Plan B,restaurant,13.0710194,77.5909062,"Yelahanka, Bengaluru, 560092",N/A,N/A,N/A,11566358594
Cafe Noir,restaurant,13.070892,77.590808,"Yelahanka, Bengaluru, 560092",N/A,N/A,N/A,11566358595
BLR Brewing Co,pub,12.982224,77.7087599,N/A,+91 8071174545,https://www.blrbrewing.com/,N/A,11575590417
Mon Cheri,restaurant,12.9780767,77.6376372,N/A,N/A,N/A,N/A,11576380624
Ouro,restaurant,12.9727753,77.606803,"Forum Rex Walk, Brigade Road, Ashok Nagar, Bangalore, 560001",+91 8951738555,https://ouro.world,N/A,11578449948
Pijja,restaurant,12.980087,77.6461181,N/A,N/A,N/A,N/A,11578469506
The Filter Coffee,restaurant,12.9626445,77.7166434,"Brookefield, Bengaluru",N/A,N/A,N/A,11583683950
The Milton St. Cafe,cafe,13.0016951,77.6236518,N/A,N/A,N/A,N/A,11584464960
Calm Down Cafe,restaurant,13.0680231,77.5791747,N/A,N/A,N/A,N/A,11594831328
Cafe Khadya,restaurant,12.9107013,77.5991351,N/A,N/A,N/A,N/A,11602938164
three dots & a dash,restaurant,12.9107288,77.5993819,N/A,N/A,N/A,N/A,11602938165
Fountain Tree,hotel,12.9107771,77.5993001,N/A,N/A,N/A,N/A,11602938166
bychance,restaurant,12.972836,77.6075385,N/A,N/A,https://www.bycchancee.com/,N/A,11609591871
Moglu,restaurant,12.9752775,77.6017783,N/A,N/A,N/A,N/A,11609850711
Le Kéne,cafe,12.9154975,77.6445918,N/A,N/A,N/A,N/A,11610336058
Baithak The Kitchen,cafe,12.9604798,77.7194142,N/A,N/A,N/A,N/A,11612699443
Greenpark Bengaluru,hotel,12.9083896,77.6010602,N/A,N/A,N/A,N/A,11617890643
Kinya Coffee,cafe,12.9052307,77.5954974,N/A,N/A,N/A,N/A,11618114056
Namma Adigas (Veg),restaurant,12.8825682,77.5466598,Kanakapura Road,N/A,N/A,N/A,11619085867
Anand Sweets,restaurant,12.8823832,77.5466504,"Kanakapura Road, Bangalore",N/A,N/A,N/A,11619096954
Cafe Coffee Day,cafe,13.0268329,77.6369701,N/A,N/A,N/A,N/A,11622375962
Hopshaus,pub,13.0192846,77.5851267,N/A,N/A,N/A,N/A,11626785030
Ambur Hot Dum Biriyani,restaurant,12.9784895,77.6299631,N/A,N/A,N/A,N/A,11630772965
PizzaExpress,restaurant,12.970314,77.6391971,N/A,N/A,N/A,N/A,11637669678
Kerala Pavilion,restaurant,12.9723216,77.6415259,N/A,N/A,N/A,N/A,11637864322
Taiki,restaurant,12.976865,77.6406884,N/A,N/A,N/A,N/A,11637864324
Gongura Grand,restaurant,12.9190532,77.6709872,N/A,N/A,N/A,N/A,11640105920
Geist Brewing Co. Hennur,pub,13.0837057,77.6442201,"Bengaluru, 560064",+918867707102,https://geist.com,N/A,11640334690
Celeb's,restaurant,12.9688174,77.7354254,N/A,N/A,N/A,N/A,11640744663
The Reservoire,pub,12.9333912,77.6222441,"Bengaluru, 560095",+919148909148,https://www.thereservoire.com,N/A,11642174955
Grasshopper,restaurant,12.8643426,77.5892945,N/A,+91 80501 65130,N/A,N/A,11644229938
Unnamed Spot,hotel,13.0352071,77.6313287,N/A,N/A,N/A,N/A,11652384369
Budweiser,bar,12.899526,77.6752508,N/A,N/A,N/A,N/A,11657341574
Sai food junction,restaurant,12.9925676,77.5921137,N/A,N/A,N/A,N/A,11658482144
The food corner,restaurant,12.9928201,77.5902016,N/A,N/A,N/A,N/A,11658802851
Talk of The Town,bar,12.9771364,77.5771411,N/A,N/A,N/A,N/A,11659529326
Chai Point,cafe,12.9307348,77.633114,N/A,N/A,N/A,N/A,11659905693
Gabru Di Chaap,restaurant,12.9309544,77.6330697,N/A,N/A,N/A,N/A,11659905694
Mini Samrat Veg,restaurant,12.9929918,77.5955337,N/A,N/A,N/A,N/A,11659995791
Pincode 24,pub,13.043986,77.6006984,N/A,N/A,N/A,N/A,11662117946
Rotana Cafe,restaurant,12.899593,77.6755634,N/A,N/A,N/A,N/A,11662768862
Indian Dum Biriyani,restaurant,12.8993376,77.6755636,N/A,N/A,N/A,N/A,11662768864
Ambur Dum Biriyani,restaurant,12.8998435,77.675559,N/A,N/A,N/A,N/A,11662768865
Chai Kada,cafe,12.8985354,77.6753954,N/A,N/A,N/A,N/A,11662811567
Pita Pocket Factory,restaurant,12.8989754,77.6761562,N/A,N/A,N/A,N/A,11664019648
Adarsh Hamilton,hotel,12.9644349,77.5982536,N/A,N/A,N/A,N/A,11665637079
LifeTree Cafe,restaurant,12.9647773,77.5986103,N/A,N/A,N/A,N/A,11665637089
Tea Time,cafe,12.9891525,77.5937198,N/A,N/A,N/A,N/A,11676514158
Hotel Fortuner Palace,hotel,12.9803053,77.5753071,N/A,N/A,N/A,N/A,11677179243
Sandhya Residency,hotel,12.9795168,77.5748096,N/A,N/A,N/A,N/A,11677179250
Kanteen,restaurant,12.9795114,77.5748405,N/A,N/A,N/A,N/A,11677179251
Hotel Nest Rooms,hotel,12.9781312,77.5751887,N/A,N/A,N/A,N/A,11677179253
Hotel Adora,hotel,12.977964,77.5752147,N/A,N/A,N/A,N/A,11677179254
Chicken County,restaurant,12.9779603,77.5752566,N/A,N/A,N/A,N/A,11677179255
Sri Kenchamba,restaurant,12.9783689,77.5760446,N/A,N/A,N/A,N/A,11677179259
Embassy Hotel,hotel,12.9783733,77.576356,N/A,N/A,N/A,N/A,11677179260
Hotel Sagar,restaurant,12.9777076,77.5753452,N/A,N/A,N/A,N/A,11677179261
Unnamed Spot,bar,12.9776633,77.5753444,N/A,N/A,N/A,N/A,11677179262
MRP Kick Tonic,bar,12.9773711,77.5754648,N/A,N/A,N/A,N/A,11681947667
Hotel Pawansree,hotel,12.9773382,77.5754024,N/A,N/A,N/A,N/A,11681984869
Amulya Veg Restaurant,restaurant,12.9766767,77.5761455,N/A,N/A,N/A,N/A,11681984873
Tushar Bar,bar,12.976119,77.5758997,N/A,N/A,N/A,N/A,11681984876
Ashok Ahaar,restaurant,12.9758159,77.5757621,N/A,N/A,N/A,N/A,11681984878
Sri Maruthi Gowdas Military Hotel,restaurant,12.9771207,77.5761475,N/A,N/A,N/A,N/A,11681984882
Salt Lake,restaurant,12.9059999,77.6126561,N/A,N/A,N/A,N/A,11683469597
Mylapore Cafe,cafe,12.9180306,77.6381771,N/A,N/A,N/A,N/A,11684016162
Royal Tandoor,restaurant,12.9367572,77.6276099,N/A,N/A,N/A,N/A,11684016166
Starbucks,cafe,12.9588501,77.7161351,N/A,N/A,N/A,N/A,11684036783
Zamam's Darbaar,restaurant,12.9776129,77.6273546,N/A,N/A,N/A,N/A,11684465147
Tierra Woods A Business Hotel,hotel,12.977412,77.6271225,N/A,N/A,N/A,N/A,11684501906
Modern Hotel,hotel,12.987215,77.5745717,N/A,N/A,N/A,N/A,11684647126
Kalyan Lodge,hotel,12.9886039,77.5743879,N/A,N/A,N/A,N/A,11684647129
Royal Biriyani,restaurant,12.9901802,77.5721599,N/A,N/A,N/A,N/A,11684647131
Party Hall Restaurant,restaurant,12.9903609,77.5719554,N/A,N/A,N/A,N/A,11684647132
Sri Ganesh Lodge,hotel,13.022564,77.552725,N/A,N/A,N/A,N/A,11684876152
Gowdru Mane Baduta,restaurant,13.0221502,77.5534251,N/A,N/A,N/A,N/A,11684876155
Vijayalakshmi Bar,bar,13.0219037,77.5535962,N/A,N/A,N/A,N/A,11684876156
Bangalore Residency,hotel,13.022011,77.553635,N/A,N/A,N/A,N/A,11684876157
Sky Inns,hotel,13.0220727,77.5536787,N/A,+91 80 2990 0315,https://www.skyinns.in,N/A,11684876158
Punjabi Tadka,restaurant,13.022188,77.5537812,N/A,N/A,N/A,N/A,11684876161
New Mangalore Hotel,restaurant,13.0222422,77.5538305,N/A,N/A,N/A,N/A,11684876162
Sri Vishnu Grand,restaurant,12.8756646,77.6707057,N/A,N/A,N/A,N/A,11688074831
Sri Krishna Foodline,restaurant,12.9753427,77.6255211,N/A,+91 95380 88881,N/A,N/A,11694166515
Kaati King,restaurant,12.9760589,77.6248726,N/A,N/A,N/A,N/A,11694188673
Samutara Restaurant,restaurant,12.9771934,77.6270227,N/A,N/A,N/A,N/A,11694248757
New Taj,restaurant,12.9772272,77.6270474,N/A,N/A,N/A,N/A,11694248758
Tashann Multicuisine Restaurant,restaurant,12.98872,77.689524,N/A,N/A,N/A,N/A,11696225388
Nagavara Social,restaurant,13.0419372,77.6196541,N/A,N/A,N/A,N/A,11696226868
Manasi Roof Top Restaurant,restaurant,12.9563372,77.6958445,Varthur Road,+91 70909 55777,N/A,N/A,11696309274
S.G.R Bar & Restaurant,bar,12.9783532,77.629448,N/A,N/A,N/A,N/A,11699311583
Desi Masala,restaurant,12.9597923,77.7160524,N/A,N/A,N/A,N/A,11701441603
MS Corner Bar & Restaurant,bar,12.978586,77.6290504,N/A,N/A,N/A,N/A,11708674467
Grill Smith,cafe,12.9608055,77.715968,N/A,N/A,N/A,N/A,11738576634
The Ventura Grand Hotel,hotel,13.054191,77.5084393,N/A,N/A,N/A,N/A,11738964998
Tibetan Mother's Kitchen,restaurant,12.9348122,77.612678,N/A,N/A,N/A,N/A,11739418608
Absolute Barbecues,restaurant,12.9188259,77.6701594,N/A,N/A,N/A,N/A,11752296520
JP Nagara Social,restaurant,12.9061758,77.5805046,"Outer Ring Road, JP Nagar, Bangalore, 560078",N/A,N/A,N/A,11754772661
Thelagram,restaurant,12.905666,77.6012072,N/A,N/A,N/A,N/A,11757924267
IDC Kitchen,restaurant,12.9057693,77.6012005,N/A,N/A,N/A,N/A,11757924268
URU Brewpark,pub,12.9057288,77.6009323,N/A,N/A,N/A,N/A,11758069169
Daily Bakehouse,cafe,12.9313963,77.6234718,7th Cross Road,N/A,https://dailybakehouse.in,N/A,11758608876
Just Loaf,restaurant,12.9313462,77.6234605,7th Cross Road,N/A,https://justloaf.in,N/A,11758608877
Fiero Pizza,restaurant,12.9375779,77.6191715,N/A,N/A,N/A,N/A,11770650943
The Belstreet,cafe,13.0300772,77.5705291,"New BEL Road, Bengaluru, 560054",08041678314,https://www.thebelstreet.com/,N/A,11770974408
Bong Connection,restaurant,13.0301991,77.562353,N/A,07259540540,N/A,N/A,11771063155
Ishaara,restaurant,13.0709551,77.5905318,"Yelahanka, Bengaluru, 560092",N/A,N/A,N/A,11777585622
Karigari,restaurant,13.0711653,77.5904409,"Yelahanka, Bengaluru, 560092",N/A,https://karigariindia.com/,N/A,11777585623
Plaka,restaurant,13.0711299,77.5905713,"Yelahanka, Bengaluru, 560092",N/A,https://linktr.ee/PlakaByChefAjayChopra,N/A,11777585624
Cafe Reset,cafe,12.9376205,77.6243795,N/A,N/A,N/A,N/A,11780212783
Jamie Oliver Kitchen,restaurant,12.9702907,77.6393544,12th Main Road,N/A,N/A,N/A,11786003993
The Spice Studio,restaurant,12.9664148,77.7141709,N/A,N/A,N/A,N/A,11786373294
Thalassery Restaurant,restaurant,12.9073172,77.5639625,N/A,N/A,N/A,N/A,11794856453
Namm Kannada,cafe,12.9080228,77.5639733,N/A,N/A,N/A,N/A,11794875010
Maa Vindhu Bhojanam,restaurant,12.973613,77.7154411,N/A,N/A,N/A,N/A,11799139352
Cafe 19,cafe,12.9736162,77.7150663,N/A,N/A,N/A,N/A,11799139355
Third Wave Coffee Roasters,cafe,12.8917881,77.583915,N/A,N/A,N/A,N/A,11799677685
Evo World Veg Cuisine,restaurant,12.9262135,77.5778452,N/A,N/A,N/A,N/A,11799695219
House of Commons,pub,13.0983851,77.5735959,N/A,N/A,N/A,N/A,11803716025
Bastian,restaurant,12.9697995,77.6000632,"St. Mark's Road, Shanthala Nagar, Bengaluru, 560001",N/A,https://bastianhospitality.com/,N/A,11803799804
Daily Sushi,restaurant,13.0418236,77.6194368,N/A,N/A,N/A,N/A,11811087970
Bombay Curry House,restaurant,13.0418536,77.6196474,N/A,N/A,N/A,N/A,11811087971
Biergarten Brewery & Kitchen,pub,12.9298982,77.6854473,N/A,N/A,N/A,N/A,11811087974
Radio Bar,restaurant,12.9206281,77.6860481,N/A,+91 76194 36750,N/A,N/A,11811087975
Mr. Philly's American Cheeseburgers,restaurant,12.9506397,77.6999903,N/A,N/A,N/A,N/A,11811087976
The Fisherman's Wharf,restaurant,13.0795514,77.59238,N/A,N/A,N/A,N/A,11817854570
Udupi Grand,restaurant,12.9470569,77.7181742,N/A,N/A,N/A,N/A,11818132206
F Square Cafe,cafe,12.9513581,77.7174326,N/A,N/A,N/A,N/A,11818132233
Teaday,cafe,12.953912,77.7182615,N/A,N/A,N/A,N/A,11818142869
Unnamed Spot,cafe,13.121056,77.6121104,N/A,N/A,N/A,N/A,11819543689
Unnamed Spot,cafe,13.0013403,77.6235811,N/A,N/A,N/A,N/A,11822465878
The Thali House,restaurant,12.966127,77.7334534,N/A,N/A,N/A,N/A,11826962961
Chowki,restaurant,12.9688836,77.7354394,N/A,N/A,N/A,N/A,11826963019
Slounge,bar,12.9723641,77.7178684,N/A,N/A,N/A,N/A,11829570232
Chaklivan,cafe,12.9653469,77.7197166,N/A,N/A,N/A,N/A,11832523169
Zamorins,restaurant,12.9653044,77.7192995,N/A,N/A,N/A,N/A,11832523188
The Modak,restaurant,12.9217918,77.6653251,N/A,N/A,N/A,N/A,11835382817
Velvette,hotel,12.9259511,77.6770405,N/A,N/A,N/A,N/A,11836733632
Nagarjuna,restaurant,12.9245134,77.672771,N/A,N/A,N/A,N/A,11836739201
Third Wave Coffee Roasters,cafe,12.909966,77.6378373,"14th Main Road, Bangalore, 560102",+917349791061,https://www.thirdwavecoffeeroasters.com/,N/A,11836983254
Dharmik Veg,restaurant,12.9993695,77.6160179,N/A,N/A,N/A,N/A,11853276286
Raidan Restuarant,restaurant,12.9974892,77.6143806,N/A,N/A,N/A,N/A,11853327828
Sharief Bhai,restaurant,12.9969083,77.6139947,N/A,N/A,N/A,N/A,11853327835
Iftar Restaurant,restaurant,12.9992932,77.6157895,N/A,N/A,N/A,N/A,11853329077
Oh! Perch,restaurant,12.9976512,77.6148873,N/A,N/A,N/A,N/A,11853338971
Arabian Mataan,restaurant,13.0005676,77.6177086,N/A,N/A,N/A,N/A,11853708686
Namma Dosa,restaurant,12.9986449,77.6179603,N/A,N/A,N/A,N/A,11853708706
New Delicacy,restaurant,12.9985669,77.6179429,N/A,N/A,N/A,N/A,11853708707
Chaayos,cafe,13.0595575,77.5875065,N/A,N/A,N/A,N/A,11865663531
Starbucks,cafe,13.0601781,77.5876486,N/A,N/A,N/A,N/A,11865663544
Eleven Bakehouse,cafe,13.0115415,77.5553607,N/A,N/A,N/A,N/A,11868811425
Hypons Hotel,hotel,12.925273,77.6345868,"1st cross, 1st block Koramangala",N/A,N/A,N/A,11869110972
Sri Udupi Swaad,restaurant,12.9708631,77.7070089,N/A,N/A,N/A,N/A,11871599802
Howard Johnson By Wyndham,hotel,13.0446641,77.6264389,N/A,N/A,N/A,N/A,11878470074
Sunrise Cafe,cafe,12.9524277,77.5153725,N/A,N/A,N/A,N/A,11881863386
"Sherlock's Lounge & Kitchen, Nagarbhavi",pub,12.9583032,77.5191866,N/A,N/A,N/A,N/A,11881863435
Paakashala Heritage,restaurant,12.9038928,77.5307716,"Rajarajeshwari CMC, Sri BL Lekkegowda Nagara The Bharath Housing Co Operative, Society Ltd, Uttarahalli Hobli, Bengaluru, 560061",08867302229,https://paakashala.com/,N/A,11885861242
Chaayos,cafe,12.9113077,77.6382804,N/A,N/A,N/A,N/A,11896574561
Wagh Bakri Tea Lounge,cafe,12.9113468,77.6382558,N/A,N/A,N/A,N/A,11896574562
Mani's Dum Biryani,restaurant,12.9147527,77.6384114,N/A,N/A,N/A,N/A,11896581674
New Light Suites,hotel,12.9995618,77.6766252,N/A,N/A,N/A,N/A,11896618319
Udupi Aaradhya,restaurant,12.9996529,77.6766093,N/A,N/A,N/A,N/A,11896623367
Sindhoora Gardenia,restaurant,12.9996515,77.6765418,N/A,N/A,N/A,N/A,11896623368
Coco's,bar,12.9752985,77.6042445,Church Street,N/A,N/A,N/A,11897080273
Easy Tiger,pub,12.9743666,77.6072198,Church Street,N/A,N/A,N/A,11897302869
Tea Time,cafe,12.9966271,77.5680009,N/A,N/A,N/A,N/A,11897959731
Crazy Bites,cafe,13.007032,77.5692771,N/A,N/A,N/A,N/A,11897969904
Sri Rajrajeshwari Iyer Mess,restaurant,13.0066759,77.5692942,N/A,N/A,N/A,N/A,11897971010
Sarvam Upahara,restaurant,13.0024329,77.5711746,N/A,N/A,N/A,N/A,11897978431
Udupi Gardens,restaurant,12.9977364,77.5715142,N/A,N/A,N/A,N/A,11898009853
Krishna Vaibhava,restaurant,12.967247,77.5356517,N/A,N/A,N/A,N/A,11898624845
Susswadu,restaurant,12.9231919,77.6712011,N/A,N/A,N/A,N/A,11903122244
Chimi's,restaurant,12.9217411,77.6452006,N/A,N/A,N/A,N/A,11903125908
Mandya Cafe,cafe,12.9595766,77.535977,N/A,N/A,N/A,N/A,11904042865
Malgudi Amrutha Chaha,cafe,12.8816697,77.5506451,"Swamy Vivekanandha Road, Doddakallasandra, 560062",N/A,N/A,N/A,11913147716
Tuk Tuk Thai,restaurant,12.9333446,77.6223642,560095,+91 080 48526265,https://www.tuktukthai.in/,tuktukthai.blr@gmail.com,11915646724
Sozo Skyline,restaurant,12.9746977,77.5970538,N/A,N/A,N/A,N/A,11921199878
Lucky Chan,restaurant,12.8876535,77.5626484,"Kanakapura Road, Konanakunte, Bangalore",N/A,https://luckychan.dotpe.in/,N/A,11921216772
Dolcé Café,cafe,13.126186,77.5914442,N/A,N/A,N/A,N/A,11932427984
IKEA Restaurant,restaurant,13.0488907,77.5004202,N/A,N/A,N/A,N/A,11933068755
Ishtaa,restaurant,12.9289467,77.5814326,"30th Cross Road, Jayanagar, Bengaluru, 560011",N/A,https://www.ishtaa.in/,hello@ishtaa.in,11935136814
idylll,restaurant,12.9705013,77.6447301,N/A,N/A,N/A,N/A,11939689177
Ravi Bar and Restaurant,bar,12.9502373,77.5268567,N/A,N/A,N/A,N/A,11942373757
Sri Udupi Park Cafe,restaurant,12.9557242,77.6979149,N/A,N/A,N/A,N/A,11944331744
Nandha Palace,restaurant,13.0596175,77.5926342,N/A,N/A,N/A,N/A,11949229012
Royal Chef Biriyani RCB,restaurant,13.0592363,77.5913196,N/A,N/A,N/A,N/A,11949230567
Bhubaneswari Hotel,restaurant,13.0590635,77.5928484,N/A,N/A,N/A,N/A,11949236065
Hotel Lasara,restaurant,13.0595771,77.5926555,N/A,N/A,N/A,N/A,11949236364
The Punjabi Rasoi - Authentic Punjabi Khana,restaurant,13.0576217,77.5893868,N/A,N/A,N/A,N/A,11949241901
Cubbonpete Donne Biriyani,restaurant,13.0589986,77.5914909,N/A,N/A,N/A,N/A,11949298717
Hotel Jagannath,restaurant,13.0593638,77.5928984,N/A,N/A,N/A,N/A,11949298723
Kadal Machili,restaurant,13.0593628,77.5927727,N/A,N/A,N/A,N/A,11949298724
Oyo Sri Sai Guru Comforts,hotel,13.0591987,77.5925501,N/A,N/A,N/A,N/A,11949300810
New Punjabi Pure Veg Restaurant,restaurant,13.058578,77.5915142,N/A,N/A,N/A,N/A,11949301163
Udupi Veg,restaurant,13.0588947,77.5929577,N/A,N/A,N/A,N/A,11949302143
Hotel Raanga,restaurant,13.0589242,77.5924612,N/A,N/A,N/A,N/A,11949307490
Ambur Dum Biryani,restaurant,13.0587704,77.5914148,N/A,N/A,N/A,N/A,11949307907
Shri Manjunatha Upahara,restaurant,13.0573975,77.5909347,N/A,N/A,N/A,N/A,11949308094
Ajji Hotel,restaurant,13.0590516,77.5927236,N/A,N/A,N/A,N/A,11949309245
Balaji Gowdru Hotel,restaurant,13.0574417,77.5904539,N/A,N/A,N/A,N/A,11949312465
Udupi Aatithya,restaurant,13.0601933,77.5873812,N/A,N/A,N/A,N/A,11949313695
Hello Indore,restaurant,13.0595123,77.5929942,N/A,N/A,N/A,N/A,11949316302
Disha Hyderabad Irani Tea,cafe,13.0590116,77.5929348,N/A,N/A,N/A,N/A,11949322577
DJ Bar And Family Restaurant Pub,pub,13.0598763,77.5937633,N/A,N/A,N/A,N/A,11949328643
Pitambara Restaurant,restaurant,13.0590645,77.5925304,N/A,N/A,N/A,N/A,11949332175
Manju Bar & Restaurant,bar,13.057582,77.5897089,N/A,N/A,N/A,N/A,11949332176
Shaambhavi,restaurant,13.0592673,77.5924667,N/A,N/A,N/A,N/A,11949336568
Omega IX,bar,13.0600088,77.5926696,N/A,N/A,N/A,N/A,11949344369
Kritunga Restaurant And Take Awa,restaurant,13.0593147,77.5931056,N/A,N/A,N/A,N/A,11949347826
Mangalore Military Hotel,restaurant,13.0575915,77.5894655,N/A,N/A,N/A,N/A,11949350695
Beijing Bites,restaurant,13.0604981,77.5875519,N/A,N/A,N/A,N/A,11949351187
fika sip savor,cafe,13.0602384,77.5878403,N/A,N/A,N/A,N/A,11949351190
BubLee,cafe,13.0600394,77.5876573,N/A,N/A,N/A,N/A,11949351191
We Neighborhood Banaswadi,pub,13.0016791,77.6327085,"Banaswadi Road, Bangalore, 560033",N/A,https://weneighborhood.in/,N/A,11953259366
Sri Sai Suites,hotel,12.8908703,77.6060528,"Bengaluru, 560076",07899561261,https://www.treebo.com/hotels-in-bangalore/sri-sai-suites-churned-bannerghatta-main-road-2462/,N/A,11957603596
Sri Laksmi Upahara,restaurant,12.891759,77.6059942,4th Cross,08197750435,N/A,N/A,11957613931
Brahmin Tiffins and Coffee,restaurant,12.8918045,77.6064435,N/A,07975356028,N/A,N/A,11957620951
Sharief Bhai's,restaurant,12.9191947,77.6686389,N/A,+91 8095752222,https://www.shariefbhai.com/,customercare@shariefbhai.com,11962404393
The Living Room,cafe,12.9737711,77.6092416,N/A,N/A,N/A,N/A,11962616017
Shiv Sagar,restaurant,12.9744579,77.6095119,"Mahatma Gandhi Road, 560001",08041251493,N/A,N/A,11962616019
Galatta,restaurant,12.915076,77.6491414,N/A,N/A,N/A,N/A,11964861618
Mäki Pâtisserie,cafe,12.9667996,77.6373194,11th Cross Road,N/A,https://airmenus.in/makipatisserie/,N/A,11968716837
Bunny Bar,bar,12.9331176,77.6307088,"80 Feet Road, Koramangala, Bengaluru, 560034",N/A,N/A,N/A,11968859178
Eating Love,restaurant,12.9193602,77.5838613,"9th Main Road, Jayanagar, Bengaluru, 560041",N/A,https://eatinglove.co.in/,N/A,11968859179
Roastea,cafe,12.9357945,77.6280548,"80 Feet Road, Koramangala, Bengaluru, 560034",N/A,https://roastea.in/,N/A,11968859180
Ouzo by Fire,restaurant,12.9771689,77.6406725,"100 Feet Road, Indiranagar, Bengaluru, 560038",N/A,N/A,N/A,11968859185
Ithaca,cafe,12.9659664,77.5987275,N/A,N/A,N/A,N/A,11975333361
Unnamed Spot,bar,12.9982738,77.5816375,N/A,N/A,N/A,N/A,11982395423
Shift,bar,12.9118361,77.6388316,N/A,N/A,N/A,N/A,11982451439
North Star,cafe,12.9117555,77.6389783,N/A,N/A,N/A,N/A,11982451441
Kesari,restaurant,12.9118007,77.639029,N/A,N/A,N/A,N/A,11982451442
Sendhoor Coffee,restaurant,12.9106707,77.6326678,N/A,N/A,N/A,N/A,11984487708
Nammura Banasiga,restaurant,12.9179361,77.6378442,"13th Cross Road, Teacher's Colony 5th Sector, Opposite Arogya Ahar takeaway, Jakkasandra, 1st Block Koramangala, HSR Layout, Bengaluru, 560034",N/A,N/A,N/A,11984519420
Ramans cafe,restaurant,13.0208994,77.6287709,N/A,N/A,N/A,N/A,11990146056
Chulha Chauka Da Dhaba,restaurant,13.0121339,77.5541881,N/A,N/A,N/A,N/A,11993660916
California Burrito,restaurant,13.0118452,77.5550008,N/A,N/A,N/A,N/A,11993660922
Konkan Express,restaurant,13.0221896,77.5509196,N/A,N/A,N/A,N/A,11998178511
Dakshin Delicacy,restaurant,13.0318753,77.5337721,N/A,N/A,N/A,N/A,11998178513
Asha Tiffins,restaurant,12.9515867,77.7155866,N/A,+917406960748,N/A,N/A,11998838055
natuf,cafe,12.9691458,77.6361275,N/A,N/A,https://natuf.in/,N/A,12009009947
Starbucks,cafe,13.0266801,77.5448613,N/A,N/A,N/A,N/A,12017326334
Daysie,restaurant,12.9331882,77.5167967,"Kenchenahalli Main Road, Rajarajeshwari Nagar, Bangalore, 560098",N/A,https://daysie.in/,N/A,12018176333
God's own cafe,restaurant,12.9371283,77.6143212,4th cross 7th block,N/A,N/A,N/A,12020411693
Sanchez,restaurant,13.0416067,77.6196259,N/A,+91 96060 71430,N/A,N/A,12020449758
Sublime House of Tea,cafe,12.9857937,77.5877686,"Prestige Trade Tower, Palace Road, Sampangi Rama Nagar, Bengaluru, 560001",N/A,N/A,N/A,12022437803
Zed The Baker,cafe,12.9857221,77.5879276,"Prestige Trade Tower, Palace Road, Sampangi Rama Nagar, Bengaluru, 560001",N/A,N/A,N/A,12022437804
Starbucks,cafe,12.9859481,77.5879172,"Prestige Trade Tower, Palace Road, Sampangi Rama Nagar, Bengaluru, 560001",N/A,N/A,N/A,12022437805
Mahe Global Kitchen,restaurant,12.9336933,77.622146,N/A,N/A,N/A,N/A,12030715034
Woody's,hotel,12.9164559,77.5914845,N/A,N/A,N/A,N/A,12031661012
Olive by Embassy Group,hotel,12.9172625,77.6089283,N/A,N/A,N/A,N/A,12031695719
The Caffeine Baar,cafe,12.9163712,77.5928203,South End C Cross,N/A,https://www.thecaffeinebaar.com,N/A,12035150490
Herbs & Spices,restaurant,12.9622752,77.7488416,N/A,+91 9036691010,https://www.herbsnspices.in/,info@herbsnspices.in,12037752775
64 Chai Bar,cafe,13.0935394,77.5894775,N/A,N/A,N/A,N/A,12040206066
Ayutthaya cuisines of India,restaurant,12.9326835,77.6137535,N/A,N/A,N/A,N/A,12041051350
Kannu Ki Chai,cafe,12.9328303,77.6139704,N/A,N/A,N/A,N/A,12041067182
23rd Street Pizza,restaurant,12.9680561,77.6071899,"Castle Street, Ashok Nagar, Bengaluru, 560025",+91 99028 66933,N/A,N/A,12041924140
The Secret Garden,restaurant,12.9775379,77.6968009,Ferns City Road,N/A,N/A,N/A,12046469616
Bob's Bar,pub,13.019548,77.6435611,N/A,N/A,N/A,N/A,12046492133
Starbucks,cafe,13.019331,77.6430305,N/A,N/A,N/A,N/A,12046492140
Chai Point,cafe,12.970242,77.6999922,Outer Ring Road,N/A,N/A,N/A,12048666409
The Ramanatheswaram Cafe,restaurant,12.9518751,77.7002187,N/A,N/A,N/A,N/A,12049142299
Bunnies Burgers Cafe,cafe,12.9606348,77.7140928,N/A,N/A,N/A,N/A,12050446746
Patil Katta,cafe,12.9612928,77.7135052,N/A,N/A,N/A,N/A,12050458112
Thyme - Wood Fired Pizzeria,restaurant,12.9626893,77.7132234,N/A,N/A,N/A,N/A,12050465123
Reside Inn,hotel,12.9611744,77.7134635,N/A,N/A,N/A,N/A,12050484498
Sendhoor Coffee,cafe,12.9644198,77.7155567,N/A,N/A,N/A,N/A,12050487262
Wonder Stay Suite Rooms,hotel,12.9642942,77.7150513,N/A,N/A,N/A,N/A,12050487426
Irani Chai,cafe,12.9674862,77.7143414,N/A,N/A,N/A,N/A,12050490633
Ira Cafe,cafe,12.966213,77.7145165,N/A,N/A,N/A,N/A,12050490642
Teaday,cafe,12.9658149,77.7145317,N/A,N/A,N/A,N/A,12050490648
Thalassery Cafe,restaurant,12.961768,77.7168971,N/A,N/A,N/A,N/A,12050499481
The Noodle Theory,restaurant,12.9633833,77.7097519,N/A,N/A,N/A,N/A,12050531246
blrpods.com,hotel,12.9623355,77.7165652,N/A,+91 72051 75999,N/A,N/A,12050533224
Kebarbiq,restaurant,12.9624578,77.7166665,N/A,N/A,N/A,N/A,12050535773
Soya Chaap Restaurant,restaurant,12.8846746,77.5912603,N/A,N/A,N/A,N/A,12050701169
Absolute Barbecues,restaurant,12.9164193,77.6047377,N/A,N/A,N/A,N/A,12051379643
Secrets Of Bengaluru,cafe,12.9092956,77.5275152,N/A,N/A,N/A,N/A,12051383426
Ramji Chaiwale,cafe,12.9674667,77.5999201,Residency Road,N/A,N/A,N/A,12051506508
Sanjay Punjabi Dhaba,restaurant,13.0577588,77.595066,N/A,N/A,N/A,N/A,12052440875
RRR Royal Gardenia,restaurant,13.0578649,77.5949142,N/A,N/A,N/A,N/A,12052440876
Bellandur Social,restaurant,12.9377734,77.6946701,"Outer Ring Road, Kadubeesanahalli, Bangalore, 560103",N/A,N/A,N/A,12057058306
Bluebrick Cafe,cafe,13.09534,77.5887241,N/A,N/A,N/A,N/A,12057310851
Prakyathi,hotel,13.0970123,77.5880556,N/A,N/A,N/A,N/A,12057341778
Swathi Vaibhav,restaurant,13.0936159,77.5827842,N/A,N/A,N/A,N/A,12058675625
Kopitiam Lah,cafe,12.9698254,77.6380772,"12th Main Road, Indiranagar, Bengaluru, 560008",+91 72595 43888,https://www.kopitiamlah.com/,hello@kopitiamlah.in,12059584769
Vanamo,restaurant,12.9732039,77.6414403,"100 Feet Road, Indiranagar, Bengaluru, 560008",N/A,https://vanamo.in/,N/A,12059625405
Sri Shakthi Condiments,cafe,12.9550804,77.5655815,6th main road,N/A,N/A,N/A,12060775542
Roma Italian Deli,restaurant,12.9340508,77.6196507,N/A,N/A,N/A,N/A,12061239754
Jimi's,pub,12.9702381,77.6385178,12th Main Road,N/A,N/A,N/A,12061267354
Toro Brew House & Kitchen Zozo,pub,13.0315097,77.577408,"Sanjay Nagar Main Road, Sanjay Nagar, Bengaluru, 560094",+91 9900005230,N/A,N/A,12064153963
Mezzaluna,restaurant,12.9779654,77.6357116,N/A,N/A,N/A,N/A,12067307829
Bhartiya Jalpan,restaurant,12.9816919,77.6095569,"Commercial Street, Shivajinagar, Bengaluru, 560001",N/A,N/A,N/A,12067529110
Coffee Stories,cafe,12.8870224,77.5819791,N/A,N/A,N/A,N/A,12069343569
La Gioia,restaurant,12.9697917,77.6383974,"12th Main, Indiranagar, Bengaluru, 560008",N/A,N/A,N/A,12075133356
Tea Lounge Cafe,cafe,12.967035,77.6089891,N/A,N/A,N/A,N/A,12078138003
Cafe Zubaan,restaurant,12.9408051,77.6241773,N/A,N/A,N/A,N/A,12078376833
An Te Ra,restaurant,12.9471553,77.6991682,N/A,N/A,N/A,N/A,12078774435
The Fixx Bar,bar,12.9322948,77.6316027,N/A,N/A,N/A,N/A,12083603347
Dialogues Cafe,cafe,12.9325502,77.6318589,N/A,N/A,N/A,N/A,12083603348
Helloo Dilli,cafe,12.931798,77.632117,N/A,N/A,N/A,N/A,12083603349
Thai Basil,restaurant,12.9313995,77.6329049,N/A,N/A,N/A,N/A,12083603354
Soda Factory,restaurant,12.9580734,77.4875539,N/A,+91 97394 77877,https://thesodafactory.in/,N/A,12087229011
Paper & Pie,cafe,12.9207133,77.6871884,N/A,N/A,N/A,N/A,12088164538
Muthashy's Restaurant,restaurant,12.9207693,77.6132181,N/A,N/A,N/A,N/A,12088455650
Burma Burma,restaurant,13.0109686,77.5554054,"Upper Ground Floor, Orion Mall, Dr. Rajkumar Road, Rajajinagar, Bangalore, 560055",N/A,N/A,N/A,12088583359
Raj Cafe,cafe,12.9078709,77.4769832,N/A,N/A,N/A,N/A,12089839615
Hustle,cafe,12.9090973,77.6425409,N/A,N/A,N/A,N/A,12093192395
Si Nonna's,restaurant,12.9062386,77.5788939,"Outer Ring Road, JP Nagar, Bengaluru, 560078",+91 9653423631,https://sinonnas.com/,N/A,12094543106
The Bangalore Cafe,cafe,12.9615765,77.5946056,N/A,N/A,N/A,N/A,12101659685
In Wok,restaurant,12.9654191,77.6027516,N/A,N/A,N/A,N/A,12101709440
Suay,cafe,12.906053,77.5890997,"Outer Ring Road, JP Nagar, Bengaluru, 560078",+91 8884552022,https://www.suay.co.in/,cafesuay@gmail.com,12102862215
Take A Break,cafe,12.906036,77.5889428,N/A,N/A,N/A,N/A,12102862216
The Palms Brew & Kitchen,pub,12.8963113,77.5810732,N/A,N/A,N/A,N/A,12102864716
Maize & Malt,pub,12.9954315,77.7009639,N/A,N/A,N/A,N/A,12102880986
Street Storyss,restaurant,12.9727001,77.6069156,"Forum Rex Walk, Brigade Road, Ashok Nagar, Bangalore, 560001",N/A,N/A,N/A,12102883179
Zarf,restaurant,12.9890519,77.7301303,N/A,N/A,N/A,N/A,12102898478
Deliciae,cafe,12.966625,77.6483403,N/A,N/A,https://orders.delcakes.in/blr_catalog,N/A,12102958394
Srinivasa Bar & Restaurant,bar,12.9991112,77.5781651,N/A,N/A,N/A,N/A,12103968909
Cake Kafe,cafe,13.0011822,77.629166,N/A,N/A,N/A,N/A,12103968912
Belgian Waffle Factory,cafe,12.9951282,77.6143536,N/A,N/A,N/A,N/A,12103968916
Roti Kulcha aur Naan,restaurant,12.919647,77.6506868,"7th Cross, 27th Main Road, Sector 1 HSR Layout, Bengaluru, 560102",+917084523774,N/A,N/A,12105836712
Upahar Kerala Mess,restaurant,12.9259496,77.6778517,N/A,N/A,N/A,N/A,12106298501
Bottle Breacher Bar,bar,12.9060614,77.5930541,"Outer Ring Road, Bengaluru, 560078",N/A,N/A,N/A,12106532161
Neon Market,cafe,12.9727674,77.6397586,N/A,N/A,https://neon.market/,N/A,12107634725
Nom Nom,restaurant,12.920914,77.6871755,N/A,N/A,N/A,N/A,12109666322
Onesta,restaurant,12.9333297,77.6310562,"80 Feet Road, 560034",N/A,N/A,N/A,12115149768
Cafe OTW On The Way,cafe,12.9295347,77.6308153,"7th Cross Road, 560034",N/A,N/A,N/A,12115251881
Ananya Comforts,hotel,12.9295732,77.631965,"7th Cross Road, 560034",N/A,N/A,N/A,12115251885
Kaffe 399,cafe,12.9295262,77.6319228,"7th Cross Road, 560034",N/A,N/A,N/A,12115251886
Belgian Waffle,cafe,12.9305861,77.6331696,"80 Feet Road, 560034",N/A,N/A,N/A,12115251889
Hotel MLV Grand,restaurant,13.0681719,77.5303835,N/A,N/A,N/A,N/A,12116561075
Los Cavos,restaurant,12.9699586,77.6410247,12th Main Road,+91 96202 07743,N/A,N/A,12116713302
India Chai,cafe,12.9734731,77.6073186,N/A,N/A,N/A,N/A,12118862838
Ghee Roast Company,restaurant,12.9754132,77.6023491,N/A,N/A,N/A,N/A,12118862842
Kazan Japanese Ramen,restaurant,12.9758297,77.6020658,N/A,N/A,N/A,N/A,12118862843
Third Wave Coffee,cafe,12.9717772,77.5958246,N/A,N/A,N/A,N/A,12119590183
The Kind,cafe,12.9702072,77.6448025,"12th Main Road, Indiranagar, Bengaluru, 560038",+91 9035045328,https://thekindindia.com/,thekindindia@gmail.com,12119612607
Navathanyam,restaurant,12.966624,77.6369819,"3rd Cross Road, Indiranagar, Bengaluru, 560071",N/A,https://navathanyam.com/,N/A,12122128698
Tinytalian,restaurant,12.9128766,77.6536551,N/A,N/A,N/A,N/A,12129014444
Olive Street Food Cafe,restaurant,12.9127014,77.6531643,N/A,N/A,N/A,N/A,12129014445
Roastea,cafe,13.0247795,77.639721,N/A,N/A,https://roastea.in/,N/A,12129014446
The Peck,cafe,12.9408358,77.6202589,N/A,N/A,N/A,N/A,12129019639
Urban Dyne,restaurant,12.91247,77.7129024,N/A,N/A,N/A,N/A,12129019644
Tipsy Bull Brewhouse And Kitchen,pub,12.9886154,77.7103409,N/A,N/A,https://tipsybull.com/,N/A,12129019645
PI - Lounge Bar,restaurant,12.9263468,77.6828992,N/A,N/A,N/A,N/A,12129019646
Botany Brew and Kitchen,restaurant,12.9746519,77.5970726,"Kasturba Road, Shanthala Nagar, Bengaluru, 560001",N/A,https://www.botanyblr.com,N/A,12129019647
Blue Tokai Coffee Roasters,cafe,13.014757,77.5559168,"WTC Annexe, Dr. Rajkumar Road, Bengaluru, 560055",N/A,N/A,N/A,12129019648
Kailash Parbat,restaurant,12.9858573,77.7081566,"Bengaluru, 560048",N/A,https://www.zomato.com/bangalore/kailash-parbat-whitefield-bangalore,N/A,12135425985
Bel Air,hotel,12.9568542,77.7091393,N/A,N/A,N/A,N/A,12136228099
Nahdi Mandi,restaurant,12.920774,77.6201642,N/A,N/A,N/A,N/A,12144440751
Eyrie Nest,hotel,12.9207294,77.620094,N/A,N/A,N/A,N/A,12144440752
Bootstrapped Cafe,cafe,12.9730151,77.6155463,N/A,N/A,N/A,N/A,12145301107
Malnad Spicy,restaurant,12.9573524,77.7008566,N/A,N/A,N/A,N/A,12145301108
Cooking Mum,restaurant,12.9211418,77.6871693,N/A,N/A,N/A,N/A,12145301109
The Bench,restaurant,12.9623762,77.7165261,N/A,N/A,N/A,N/A,12145301110
Runway 27,restaurant,12.9501965,77.6899474,N/A,N/A,N/A,N/A,12145301146
Frenzy Taproom,pub,12.95141,77.6992928,N/A,N/A,N/A,N/A,12145301147
Tovo,restaurant,12.9806604,77.6410844,N/A,N/A,N/A,N/A,12145301148
Chin Lung Brewery,pub,12.9692698,77.6416694,N/A,N/A,N/A,N/A,12145301149
CR Tavern Bar & Kitchen,restaurant,12.9576909,77.6415798,N/A,N/A,N/A,N/A,12145301178
Ajji House by Subko,cafe,12.9584959,77.5927545,"Kengal Hanumanthaiah Road, Shantinagar, Bengaluru, 560027",N/A,https://www.subko.coffee,N/A,12149279048
The Pizza Bakery,restaurant,13.0275983,77.5748627,N/A,N/A,N/A,N/A,12149544732
Muraamba,restaurant,12.9633754,77.7096873,N/A,N/A,N/A,N/A,12150868662
The Filter Coffee,restaurant,12.9337842,77.6224798,"Koramangala, Bengaluru",N/A,N/A,N/A,12155310940
Muru Muru,cafe,12.9821836,77.6378462,"12th Cross Road, Indiranagar, Bengaluru, 560038",N/A,N/A,N/A,12157006659
Izanagi,restaurant,12.9811678,77.6404826,100 Feet Road,N/A,N/A,N/A,12158796350
Samskruthi Sathkara,restaurant,12.9030499,77.5859107,N/A,N/A,N/A,N/A,12161544267
Shanthi Rooms,hotel,12.9443025,77.5973,N/A,N/A,N/A,N/A,12162043357
Dindigul Ponram,restaurant,12.9393477,77.6192653,N/A,N/A,N/A,N/A,12162201547
The Porch Inn,hotel,12.9446454,77.5967137,N/A,N/A,N/A,N/A,12162759792
Take Off,bar,12.9610487,77.5281158,N/A,N/A,N/A,N/A,12163674586
Dum Durrust,restaurant,12.9725933,77.7009999,N/A,N/A,N/A,N/A,12164756014
Kuttanad Restaurant,restaurant,12.9370365,77.6196493,N/A,N/A,N/A,N/A,12164866909
Saaras Café,restaurant,12.9364604,77.6166936,N/A,N/A,N/A,N/A,12164866913
Varaha Cafe,restaurant,12.9674645,77.6066197,N/A,N/A,N/A,N/A,12164901532
Sandhya Veg,restaurant,12.9489708,77.5979648,N/A,N/A,N/A,N/A,12168445592
The Bier Library,pub,12.9084624,77.6885618,"Sarjapur Main Rd, 560035",N/A,https://www.thebierlibrary.in/,connect@frothytales.com,12168564053
North Rasoi,restaurant,12.9949316,77.6970521,N/A,N/A,N/A,N/A,12174714926
Restaurant Chef Pillai,restaurant,12.9949545,77.6972062,"Whitefield Road, Bengaluru, 560048",+91 8943150000,https://chefpillai.com/,N/A,12174714927
Swad authentic kerala restaurant,restaurant,13.0708682,77.5781591,"Canara bank layout, Rajiv Gandhi nagar",N/A,N/A,N/A,12175883071
Gully Coffee Roasters,cafe,12.9331657,77.6139128,"4th B Cross Road, 560034",N/A,N/A,N/A,12178338601
Shokudo Select,restaurant,13.0128114,77.6483893,N/A,+91 7019013088,https://shokudo.in/,info@shokudo.in,12178421101
Toit ORR East,pub,12.9808974,77.6967931,"Mahadevapura, Bengaluru, 560048",N/A,https://toit.in/,toitblr@toit.in,12181461728
Hotel Thirthahalli,restaurant,12.9181213,77.6447317,N/A,N/A,N/A,N/A,12201302000
Dexter's,restaurant,12.9219357,77.651361,N/A,N/A,N/A,N/A,12201302114
Cuppa Redifined,cafe,12.9119751,77.6323279,N/A,N/A,N/A,N/A,12205299937
Royal Keys,hotel,12.9644249,77.7157354,N/A,N/A,N/A,N/A,12206377577
Namma Ashram Cafe,cafe,12.9600342,77.7325657,N/A,N/A,N/A,N/A,12208448672
Brunch Project,cafe,12.9333097,77.6270074,N/A,N/A,N/A,N/A,12208448673
Brewing Untold Stories,cafe,12.9370597,77.5731459,N/A,N/A,N/A,N/A,12208448686
Huvu Cafe,cafe,12.9695009,77.6478334,"9th Main Road, Indiranagar, Bengaluru, 560038",N/A,N/A,N/A,12208504059
AEIOU,pub,13.040747,77.6199961,N/A,N/A,N/A,N/A,12208504074
Brewing Untold Stories,cafe,12.9198961,77.5898065,N/A,N/A,N/A,N/A,12208522215
Brewing Untold Stories,cafe,12.9071301,77.6130988,N/A,N/A,N/A,N/A,12208522216
Sasive,restaurant,12.864281,77.5632472,N/A,N/A,https://sasive.in/,N/A,12208562949
Anmay,restaurant,12.9152759,77.6515543,N/A,N/A,N/A,N/A,12208562950
Underdoggs,restaurant,13.0605884,77.5925727,N/A,N/A,https://underdoggs.com/,N/A,12208562951
Siren,bar,12.9708332,77.5975319,N/A,N/A,N/A,N/A,12208562952
Krishna Leela Grand,restaurant,13.1223644,77.6306507,N/A,N/A,N/A,N/A,12211544312
Pizza Hut,restaurant,13.1213851,77.6141248,N/A,N/A,N/A,N/A,12211559777
Pizza Hut,restaurant,12.9568336,77.7408114,N/A,N/A,N/A,N/A,12211634995
New Udupi Upahar,restaurant,12.956801,77.7419198,N/A,N/A,N/A,N/A,12211669706
Asha Tiffins,restaurant,12.9118609,77.6326125,N/A,N/A,N/A,N/A,12212780814
Tea House,cafe,12.9107426,77.6326455,N/A,N/A,N/A,N/A,12212780815
Kailash Parbat,restaurant,12.9103743,77.6323509,N/A,N/A,N/A,N/A,12212780817
SKP Donne Biriyani,restaurant,12.9105383,77.6327368,N/A,N/A,N/A,N/A,12212780818
Dine Spot,restaurant,13.1213515,77.617323,N/A,N/A,N/A,N/A,12212969786
Thamaq,restaurant,13.1218601,77.6226174,N/A,N/A,N/A,N/A,12212969788
Donne Biryani Corner,restaurant,13.12233,77.6296681,N/A,N/A,N/A,N/A,12212978985
Mr biriyani,cafe,12.9563199,77.71481,N/A,N/A,N/A,N/A,12214018439
Miss & Mrs  India's first ever women only Lounge,bar,12.8859507,77.5964848,"Bannerghatta Road, main road, Bengaluru, 560076",N/A,N/A,N/A,12218134254
Ninan Steak house and Burgers,restaurant,12.9164837,77.6022732,N/A,N/A,N/A,N/A,12219081017
Kadai,restaurant,13.0963903,77.5840727,N/A,N/A,N/A,N/A,12222483820
Amagat Garden Cafe,cafe,12.9840162,77.6174052,Annaswamy Mudaliar Road,N/A,N/A,N/A,12222732600
Fardeen Biriyani And Kabab Center,restaurant,12.9395868,77.7475557,N/A,N/A,N/A,N/A,12224096369
Sri Manjunatha Tiffen Center,cafe,13.1028502,77.5998503,N/A,N/A,N/A,N/A,12225535062
Donne Biriyani Mess,cafe,13.1026496,77.5997746,N/A,N/A,N/A,N/A,12225535064
Supreme Gardenia,restaurant,13.0989976,77.5988086,N/A,N/A,N/A,N/A,12225535078
The Idli Foundry,cafe,13.0809047,77.5928822,N/A,N/A,N/A,N/A,12225535088
Simple Tiffins,cafe,13.1032783,77.5986381,N/A,N/A,N/A,N/A,12229218358
Mitra Cafe,restaurant,12.93678,77.6249117,N/A,N/A,N/A,N/A,12229924652
Tealogy,cafe,12.8806782,77.6525736,"AECS Layout Main Road, Bengaluru, 560068",N/A,https://tealogy.in/,N/A,12230072796
Beverich Hotspot,cafe,12.8791967,77.6534888,N/A,N/A,N/A,N/A,12230123289
BMJH Cafe,cafe,12.9908221,77.5958341,N/A,N/A,N/A,N/A,12231384212
Panchami Garden,restaurant,13.1218806,77.623023,N/A,N/A,N/A,N/A,12236664687
China Town,restaurant,12.9158761,77.6326504,N/A,N/A,N/A,N/A,12238317018
Biriyani Zone,restaurant,12.9116751,77.6350367,N/A,N/A,N/A,N/A,12238318499
Samosa Point,restaurant,12.9103731,77.6328115,N/A,N/A,N/A,N/A,12238336221
Cevi,restaurant,12.9168855,77.6450023,N/A,N/A,N/A,N/A,12238343315
House of commons,pub,12.9118905,77.6388252,N/A,N/A,N/A,N/A,12238345882
The  Coffee Brewery,cafe,12.9118307,77.6423017,N/A,N/A,N/A,N/A,12238349604
"Bloom Hotel, Richmond Road",hotel,12.9671589,77.6106158,N/A,N/A,N/A,N/A,12245986567
Unnamed Spot,restaurant,12.9393619,77.6094321,N/A,N/A,N/A,N/A,12247812583
Hotel Aaccord,hotel,12.9150972,77.6001882,N/A,N/A,N/A,N/A,12247839780
Grand Country Stays,hotel,12.9152214,77.6001762,N/A,N/A,N/A,N/A,12247839781
Sutta Brake,cafe,12.9160425,77.6122943,"20th Main Road, 560076",N/A,N/A,N/A,12247875513
Gyani Da Punjabi Dhaba,restaurant,12.9161858,77.6122795,560076,N/A,N/A,N/A,12247875514
Cremeux,cafe,12.9135804,77.6043652,"7th Cross Road, 560076",N/A,N/A,N/A,12247899717
The Koi,restaurant,12.9137236,77.6051894,"7th Cross Road, 560076",N/A,N/A,N/A,12247899718
Hotel Purple Brigade,hotel,12.9738833,77.6066721,"Rest House Road, 560001",N/A,N/A,N/A,12247909088
Olive by Embassy Group,hotel,12.9736749,77.6067694,"Rest House Road, 560001",N/A,N/A,N/A,12247909089
GoPizza,restaurant,12.9756219,77.6052086,"Mahatma Gandhi Road, 560001",N/A,N/A,N/A,12247957446
Aligargh House,restaurant,12.908452,77.6352471,N/A,N/A,N/A,N/A,12248323804
Udupi Pakaruchi,restaurant,12.9383829,77.7442823,N/A,N/A,N/A,N/A,12248405463
Lots Of Litti,restaurant,12.9555958,77.7198894,N/A,N/A,N/A,N/A,12248581694
Nandhana Palace,restaurant,13.0978009,77.5845162,N/A,N/A,N/A,N/A,12250695526
Sakura Matcha Bar,cafe,12.9664693,77.6126813,Victoria Road,N/A,N/A,N/A,12260448999
11grams Coffee Roasters,cafe,12.971271,77.608012,N/A,N/A,https://www.11grams.in/,N/A,12260555320
Aangan,restaurant,13.1145947,77.5778291,N/A,N/A,N/A,N/A,12260569913
Sunshine Cafe,cafe,12.9258462,77.6184377,N/A,N/A,N/A,N/A,12260569934
Somras Bar and Kitchen,restaurant,12.9121681,77.6495312,N/A,N/A,N/A,N/A,12260569946
Koshe Kosha,restaurant,12.978104,77.6379997,N/A,N/A,https://koshekosha.com/,N/A,12260569947
Soofi Mandi,restaurant,12.8630573,77.5910135,N/A,N/A,N/A,N/A,12260569981
Neravi,restaurant,13.0177761,77.5917014,N/A,N/A,N/A,N/A,12260570014
Bombay Brasserie,restaurant,13.0420326,77.6194409,N/A,N/A,N/A,N/A,12260570015
Maffei Kitchen,restaurant,12.9864317,77.5952943,N/A,N/A,https://www.maffei.in/,N/A,12260570016
Seven Seas Seafood Restaurant,restaurant,12.9928925,77.7530873,N/A,N/A,https://sevenseasfood.in/,N/A,12260570017
Darshan Bar & Restaurant,restaurant,13.05513,77.534738,N/A,N/A,N/A,N/A,12260570036
Yara Cafe,restaurant,12.9421337,77.6219393,N/A,N/A,N/A,N/A,12260570041
Ambur Hot Dum Biriyani,restaurant,13.1020791,77.5770067,N/A,N/A,N/A,N/A,12260948332
Chai Victory,cafe,13.1049635,77.5931418,N/A,N/A,N/A,N/A,12265289947
Mashallah Biryani Hotel,restaurant,13.1050815,77.5928726,N/A,N/A,N/A,N/A,12265289950
Smart Cafe,cafe,13.1043417,77.595093,N/A,N/A,N/A,N/A,12265450393
Ganesh Tea Stall,cafe,13.1056592,77.5923809,N/A,N/A,N/A,N/A,12265477651
Unnamed Spot,cafe,13.1086111,77.5920466,N/A,N/A,N/A,N/A,12265477656
Sri Rameshwara Cafe,restaurant,13.0518455,77.6312217,N/A,N/A,N/A,N/A,12265540838
Pizza Hut,restaurant,13.0519137,77.6312054,N/A,N/A,N/A,N/A,12265540839
Bismillah Hotel,restaurant,13.0025681,77.6120094,N/A,N/A,N/A,N/A,12265548260
Shree Cafe,restaurant,12.9152207,77.6650205,N/A,N/A,N/A,N/A,12272838623
"The Yard, Whitefield",restaurant,12.9776677,77.7072956,"22/A, Doddanakundi Industrial Area 2, Phase 1, Doddanekkundi, Bengaluru, 560048",+919980123543,https://the-yard.in,theyardblr@gmail.com,12284791767
Chai Adda,cafe,13.1348324,77.5795426,N/A,N/A,N/A,N/A,12285108619
Cafe Amudham,restaurant,12.9337934,77.6197867,N/A,N/A,N/A,N/A,12285662757
The Filter Coffee,restaurant,12.9336313,77.6226322,N/A,N/A,N/A,N/A,12285673035
MM Nati Mane,restaurant,12.909786,77.6325956,N/A,N/A,N/A,N/A,12285684753
Guerilla Diner,restaurant,12.9717604,77.6275714,Cambridge Road,N/A,N/A,N/A,12287375450
Panetteria Bengaluru,cafe,12.9792277,77.6366448,Double Road,N/A,N/A,N/A,12287399683
The Pump House,bar,12.9065813,77.58214,N/A,+91 96061 27666,https://thepumphouse.in/,N/A,12290419101
Kerbside Bistro,cafe,13.0077805,77.5779394,3rd Main Road,N/A,N/A,N/A,12291308526
Thalassery Cafe,cafe,13.0373232,77.5655573,N/A,N/A,N/A,N/A,12291501592
Chai Theory,cafe,13.0336695,77.5686948,N/A,N/A,N/A,N/A,12291502162
Nenapu,cafe,12.9060713,77.5943602,N/A,N/A,N/A,N/A,12292078854
Bismilla Biriyani,restaurant,12.9106722,77.6294978,N/A,N/A,N/A,N/A,12307015095
Katte Kulture,cafe,12.9258756,77.5894258,18th Main Road,N/A,N/A,N/A,12309075244
Tribe Roots,restaurant,12.9772724,77.6314306,N/A,N/A,N/A,N/A,12318821671
Taproom by Sherlock's,pub,12.9060286,77.5852067,Aurobindo Marg (24th Main),N/A,N/A,N/A,12320273044
Cafe Petriqor,cafe,12.9066822,77.5851367,N/A,N/A,N/A,N/A,12320273046
Gaia,restaurant,12.906049,77.586435,N/A,N/A,N/A,N/A,12320273047
Crackle Kitchen,restaurant,12.9802567,77.6404701,100 Feet Road,N/A,https://cracklekitchen.com,N/A,12320285695
Koreyaki,restaurant,12.970248,77.6361439,11th Main Road,N/A,N/A,N/A,12320506601
Dream Hotel,hotel,12.9598265,77.6023759,N/A,N/A,N/A,N/A,12327093398
Rbp Greens garden bar and restaurant,restaurant,12.9053383,77.6105791,"13th Main Road, 560076",N/A,N/A,N/A,12338274501
Starbucks,cafe,12.9403258,77.5247379,N/A,N/A,N/A,N/A,12343480340
Starbucks,cafe,12.9403258,77.5247379,N/A,N/A,N/A,N/A,12343542704
Rambo Cafe,cafe,12.8967735,77.4620614,N/A,N/A,N/A,N/A,12343885180
Starbucks,cafe,12.9403258,77.5247379,N/A,N/A,N/A,N/A,12345190706
The Veg & Veg,restaurant,12.9705696,77.645413,"12th Main Road, Indiranagar, Bengaluru",N/A,N/A,N/A,12364237329
The Brown Table,cafe,13.0145068,77.5743315,"Dr. CV Raman Road, Sadashivanagar, Bengaluru, 560080",N/A,N/A,N/A,12364258201
Sri Krishna Bhavan,restaurant,12.9721073,77.6528331,N/A,N/A,N/A,N/A,12366463178
Sandra's Restobar,bar,12.9722125,77.6498108,N/A,N/A,N/A,N/A,12366516503
Biryani Bhojana,restaurant,12.9684107,77.6501156,N/A,N/A,N/A,N/A,12366562184
Cafe Amudham,cafe,12.9683648,77.6500847,N/A,N/A,N/A,N/A,12366562185
Sri Laxmi Darshini,restaurant,12.9721997,77.6520018,N/A,N/A,N/A,N/A,12366587251
Sri Lakshmi Darshini Vaibhav Veg,restaurant,12.9724575,77.651995,N/A,N/A,N/A,N/A,12367353154
Cafe Muziris,cafe,12.9777988,77.6395581,N/A,N/A,N/A,N/A,12367522179
Maverick and Farmer Coffee,cafe,12.9873412,77.5934346,"Cunningham Road, Vasanth Nagar, Bengaluru",N/A,https://www.maverickandfarmer.com/,N/A,12369618199
Hyde Park,hotel,13.0109453,77.5789338,N/A,N/A,N/A,N/A,12373166862
Smoor,cafe,13.0077426,77.5798357,N/A,N/A,N/A,N/A,12378818543
Jollygunj,bar,12.9068713,77.5979725,"Outer Ring Road, JP Nagar, Bengaluru, 560078",N/A,N/A,N/A,12379077731
The Lake Theory,cafe,13.0925019,77.5864596,N/A,N/A,N/A,N/A,12379439187
Sri Bhageshwar Dhaba,restaurant,12.9285177,77.741304,N/A,N/A,N/A,N/A,12386672176
Sunnys,restaurant,12.9221941,77.5850375,"10th Main Road, Jayanagar, Bengaluru",N/A,N/A,N/A,12395928051
Sawari North Indian Kitchen,restaurant,13.0713032,77.6518044,"Hennur Bagalur Road, Hennur, Bengaluru, 560077",N/A,N/A,N/A,12395928052
Jolly Johnny's Bar,restaurant,12.9400829,77.6255134,"Koramangala, Bengaluru",N/A,N/A,N/A,12395928063
Cafe Jassie's,cafe,12.9307897,77.5434861,"Outer Ring Road, Banashankari, Bengaluru",N/A,N/A,N/A,12395928076
Bricks Bar And Restaurant,bar,12.9065183,77.5967668,"Outer Ring Road, JP Nagar, Bengaluru",N/A,N/A,N/A,12395928077
Serious Slice,restaurant,12.9330366,77.5166559,"Kenchenahalli Main Road, Rajarajeshwari Nagar, Bengaluru",N/A,https://seriousslice.in/,N/A,12395928078
Nido,bar,13.0796102,77.592081,"Bellary Road, Yelahanka, Bengaluru",N/A,N/A,N/A,12395928079
Iron Hill Bengaluru,pub,12.8873851,77.5620496,N/A,N/A,N/A,N/A,12395928080
Fast Coffee,cafe,12.9350501,77.6250594,"8th Main Road, Koramangala, Bengaluru",N/A,https://fastcoffee.in/,N/A,12395928081
Lumara,bar,12.9724525,77.6204038,"Mahatma Gandhi Road, Ashok Nagar, Bengaluru",N/A,N/A,N/A,12395928083
Element 3,restaurant,12.9561993,77.7325751,N/A,N/A,N/A,N/A,12402685489
Murugan Cafe,restaurant,12.9764897,77.6269565,N/A,N/A,N/A,N/A,12404254558
Velvet Bakes,cafe,12.9996817,77.6000976,N/A,N/A,N/A,N/A,12404912802
Drip and Drop Coffee,cafe,12.906136,77.5905005,"15th Cross, 5th Phose, JP Nagar, Bangalore, 560078",+919538238355,N/A,N/A,12405993166
Mara Coffee & Roasters,cafe,12.9079027,77.6475236,"24th A Cross Road, HSR Layout, Bengaluru, 560102",+91 7353075761,https://www.maracoffeeroasters.com/,contact@maracoffeeroasters.com,12406020970
Socialize,cafe,12.9926112,77.5391934,N/A,N/A,N/A,N/A,12408853763
Ovenly Bliss,cafe,12.9864387,77.594938,N/A,N/A,N/A,N/A,12409252953
SpiceKlub - Jayanagar,restaurant,12.9396048,77.5853855,"10th Cross Road, 1st Block, Jayanagar, Bengaluru, 560011",+91 910 894 0777,https://www.spiceklub.com/bengaluru.html,N/A,12411955440
Quattro Ristorante,restaurant,12.9396082,77.5853674,"10th Cross Road, 1st Block, Jayanagar, Bengaluru, 560011",+91 910 894 0777,https://www.quattroristorante.com/bengaluru.html,N/A,12412240592
Quattro Bistro,cafe,13.007551,77.5793716,"Fortuna Urbanscape, 13th Cross Sadashivanagar, Bengaluru, 560080",+91 948 042 2365,N/A,N/A,12412376090
Sri Udupi Food Hub,restaurant,13.0982886,77.5694643,N/A,N/A,N/A,N/A,12412564744
Silver Key Hotel Rooms,hotel,13.0982579,77.5693033,N/A,N/A,N/A,N/A,12412564745
Quarter Adda Rooftop Pub,pub,13.0982707,77.5693824,N/A,N/A,N/A,N/A,12412564746
Sky Garden,restaurant,12.9938867,77.7033425,N/A,N/A,N/A,N/A,12413065038
Park View,restaurant,12.9728389,77.6168178,N/A,N/A,N/A,N/A,12416076223
aubree,cafe,13.0045713,77.5787232,N/A,N/A,N/A,N/A,12420181108
California Burrito,restaurant,13.0051836,77.5788632,N/A,N/A,N/A,N/A,12420181109
Blue Tokai Coffee Roasters,cafe,13.0069207,77.5789754,N/A,N/A,N/A,N/A,12422100663
Green Onion,restaurant,12.9734282,77.6093454,N/A,N/A,N/A,N/A,12422153142
Street Storyss,restaurant,12.8872468,77.5623226,N/A,N/A,N/A,N/A,12422650848
Sutra,bar,12.9923293,77.5818202,N/A,N/A,N/A,N/A,12422943858
24/7,restaurant,12.9923685,77.5820643,N/A,N/A,N/A,N/A,12422943862
OKO,restaurant,12.9922169,77.5819811,N/A,N/A,N/A,N/A,12422953303
Baluchi,restaurant,12.9925122,77.5821367,N/A,N/A,N/A,N/A,12422953304
The Green Path,restaurant,12.990458,77.5719725,N/A,N/A,N/A,N/A,12426224469
Hermitage,restaurant,13.008566,77.563258,N/A,N/A,N/A,N/A,12426224585
Si Nonna's,restaurant,12.9324485,77.7456181,"SH35, Varthur, Bengaluru",N/A,https://sinonnas.com/,N/A,12432736251
Si Nonna's,restaurant,12.9365501,77.6150659,"1st Main Road, Koramangala, Bengaluru",N/A,https://sinonnas.com/,N/A,12432736252
Si Nonna's,restaurant,12.9733047,77.6019212,"Marksquare, St. Mark's Road, Shanthala Nagar, Bengaluru, 560001",+91 9742346979,https://sinonnas.com/,N/A,12432736253
Babai Hotel,restaurant,12.977065,77.7249482,N/A,N/A,N/A,N/A,12432747643
Unnamed Spot,restaurant,12.9828948,77.5493318,N/A,N/A,N/A,N/A,12438065188
Kuppu's Kafe,cafe,12.9607659,77.5335532,N/A,N/A,N/A,N/A,12438126007
Sri Krishna Vaibhav,restaurant,12.9671694,77.5355723,N/A,N/A,N/A,N/A,12438195367
TYD,restaurant,13.054452,77.6462415,N/A,N/A,N/A,N/A,12441457817
Animal Bar,bar,12.924326,77.640405,N/A,N/A,N/A,N/A,12443353189
Brewsom Coffee,cafe,13.0211537,77.6519077,N/A,N/A,N/A,N/A,12450551973
Central Flavors,restaurant,13.028729,77.6320864,N/A,N/A,N/A,N/A,12450999454
Coffee Mechanics,cafe,13.0340054,77.6383349,N/A,N/A,N/A,N/A,12450999457
Andhra Spice,restaurant,13.0475766,77.6444763,N/A,N/A,N/A,N/A,12450999463
The White Room Coffee & Kitchen,cafe,12.9751544,77.6031683,N/A,N/A,N/A,N/A,12452433472
Lakehouse Cafe,cafe,13.0624577,77.6103951,N/A,N/A,N/A,N/A,12452460994
Dali & Gala,bar,12.9752072,77.6029032,"The Museum, Museum Road, Shanthala Nagar",+91 8884244988,N/A,N/A,12452478966
Kaippunyam Kerala Restaurant,restaurant,12.9707481,77.6066446,N/A,N/A,N/A,N/A,12455028290
Tranquil Inn,hotel,12.9258725,77.6695619,N/A,N/A,N/A,N/A,12459144684
Sando Club,restaurant,12.9716468,77.6126475,N/A,N/A,N/A,N/A,12460840947
Blue Tokai Coffee Roasters,cafe,12.971744,77.5943973,"Vittal Mallya Road, Shanthala Nagar, Bangalore",N/A,https://bluetokaicoffee.com/,N/A,12461000328
Theobroma,cafe,13.0416197,77.6194652,N/A,N/A,N/A,N/A,12461000329
Nasi and Mee,restaurant,13.0420275,77.6196581,"Nagavara, Bangalore",N/A,https://www.nasiandmee.co.in/,N/A,12461000330
Bob's Bar,pub,12.9119682,77.5860142,N/A,N/A,N/A,N/A,12461000331
Pasta Street,restaurant,12.907107,77.6945977,N/A,+91 9266844026,https://pastastreet.co.in/,info@pastastreet.co.in,12461000332
Pasta Street,restaurant,12.9071543,77.5988211,N/A,+91 9266844026,https://pastastreet.co.in/,info@pastastreet.co.in,12461000333
Pasta Street,restaurant,12.9881693,77.7301047,N/A,+91 9266844026,https://pastastreet.co.in/,info@pastastreet.co.in,12461000334
Pasta Street,restaurant,12.9671434,77.6416627,N/A,+91 9266844026,https://pastastreet.co.in/,info@pastastreet.co.in,12461000335
Pasta Street,restaurant,13.063603,77.5912381,N/A,+91 9266844026,https://pastastreet.co.in/,info@pastastreet.co.in,12461000336
Sanchez,restaurant,12.9717337,77.5963457,N/A,N/A,N/A,N/A,12461052143
Badmaash,restaurant,12.9721153,77.5963095,N/A,N/A,N/A,N/A,12461052144
Ambala Cantt- Cloud Kitchen,restaurant,12.9186803,77.5482356,"5th A Main, 3rd Cross, Hanumagiri Layout, Chikkalsandra, Bengaluru, 560061",N/A,N/A,soniaventures28@gmail.com,12462536465
Bangalore Dosa,restaurant,12.977003,77.7267208,N/A,N/A,N/A,N/A,12462598540
Vijayalakshmi,restaurant,12.9451436,77.5680133,N/A,N/A,N/A,N/A,12466442938
Haveli,restaurant,13.0954106,77.5834856,N/A,N/A,N/A,N/A,12467129611
Dave & Buster's,restaurant,12.9453987,77.6196691,N/A,N/A,N/A,N/A,12468378369
The Bon Coffee,cafe,13.1036395,77.5753829,N/A,N/A,N/A,N/A,12473385240
Tree Tops,restaurant,12.9746984,77.5995302,N/A,N/A,N/A,N/A,12473779779
Mumbai Canteen,restaurant,12.9008407,77.6405262,N/A,N/A,N/A,N/A,12475405096
Desi Tea Master,cafe,12.9008242,77.6399197,N/A,N/A,N/A,N/A,12475430615
Magnolia Bakery,cafe,12.9734621,77.6019267,N/A,N/A,N/A,N/A,12475698450
Fish fry day,restaurant,12.9122602,77.6335967,N/A,N/A,N/A,N/A,12482471684
Godavari Cafe,restaurant,12.9156865,77.6325101,N/A,N/A,N/A,N/A,12482474326
Yewale,cafe,12.9086726,77.646939,N/A,N/A,N/A,N/A,12482484107
RCB Bar and Cafe,pub,12.9699664,77.6094691,"Garuda Mall, Commissariat Road, Bengaluru",N/A,N/A,N/A,12484367949
Champaran Dhaba,restaurant,12.9121081,77.6244415,N/A,N/A,N/A,N/A,12487002474
The Madras Mess,restaurant,12.906594,77.6492113,N/A,N/A,N/A,N/A,12487007747
Hug in a Mug,cafe,12.8755618,77.532839,N/A,N/A,N/A,N/A,12488316263
Food Spring,restaurant,12.926303,77.5821451,N/A,N/A,N/A,N/A,12491736742
Cafe Coffee Day,cafe,12.9259657,77.5839752,N/A,N/A,N/A,N/A,12491736750
Empark Restaurant,restaurant,12.9412309,77.5932246,N/A,N/A,N/A,N/A,12491762696
Starbucks,cafe,12.9246046,77.5839177,N/A,N/A,N/A,N/A,12491762754
Ice Cream Wonderland And Pizzeria,restaurant,12.925784,77.5839491,N/A,N/A,N/A,N/A,12491766742
Chaayos,cafe,12.9248546,77.5839196,N/A,N/A,N/A,N/A,12491781860
Dakshin Express,restaurant,13.0069665,77.5789097,N/A,N/A,N/A,N/A,12491962062
Krishna Cafe,cafe,12.9231939,77.5851987,N/A,N/A,N/A,N/A,12492393138
Atty's Express Cafe,cafe,12.9753903,77.602846,N/A,N/A,N/A,N/A,12492736878
Unnamed Spot,cafe,12.9746898,77.6057539,N/A,N/A,N/A,N/A,12492736879
Levista Gourmet Studio,cafe,12.9747702,77.6064154,N/A,N/A,N/A,N/A,12492736881
Annapurna Mess,restaurant,13.0586162,77.5915583,N/A,N/A,N/A,N/A,12495429438
The Fat Chef,restaurant,12.9545315,77.7234526,N/A,080 4099 2981,https://thefatchef.co.in,N/A,12495704267
Yumm Keralam,restaurant,13.0602016,77.6531562,N/A,N/A,N/A,N/A,12497976590
Zatar,restaurant,13.0485755,77.6457305,N/A,N/A,N/A,N/A,12497976599
Hotel AJ International,hotel,12.9815416,77.6048201,N/A,N/A,N/A,N/A,12498576021
Kadamba Veg,restaurant,12.9138844,77.4870121,N/A,N/A,N/A,N/A,12507331058
The Big Barn,restaurant,12.8759706,77.5296955,N/A,N/A,N/A,N/A,12508633358
ZLB23,bar,12.9617724,77.6488084,N/A,N/A,N/A,N/A,12511417185
Ferrara,restaurant,12.9727112,77.6069632,"Forum Rex Walk, Brigade Road, Ashok Nagar, Bangalore, 560001",N/A,N/A,N/A,12511758515
Stories 2.0,restaurant,12.9159877,77.6326621,N/A,N/A,N/A,N/A,12512214800
Kritunga The Palegar's Cuisine,restaurant,12.9334666,77.6208718,N/A,N/A,N/A,N/A,12512224856
Be Luru,restaurant,12.9975563,77.584202,N/A,N/A,N/A,N/A,12512224857
Ethic Attic Cafe,cafe,12.9670968,77.6481231,N/A,N/A,N/A,N/A,12512224859
Masala Martini,bar,13.0315097,77.5700118,N/A,N/A,N/A,N/A,12512224860
Karma & Kurry,restaurant,12.9700204,77.6093289,N/A,N/A,N/A,N/A,12512224862
Taffy's Rooftop Pub and Kitchen,restaurant,12.9972963,77.5472693,N/A,N/A,N/A,N/A,12512224863
Miso Hungry,restaurant,12.9584375,77.7155081,N/A,N/A,https://www.misohungry.co.in,N/A,12520301007
Matcha Cafe,cafe,12.9583367,77.7154806,N/A,N/A,N/A,N/A,12520301008
Brik Oven,restaurant,12.9799611,77.6465523,N/A,N/A,N/A,N/A,12521903069
The Hyderabad Chefs,restaurant,12.9866607,77.5742892,N/A,N/A,N/A,N/A,12525844608
KoMaama,restaurant,12.9711123,77.6068203,"Brigade Road, Ashok Nagar, Bangalore, 560 025",N/A,N/A,N/A,12525844623
Hotel Gowdru Mane,hotel,12.9249913,77.4846808,"80 Feet Rd, Valagerihalli, Subash Nagar, Kengeri Satellite Town, Bengaluru, 560060",N/A,N/A,N/A,12525852373
Hotel Gwen by Rivido,hotel,12.8907385,77.6099645,"MSRS Nagar, Vijaya Bank Layout, Bilekahalli, Bengaluru, 560076",N/A,https://www.rividohotels.in/m/gwen-by-rivido-bilekahalli/,N/A,12525865471
Hotel Highsky,hotel,12.959972,77.7170562,"1st Cross Road, Bengaluru, 560066",N/A,N/A,N/A,12525875058
Indian Coffee House,restaurant,12.9338133,77.6158653,"Jyoti Nivas College Road, Bangalore, 560095",N/A,N/A,N/A,12526156587
Italia,restaurant,12.974056,77.6195173,N/A,N/A,N/A,N/A,12526232547
The Falcon Cafe,cafe,12.9712959,77.6143835,"Brunton Road, Ashok Nagar, Bangalore, 560025",falconcafe@prestigeconstructions.com,https://thefalconsden.com/,falconcafe@prestigeconstructions.com,12529348118
Ami Tea Stall,cafe,13.0266999,77.5392993,N/A,N/A,N/A,N/A,12531311306
Nevermind,bar,12.9705817,77.645988,N/A,N/A,N/A,N/A,12531970252
Cajsa,restaurant,12.9669505,77.5958884,N/A,N/A,N/A,N/A,12531970254
The Daily Bean,cafe,13.0692797,77.648339,N/A,N/A,N/A,N/A,12532000052
1947,restaurant,13.0695906,77.6513176,N/A,N/A,N/A,N/A,12532000094
Roto Rooftop Taproom,pub,13.0711112,77.6518017,"Hennur Bagalur Road, Bengaluru, 560077",N/A,https://rotoblr.com/,N/A,12532000100
Kapoor's Cafe,restaurant,13.0711158,77.6520753,"Hennur Bagalur Road, Bengaluru, 560077",N/A,N/A,N/A,12532027902
Pizza Hut,restaurant,13.0712216,77.6519754,N/A,N/A,N/A,N/A,12532027904
Rajwadi,restaurant,12.9643677,77.7150123,"60 Feet Road, AECS Layout, Brookfield, Marathahalli, Bengaluru, 560037",N/A,N/A,N/A,12535654690
Unnamed Spot,bar,13.0497759,77.507496,N/A,N/A,N/A,N/A,12535763496
Sharma Family Dhaba,restaurant,13.0481604,77.5077186,N/A,N/A,N/A,N/A,12535945312
The Lit Caffe,cafe,13.0153582,77.646874,N/A,N/A,N/A,N/A,12538079772
Dhanraj,restaurant,12.9094241,77.6387596,"Sector 3, HSR Layout, Bengaluru, 560102",N/A,N/A,N/A,12538586111
Helen's Place,restaurant,12.950865,77.7000867,N/A,N/A,N/A,N/A,12539122837
Cafe Amudham,cafe,12.9590688,77.7162436,N/A,N/A,https://www.cafeamudham.com/,N/A,12539126236
Ola Farzi Cafe,cafe,12.9313727,77.6160967,N/A,N/A,N/A,N/A,12541018910
Truffles,restaurant,13.0282975,77.5731188,"80 Feet Rd, Jaladarsini Layout, Sanjayanagara, Bengaluru, 560094",N/A,N/A,N/A,12541388519
PartTwo,restaurant,12.970907,77.5975481,Vittal Mallaya Road,N/A,N/A,N/A,12545885467
Uttara Karnatakada Gama Gama,restaurant,12.9380412,77.5692291,N/A,N/A,N/A,N/A,12546212501
Meghana Foods,restaurant,12.8791766,77.646483,N/A,N/A,N/A,N/A,12547020720
Kebapci,restaurant,12.9361615,77.6224708,"17th E Main Road, Bangalore, 560095",N/A,N/A,N/A,12550773109
Kebapci,restaurant,12.8875145,77.562739,N/A,N/A,N/A,N/A,12550871276
Brindavan Grand,cafe,12.9424364,77.7475507,N/A,N/A,N/A,N/A,12572821852
New Kudla,restaurant,12.9725668,77.6208704,N/A,N/A,N/A,N/A,12574343636
Advaitha Donne Biryani,restaurant,12.9512115,77.7155874,N/A,N/A,N/A,N/A,12578044120
Konian Bar And Restaurant,bar,12.934097,77.6102499,N/A,N/A,N/A,N/A,12581402358
Swaad Ki Dolchi,restaurant,13.0980873,77.5676819,N/A,N/A,N/A,N/A,12584979316
Udupi Upahar,restaurant,12.9402115,77.7616366,N/A,N/A,N/A,N/A,12588048614
Clean Slate Cafe,cafe,13.0043996,77.570632,N/A,N/A,N/A,N/A,12597548155
Silaa - The Garden Cafe,cafe,13.0043931,77.5709921,N/A,N/A,N/A,N/A,12597548185
Iris Cafe and Kitchen,cafe,12.9057047,77.5831816,N/A,N/A,N/A,N/A,12609542987
Sri Basaveshwara Khanavali,restaurant,12.9378527,77.7473753,N/A,N/A,N/A,N/A,12617717667
MMA Kababs & Rolls,restaurant,12.9373162,77.748436,N/A,N/A,N/A,N/A,12617717677
Samosa Party,restaurant,12.9370108,77.7497353,N/A,N/A,https://www.samosaparty.in,N/A,12617717699
Pind Baluch,restaurant,12.9145731,77.6767411,N/A,N/A,N/A,N/A,12620513270
Chill N Waffle,restaurant,12.9113947,77.615695,"Tank Bund Road, Bangalore, 560076",N/A,N/A,N/A,12622743939
Irani Chai Biscuit,cafe,12.9114044,77.6156456,"Tank Bund Road, Bangalore, 560076",N/A,N/A,N/A,12622743941
Third Wave Coffee Roasters,cafe,12.932065,77.7457059,N/A,N/A,N/A,N/A,12623536021
Veneta Cucine,restaurant,12.9988132,77.5839495,N/A,N/A,N/A,N/A,12625817234
The Kadubu Canteen,restaurant,12.8895956,77.5817507,"Kothnur Main Road, Second Floor, Swathi Towers, Near Dominos Pizza and Bank of Baroda, Bengaluru, 560078",+919840084449,https://kadubucanteen.in,N/A,12631801632
BLR Chakna Bar,bar,12.9367343,77.7036582,N/A,N/A,N/A,N/A,12632035832
Halwai Junction,restaurant,13.0983668,77.5733927,N/A,N/A,N/A,N/A,12632035833
Meloghrano,restaurant,12.9289114,77.5670627,N/A,N/A,N/A,N/A,12632035859
Whisper's Pub,pub,12.9266474,77.6828966,N/A,N/A,N/A,N/A,12632035860
Kitchen Ministry,restaurant,12.9708215,77.6409964,N/A,N/A,N/A,N/A,12632035861
Tarangini Multi-Cuisine Outdoor,restaurant,12.9721009,77.7494234,N/A,N/A,N/A,N/A,12632035862
Habba Kadal Kashmiri Restaurant,restaurant,12.9721976,77.7494321,N/A,N/A,N/A,N/A,12632035863
High Brew,restaurant,12.8995808,77.5944346,N/A,N/A,N/A,N/A,12632035872
Sree Godavari Ruchulu,restaurant,13.0225479,77.6375417,N/A,N/A,N/A,N/A,12632035873
D Square Pub,pub,12.9379263,77.6989643,N/A,N/A,N/A,N/A,12632035874
Liquids Bar and Kitchen,restaurant,13.0302202,77.5704154,N/A,N/A,N/A,N/A,12632035875
Jack's Town,cafe,12.9069549,77.4752694,N/A,N/A,N/A,N/A,12632035895
Shukra Dine,restaurant,13.1090044,77.5802122,N/A,N/A,N/A,N/A,12632035896
ON DE Roof,restaurant,13.1090867,77.5802082,N/A,N/A,N/A,N/A,12632035897
Tapeo Tapas Bar,bar,12.9190948,77.6650518,N/A,N/A,N/A,N/A,12632042166
Trippy Goat Cafe,cafe,12.9201239,77.6851535,Bangalore,N/A,N/A,N/A,12632042170
Kritunga The Palegar's Cuisine,restaurant,12.8922383,77.5985354,N/A,N/A,N/A,N/A,12632042171
YOYO! Fresh Tea Bar,cafe,12.972464,77.6203034,N/A,+91 97401 72610,https://yoyofreshtea.in/,info@yoyotea.in,12632042172
Chai Point,cafe,13.0222643,77.6383156,N/A,N/A,N/A,N/A,12632074305
The Dome Cafe,cafe,13.022525,77.6374982,N/A,N/A,N/A,N/A,12632074306
The King of Taste,restaurant,13.0223666,77.6380289,N/A,N/A,N/A,N/A,12632074307
Zamindar,restaurant,13.0223907,77.6379343,N/A,N/A,N/A,N/A,12632074308
The Rustic Roots,cafe,13.0227138,77.6379354,N/A,N/A,N/A,N/A,12632074313
Mahanagaram,restaurant,13.0188985,77.6429518,N/A,N/A,N/A,N/A,12632074324
The Mansion,restaurant,12.8714758,77.576331,N/A,N/A,N/A,N/A,12632074325
Hipp-E Panda,cafe,13.0556069,77.6449111,N/A,N/A,N/A,N/A,12632074330
Beyond Bean Cafe,cafe,12.9727491,77.6075407,N/A,N/A,N/A,N/A,12632297989
ilumi,restaurant,12.9802784,77.6404705,N/A,N/A,N/A,N/A,12633608555
Friendz Flavour Kitchen,restaurant,12.9353545,77.6295503,"4th cross street, Green Leaf Extension, 80 ft road, 4th Block, Koramangala",+918971192097,www.friendzflavourkitchen.com,N/A,12634999220
Andhra Mess,restaurant,12.9377424,77.7472045,N/A,N/A,N/A,N/A,12640131165
Onesta,restaurant,13.0984513,77.5848689,N/A,N/A,https://www.onestalove.in/,N/A,12647453306
Basaveshwar Khanavali,restaurant,12.9728678,77.6094161,N/A,N/A,N/A,N/A,12648044975
Third wave coffee shop,cafe,12.9267856,77.5612233,N/A,N/A,N/A,N/A,12648662791
Pulimunchi Restaurant,restaurant,13.0056661,77.5806713,N/A,N/A,N/A,N/A,12648710693
Pancharangi Cafe,cafe,12.9180994,77.6306025,N/A,N/A,N/A,N/A,12655246955
LICK - Lavonne Ice Cream Kitchen,restaurant,12.9676839,77.6367985,N/A,N/A,N/A,N/A,12662655087
Aditi's Flavor Hub,restaurant,12.9376998,77.7478309,N/A,N/A,N/A,N/A,12664963522
Udupi Garden,restaurant,12.9190531,77.5970575,"East End Main Road, Jayanagar",N/A,N/A,N/A,12666413603
Rajathagiri Palace,restaurant,12.8742656,77.540834,"Kanakapura Road, Vajarahalli",N/A,N/A,N/A,12669463724
Brindavana Grand Hotel,hotel,12.9771116,77.5764106,N/A,N/A,N/A,N/A,12669960227
The Coffee Brewery,cafe,13.0145341,77.649062,N/A,N/A,N/A,N/A,12672284473
11:11 Reserve,cafe,13.0147317,77.6491985,N/A,N/A,N/A,N/A,12672284474
Baileys Cafe and Restaurant,restaurant,13.0146538,77.6491446,N/A,N/A,N/A,N/A,12672284475
Aaha Thindi,restaurant,12.9847521,77.5970662,N/A,N/A,N/A,N/A,12674329834
Pizza Hut,restaurant,12.9955319,77.5546673,N/A,N/A,N/A,N/A,12676261352
Hotel Banyan Tree,hotel,13.0240406,77.5570922,N/A,N/A,N/A,N/A,12676261376
Sangam Bar & Restaurant,restaurant,13.0289168,77.559199,N/A,N/A,N/A,N/A,12676261388
Chandan Bar & Restaurant,restaurant,13.0307751,77.5597481,N/A,N/A,N/A,N/A,12676261392
Pizza Hut,restaurant,13.0332305,77.5581139,N/A,N/A,N/A,N/A,12676261395
Trupti Bar & Restaurant,restaurant,13.0254939,77.5575302,N/A,N/A,N/A,N/A,12676265238
Dakshin Cafe,restaurant,12.9071,77.6003438,"Outer Ring Road, Bengaluru",N/A,N/A,N/A,12676813327
Laddu Boy,restaurant,12.9178963,77.5969663,"East End Main Road, Jayanagar",N/A,N/A,N/A,12676833806
The Bloom,cafe,12.9261107,77.5898357,N/A,N/A,N/A,N/A,12684804806
Sri Krishna Bhog,restaurant,12.9272971,77.6692401,N/A,N/A,N/A,N/A,12696023094
Shahi Paneer,restaurant,12.927435,77.6692361,N/A,N/A,N/A,N/A,12696023096
block two coffee,cafe,12.9401608,77.5839468,N/A,N/A,N/A,N/A,12697993702
Udupi Gokarna,restaurant,12.9562713,77.7284743,N/A,N/A,N/A,N/A,12704367682
Swad,restaurant,12.9560619,77.7259342,N/A,N/A,N/A,N/A,12704376179
Sri Kanteshwara Hotel,restaurant,12.95627,77.7308463,N/A,N/A,N/A,N/A,12704428639
Sri Viniyaka Mess,cafe,12.9571606,77.7387642,N/A,N/A,N/A,N/A,12704522795
The Café 23,cafe,12.9561434,77.7320423,N/A,N/A,N/A,N/A,12714132883
The Local,pub,13.0212414,77.6415983,N/A,N/A,N/A,N/A,12715063630
Ila Bengaluru,restaurant,13.0215052,77.640534,N/A,N/A,N/A,N/A,12715063631
MCC,restaurant,12.9568341,77.740717,N/A,N/A,N/A,N/A,12715098613
The Raghavendra Cafe,restaurant,12.9576679,77.5283537,N/A,N/A,N/A,N/A,12715796043
RMV CANTEEN,cafe,13.0323908,77.5771592,N/A,N/A,N/A,N/A,12717556901
Huddle Coffee Co.,cafe,13.0401281,77.6343169,N/A,N/A,N/A,N/A,12723340147
Nellore Mess,cafe,12.956604,77.7440853,N/A,N/A,N/A,N/A,12723978276
Anjappar Chettinad Restaurant,restaurant,12.9143329,77.6372519,N/A,N/A,N/A,N/A,12729113332
Udupi Upahar Veg,restaurant,12.9568026,77.7423896,N/A,N/A,N/A,N/A,12730620931
Unnamed Spot,restaurant,12.9665184,77.7141852,N/A,N/A,N/A,N/A,12732336491
Blue Tokai,cafe,13.0247149,77.6400121,N/A,N/A,N/A,N/A,12734401875
Got Tea,cafe,13.0235435,77.6399329,N/A,N/A,N/A,N/A,12734401877
Plan B,restaurant,13.022932,77.6398592,N/A,N/A,N/A,N/A,12734401878
Koreyaki,restaurant,13.0224355,77.6395306,N/A,N/A,N/A,N/A,12734401879
Starbucks,cafe,12.9824009,77.6108551,N/A,N/A,N/A,N/A,12749935725
Finca,pub,13.0615759,77.6341447,N/A,N/A,N/A,N/A,12752583724
kl. 58 Cafe,cafe,13.0696781,77.5553997,N/A,N/A,N/A,N/A,12757331351
Toastid Co,restaurant,12.966328,77.6371955,Indiranagar Double Road,+91 98303 11417,N/A,N/A,12759646717
Iyengar's Tatte Idli Vada,cafe,13.0695592,77.5560754,N/A,N/A,N/A,N/A,12759732193
Karavali Restaurant,restaurant,12.922395,77.6339794,N/A,N/A,N/A,N/A,12762692064
7th Cross,restaurant,12.9218604,77.6337115,N/A,N/A,N/A,N/A,12762692745
Hotel Dwaraka,hotel,12.9803129,77.5751582,N/A,N/A,N/A,N/A,12764582624
Hotel Kiran,cafe,13.0683485,77.5544945,N/A,N/A,N/A,N/A,12766655523
Delights,cafe,13.0694917,77.5550848,N/A,N/A,N/A,N/A,12766683182
Cafe Azzure,cafe,13.0236036,77.6352605,N/A,N/A,N/A,N/A,12774297320
Store Coffee,cafe,13.0238741,77.6362241,N/A,N/A,N/A,N/A,12774297322
Sri Bhramalingeshwara Tiffin Center,cafe,13.0719161,77.5564029,N/A,N/A,N/A,N/A,12776185936
Zaatar,restaurant,12.9953369,77.6668819,N/A,N/A,N/A,N/A,12787887504
Citrus Cafe,restaurant,12.9872864,77.6168337,N/A,N/A,N/A,N/A,12788682209
Shift Rooftop Bar & Kitchen,restaurant,12.9469174,77.6992165,N/A,N/A,N/A,N/A,12795811355
Brew Meister,pub,12.9264814,77.5846675,N/A,N/A,N/A,N/A,12800674481
Chai Point,cafe,12.9264285,77.5848661,N/A,N/A,N/A,N/A,12800674482
RR Dum Biriyani,cafe,12.9380357,77.7464481,N/A,N/A,N/A,N/A,12805843703
The Banaras Cafe,cafe,12.9286007,77.7397026,N/A,N/A,N/A,N/A,12805843705
Magnolia Bakery,cafe,13.0108881,77.5549465,N/A,N/A,N/A,N/A,12809319559
Chelvies Coffee Roastery,cafe,12.967796,77.6528464,N/A,N/A,https://chelviescoffee.com,N/A,12809397078
Fifty50,restaurant,12.9201787,77.6843798,N/A,N/A,N/A,N/A,12809397079
Serious Slice,restaurant,12.9885226,77.5940846,N/A,N/A,N/A,N/A,12809397080
Jollygunj,bar,13.0943593,77.5953948,Bengaluru,N/A,N/A,N/A,12809397081
Fervor,restaurant,13.0235762,77.6396372,"5th Main Road, Kalyan Nagar",N/A,https://fervor.in,N/A,12809397083
The Indian Eatery,restaurant,13.0190566,77.6515321,"3rd Cross Road, Kalyan Nagar",N/A,N/A,N/A,12809397084
Howlin,pub,12.9745673,77.6074456,Church Street,N/A,N/A,N/A,12814774901
Open Door Coffee Co,cafe,13.0579231,77.6504167,N/A,N/A,N/A,N/A,12823540798
Cottage Loaf,cafe,13.054946,77.6537465,N/A,N/A,N/A,N/A,12823540799
Casa Napoli,restaurant,13.055743,77.6537355,N/A,N/A,N/A,N/A,12823540800
Udupi Nalapaka,restaurant,12.9314991,77.6861058,N/A,N/A,N/A,N/A,12833666826
Dalchini,restaurant,12.9315351,77.6859333,N/A,N/A,N/A,N/A,12833666827
Chalukya Samrat,restaurant,12.988547,77.5772027,N/A,N/A,N/A,N/A,12846419059
Kerala Pavilion,restaurant,12.9722075,77.6184168,N/A,N/A,N/A,N/A,12853586157
Desi Cuisine,cafe,12.9682577,77.749489,N/A,N/A,N/A,N/A,12860399928
Lemon Krust,cafe,12.9683746,77.7494848,N/A,N/A,N/A,N/A,12860399929
The Bouvice,hotel,12.9321442,77.6331345,N/A,N/A,N/A,N/A,12861870134
Mr. Philly's American Cheeseburgers,restaurant,12.9969004,77.6110877,N/A,N/A,N/A,N/A,12862846432
Sanky's Burger House,restaurant,13.016659,77.629651,N/A,N/A,N/A,N/A,12862846433
The High Joint,restaurant,12.9261467,77.6332737,N/A,N/A,N/A,N/A,12862846434
Simon Burgers,restaurant,13.0182719,77.6355845,N/A,N/A,N/A,N/A,12862846435
Smoke House Deli,restaurant,12.9098446,77.6856668,Bangalore,N/A,N/A,N/A,12862846436
ARLOS,restaurant,12.9571107,77.7145245,N/A,N/A,N/A,N/A,12862846479
Cafe Noir,restaurant,12.997768,77.6961552,Bangalore,N/A,N/A,N/A,12862846481
Cafe Noir,restaurant,13.0117166,77.5554144,"Upper Ground Floor, Orion Mall, Dr. Rajkumar Road, Bangalore",N/A,N/A,N/A,12862846482
Zepto Cafe,cafe,12.9165301,77.6714059,N/A,N/A,N/A,N/A,12864358384
New Ambur Hot Biriyani,restaurant,12.9268509,77.6789349,N/A,N/A,N/A,N/A,12872594926
Udupi Brahmins Kitchen,restaurant,12.9579424,77.533767,N/A,N/A,N/A,N/A,12873482029
Udupi Express,restaurant,13.0289671,77.5714346,N/A,N/A,N/A,N/A,12877031186
Bar Wild,bar,12.9701785,77.6385147,N/A,N/A,N/A,N/A,12877280447
Old Mill Brewing Co.,pub,12.9245224,77.7370823,"Gunjur Rd, Varthur, Bengaluru, Karnataka 560087, India",+918084798479,https://oldmillbrewing.com/,N/A,12883826130
The Anantaar,hotel,12.9137636,77.5995367,"Bannerghatta Road, Bangalore, 560076",N/A,N/A,N/A,12887909582
Costa,cafe,12.9445779,77.6949987,N/A,N/A,N/A,N/A,12890278992
California Burrito,restaurant,12.9444694,77.694929,N/A,N/A,N/A,N/A,12890278994
The Real Pizza Company,restaurant,12.944468,77.6950778,N/A,N/A,N/A,N/A,12890278996
Copper Chimney,restaurant,12.9445124,77.6950135,N/A,N/A,N/A,N/A,12890278999
BLR Brewing Co.,pub,12.9443543,77.6945749,N/A,N/A,N/A,N/A,12890296302
Meghana Foods,restaurant,12.9264207,77.5846605,N/A,N/A,N/A,N/A,12894266887
Dakshin Thindi,restaurant,12.9396495,77.5853022,N/A,N/A,N/A,N/A,12896426676
Third Wave Coffee Roasters,cafe,12.9859554,77.5509443,N/A,N/A,N/A,N/A,12901334775
Screws and Brews,cafe,13.0007892,77.5527658,"Dr. Rajkumar Road, Rajajinagar, Bengaluru, 560010",N/A,N/A,N/A,12901334776
Tea Cafe,cafe,13.0931177,77.5846984,N/A,N/A,N/A,N/A,12909331973
Sri Ganesh,restaurant,13.0023503,77.6611974,N/A,N/A,N/A,N/A,12915242286
Third Wave Coffee Roasters,cafe,12.9209967,77.5835395,N/A,N/A,N/A,N/A,12917043442
Smoor,cafe,12.9213666,77.5838533,N/A,N/A,N/A,N/A,12917043444
Uncle Peter's Pancakes,restaurant,12.920632,77.5835341,N/A,N/A,N/A,N/A,12917043446
Chikmagalur Estate Coffee,cafe,12.9252227,77.58467,N/A,N/A,N/A,N/A,12917043469
Kaapi Corner,cafe,12.9254083,77.5836059,N/A,N/A,N/A,N/A,12917043480
Kadamba,restaurant,12.901609,77.4689944,N/A,N/A,N/A,N/A,12920552749
Paul,restaurant,13.011695,77.5553974,"Upper Ground Floor, Orion Mall, Dr. Rajkumar Road, Bangalore",N/A,N/A,N/A,12927878004
Amicii,pub,12.9806176,77.6410825,N/A,N/A,N/A,N/A,12927909816
Si Nonna's,restaurant,12.9854431,77.7489022,Bengaluru,N/A,https://sinonnas.com/,N/A,12927909817
Si Nonna's,restaurant,12.9805101,77.6410277,Bengaluru,N/A,https://sinonnas.com/,N/A,12927909818
Benji Coffee,cafe,13.0009541,77.5696999,N/A,N/A,N/A,N/A,12927909819
Kuuraku,restaurant,12.9894253,77.7277667,Bangalore,N/A,N/A,N/A,12927909820
Amintiri,cafe,12.9117328,77.6444626,N/A,N/A,https://amintiri.in/,N/A,12927909821
Smash Guys,restaurant,12.9703064,77.6390491,N/A,N/A,https://www.smashguys.in/,N/A,12927909822
Fuku Coffee Commune,cafe,13.021972,77.6378266,"3rd A Cross Road, Kalyan Nagar, Bengaluru, 560043",N/A,N/A,N/A,12927909823
Cahoots,bar,12.973279,77.6075218,N/A,N/A,N/A,N/A,12927909824
Isobar & Pub,pub,12.9103547,77.5925251,N/A,N/A,N/A,N/A,12941883835
Mainland China,restaurant,13.0255229,77.6391637,N/A,N/A,N/A,N/A,12941892980
Kaliyodam The Restaurant,restaurant,13.0704713,77.651709,Hennur Bagalur Road,N/A,N/A,N/A,12942093401
Pizza Hut,restaurant,12.9381641,77.6991403,N/A,N/A,N/A,N/A,12942152841
Hachi by Tenya,restaurant,12.982368,77.7087588,N/A,N/A,N/A,N/A,12946538926
Om Sri Biryani Point,restaurant,12.9269376,77.5737205,Krishna Rajendra Road,N/A,N/A,N/A,12949690546
Krok Burgers,restaurant,12.9728006,77.6067987,"Forum Rex Walk, Brigade Road, Ashok Nagar, Bangalore, 560001",N/A,N/A,N/A,12949903692
Sri Guntu Ruchulu,restaurant,12.9546922,77.700256,N/A,N/A,N/A,N/A,12951424134
Street Chai,cafe,12.9731349,77.7505326,N/A,N/A,N/A,N/A,12951553766
Cafe Zero,restaurant,13.1005968,77.5698876,N/A,+91 90196 92921,N/A,N/A,12955633201
Udupi Vibhava,restaurant,12.9656707,77.7491354,N/A,N/A,N/A,N/A,12955917170
The Stage Cafe,cafe,13.0275443,77.5770193,N/A,N/A,https://thestagecafe.in,N/A,12957089042
Unnamed Spot,restaurant,13.0676759,77.5927458,Bellary Road,N/A,N/A,N/A,12959009302
Ambur Hot Dum Biriyani,restaurant,12.9420744,77.7472195,N/A,N/A,N/A,N/A,12959508038
Sri Ashok Hotel,restaurant,12.9371702,77.7487965,N/A,N/A,N/A,N/A,12959571112
Udupi Grand,restaurant,12.928802,77.7394116,N/A,N/A,N/A,N/A,12959588093
Puneri Amrutalaya,cafe,12.9182664,77.631985,N/A,N/A,N/A,N/A,12970637618
Mitahi Mahal,restaurant,12.988073,77.7338527,N/A,N/A,N/A,N/A,12972911335
Sri Udupi Food Hub,restaurant,12.9838519,77.7514636,N/A,N/A,N/A,N/A,12972911342
Chai Makhani,cafe,12.9836774,77.7520031,N/A,N/A,N/A,N/A,12972911346
Bay Leaves,bar,12.9834499,77.7529294,N/A,N/A,N/A,N/A,12972911347
SLV Hotel A1 Hot Dum-Biriyani,restaurant,12.9396843,77.7473374,N/A,N/A,N/A,N/A,12976464072
Cafe Amudham,cafe,12.9219531,77.665313,N/A,N/A,N/A,N/A,12979176591
Happy Endings,cafe,12.9273175,77.6690879,N/A,N/A,N/A,N/A,12979340852
A2B,restaurant,12.9274757,77.6717511,N/A,N/A,N/A,N/A,12979349715
Chaayos,cafe,12.9273544,77.6705606,N/A,N/A,N/A,N/A,12979349718
Piro,cafe,12.9088782,77.6461122,N/A,N/A,N/A,N/A,12980092657
The Snug Cuppa,cafe,12.9081116,77.6486571,N/A,N/A,N/A,N/A,12980126189
Sinchana Food Court,restaurant,12.9787167,77.7112515,N/A,N/A,N/A,N/A,12981491763
The Chef,cafe,12.9792441,77.7125699,N/A,N/A,N/A,N/A,12981491768
Templar,bar,12.9751152,77.6071543,N/A,N/A,N/A,N/A,12981639465
Sannidhi Grand,restaurant,13.009385,77.538382,560096,N/A,N/A,N/A,12985604701
Malgudi Parampare Cafe,cafe,12.8599685,77.5423745,N/A,8660959583,N/A,N/A,12985609357
Authentic Bengaluru Cafe,cafe,12.8600663,77.5424132,"Tummy Town Food Court, Holiday Village Road, Bengaluru",N/A,N/A,N/A,12985621322
Paarus Kitchen,restaurant,12.8600681,77.5424865,"Tummy Town Food Court, Holiday Village Road, Bengaluru",N/A,N/A,N/A,12985629180
Cuisinova,restaurant,12.8599702,77.5424744,"Tummy Town Food Court, Holiday Village Road, Bengaluru",N/A,N/A,N/A,12985645907
Downtown Diner,restaurant,12.9730015,77.6086779,"43, Field Marshall Cariappa Road, Galaxy, Shanthala Nagar, 560001",N/A,N/A,N/A,12986072302
Delhi Restaurant,restaurant,12.9871889,77.7389659,N/A,N/A,N/A,N/A,12987088743
Kerala Home Kitchen,restaurant,12.9692162,77.7501638,N/A,N/A,N/A,N/A,12987464389
Luscious,restaurant,12.9692513,77.6003167,N/A,N/A,N/A,N/A,12988151784
Kohinoor,restaurant,12.9692682,77.6001826,N/A,N/A,N/A,N/A,12988151785
4/1 Kitchen,restaurant,12.9692944,77.6000431,N/A,N/A,N/A,N/A,12988151786
Sendhoor Coffee,restaurant,13.0047453,77.6599498,N/A,N/A,N/A,N/A,12988267480
TruBrew Cafe,cafe,12.9693345,77.6358435,"Indiranagar Double Road, Indiranagar, Bengaluru, 560008",N/A,N/A,N/A,12988984440
The Estate Deli,cafe,12.9694713,77.6358339,"Indiranagar Double Road, Indiranagar, Bengaluru, 560008",+91 6363721915,N/A,N/A,12988984441
Cafe 363 x Neu Leaves,cafe,12.9663035,77.5090733,N/A,N/A,N/A,N/A,12989944583
Starbucks,cafe,12.9660814,77.5093295,N/A,N/A,N/A,N/A,12989944584
Gladia,bar,12.9109139,77.6849917,N/A,N/A,N/A,N/A,12990076238
Sri Vasavi Cafe,restaurant,12.8756037,77.5688495,N/A,N/A,N/A,N/A,12992403981
4friends,pub,12.9680004,77.7500178,N/A,N/A,N/A,N/A,12995177296
Mathas Coffee,cafe,12.9428023,77.5854728,N/A,N/A,N/A,N/A,12995318314
Chaayos,cafe,12.9322974,77.7456583,N/A,N/A,N/A,N/A,12996959154
Telugu Aromas,restaurant,12.9830582,77.7471656,N/A,N/A,N/A,N/A,12997791809
Katana,restaurant,12.9688089,77.6359519,N/A,N/A,N/A,N/A,12999130466
Louis Burger,restaurant,12.965292,77.6380121,N/A,N/A,N/A,N/A,12999130467
Brott,cafe,12.9648993,77.6392134,"4th Cross Road, Indiranagar, Bengaluru, 560008",N/A,https://brottcafe.com,N/A,12999130482
Thyme & Whisk,restaurant,12.9848101,77.7508592,N/A,N/A,N/A,N/A,13001080192
Udupi Gokula,restaurant,12.929764,77.6851805,N/A,N/A,N/A,N/A,13008559922
Cafe Amudham,cafe,12.9403289,77.5798713,N/A,N/A,N/A,N/A,13011339074
Udupi Gokula,restaurant,13.004333,77.7173767,N/A,N/A,N/A,N/A,13012919956
Pizza Hut,restaurant,13.0045897,77.7176126,N/A,N/A,N/A,N/A,13012919958
The Coffee Brewery,cafe,13.004567,77.7176657,N/A,N/A,N/A,N/A,13012919960
Manyata,restaurant,13.0196646,77.6550064,N/A,N/A,N/A,N/A,13013182897
SLV Hotel,restaurant,12.9402511,77.7475086,N/A,N/A,N/A,N/A,13013411236
The Rogue Elephant Cafe,cafe,12.9833134,77.611239,"Kamaraj Road, Shivajinagar, Bengaluru, 560051",N/A,N/A,N/A,13013584279
Kalmane Koffees,cafe,12.9921228,77.5703135,N/A,N/A,N/A,N/A,13013584280
Kalmane Koffees,cafe,12.9701145,77.6093423,N/A,N/A,N/A,N/A,13013584281
Chin Lung,pub,12.9412292,77.6966422,N/A,N/A,N/A,N/A,13013584283
Vida Brazilian Cafe,cafe,13.0292834,77.6328787,N/A,N/A,N/A,N/A,13013584288
Jolly Johnny's Bar,restaurant,12.9673961,77.7148172,N/A,N/A,N/A,N/A,13013584292
Moai,restaurant,12.9249841,77.5839479,N/A,N/A,N/A,N/A,13013584293
404 by TOF,bar,12.9341515,77.6101349,N/A,N/A,N/A,N/A,13013584294
Curry Central,restaurant,13.0274933,77.5773905,N/A,N/A,N/A,N/A,13013584295
The Coffee Theatre,cafe,12.9702451,77.6393656,N/A,N/A,N/A,N/A,13013584296
Venn,restaurant,13.0220219,77.6399329,N/A,N/A,N/A,N/A,13013584298
The Sherugars Kitchen,restaurant,13.0988397,77.5852722,N/A,N/A,N/A,N/A,13013584300
Zenforest,cafe,13.0571759,77.5887121,N/A,N/A,N/A,N/A,13013588701
Tango,restaurant,12.9726668,77.6999433,N/A,N/A,N/A,N/A,13013588702
Mirth,bar,12.9801659,77.6405388,N/A,N/A,N/A,N/A,13013588703
Garci,restaurant,12.9282787,77.576614,N/A,N/A,N/A,N/A,13013588704
Svarasa,restaurant,12.9864023,77.5953117,N/A,N/A,N/A,N/A,13013588705
154 Breakfast Club,restaurant,12.9112491,77.5133944,N/A,N/A,N/A,N/A,13013588706
Mad Doh Sourdough Pizzeria,restaurant,12.9848898,77.7506397,Bengaluru,N/A,N/A,N/A,13013588708
The Junk Free Cafe,cafe,12.9918797,77.7026349,N/A,N/A,N/A,N/A,13013588709
Dolphins Bar and Kitchen 1977,restaurant,13.0927605,77.5937399,N/A,N/A,N/A,N/A,13013588710
Coffee Brewery,cafe,12.9226136,77.5601654,N/A,N/A,N/A,N/A,13013588711
Una Hacienda,bar,12.9747421,77.599329,N/A,N/A,N/A,N/A,13013588713
Kalpaney,restaurant,12.906053,77.5897421,N/A,N/A,N/A,N/A,13013588714
Beyondburg Inc.,restaurant,12.9715351,77.6008446,"House of Lords, St. Mark's Road, Shanthala Nagar, Bengaluru, 560001",N/A,N/A,N/A,13013588715
Blue Tokai Coffee Roasters,cafe,12.9851759,77.7497399,N/A,N/A,N/A,N/A,13013588743
Si Nonna's,restaurant,13.0233978,77.6431482,"7th Main Road, Kalyan Nagar, Bengaluru, 560043",N/A,https://sinonnas.com/,N/A,13013588744
Si Nonna's,restaurant,13.0276135,77.5717753,"New BEL Road, RMV 2nd Stage, Bengaluru, 560024",N/A,https://sinonnas.com/,N/A,13013588745
Si Nonna's,restaurant,12.9368179,77.6148469,"Koramangala, Bengaluru, 560034",N/A,https://sinonnas.com/,N/A,13013588746
Si Nonna's,restaurant,12.9155838,77.6324992,"5th Main Road, HSR Layout, Bengaluru, 560102",N/A,https://sinonnas.com/,N/A,13013588747
Brik Oven,restaurant,12.9136422,77.644891,"19th Main Road, HSR Layout, Bengaluru, 560102",N/A,https://brikoven.com,N/A,13013588748
Riko,restaurant,12.9716906,77.5960708,N/A,N/A,N/A,N/A,13013588749
Yan Yan,restaurant,12.9672746,77.6018938,N/A,N/A,N/A,N/A,13013588750
Blah Bla,pub,12.9328117,77.613835,N/A,N/A,N/A,N/A,13013958062
ASF - Ancient Stone Flames,restaurant,12.9512351,77.6993442,N/A,N/A,N/A,N/A,13013958063
ASF - Ancient Stone Flames,restaurant,13.0255067,77.6392248,N/A,N/A,N/A,N/A,13013958064
Isobel Coffee House,cafe,12.9685475,77.5964624,N/A,N/A,N/A,N/A,13013958065
Piro,cafe,12.9091354,77.6463649,N/A,N/A,N/A,N/A,13013958066
Boozy Dozzy,pub,12.9173863,77.6089494,N/A,N/A,N/A,N/A,13013958067
The Brew Factory,pub,13.0792013,77.5920139,N/A,N/A,N/A,N/A,13013978924
The Food Factory,restaurant,13.079106,77.5924753,N/A,N/A,N/A,N/A,13013978925
The Fisherman's Wharf,restaurant,13.0788957,77.5924578,N/A,N/A,N/A,N/A,13013978926
Tommy's,restaurant,12.9589691,77.6613128,N/A,N/A,N/A,N/A,13013978945
Jalssa,bar,13.0174696,77.591572,N/A,N/A,N/A,N/A,13013978946
La Grace,cafe,12.9346469,77.6139987,N/A,N/A,N/A,N/A,13013978947
Burma Burma,restaurant,12.920153,77.6848372,N/A,N/A,N/A,N/A,13013978948
Tuk Tuk Thai,restaurant,12.906051,77.5825477,N/A,N/A,N/A,N/A,13013978949
Hotel Royal Blooms,hotel,12.9843483,77.7498546,"Pearl Grand Tower, Whitefield Road",N/A,N/A,N/A,13018734716
Family Kitchen,restaurant,12.9844171,77.7497141,N/A,N/A,N/A,N/A,13022417930
Mani's Dum Biriyani,restaurant,12.9844717,77.7495433,N/A,N/A,N/A,N/A,13022417934
The Heaven Mandi,restaurant,12.9847043,77.748794,N/A,N/A,N/A,N/A,13022417944
House Of Desserts,restaurant,12.984719,77.7488832,N/A,N/A,N/A,N/A,13022417945
Smoky Dock,restaurant,12.9847782,77.7488158,N/A,N/A,N/A,N/A,13022417946
Donne Biriyani Palace,restaurant,12.9846806,77.748896,N/A,N/A,N/A,N/A,13022417948
Laffah,restaurant,12.9846111,77.7491282,N/A,N/A,N/A,N/A,13022417952
Family Kitchen,cafe,12.9844954,77.7496757,Whitefield Road,N/A,N/A,N/A,13022417954
Star Biriyani,restaurant,12.9845057,77.7493875,"SDR Tower, Whitefield Road",N/A,N/A,N/A,13022417955
The Green Door Coffee House,cafe,12.983093,77.5967084,N/A,N/A,N/A,N/A,13023088269
The Green Door Coffee House,cafe,12.9572298,77.5943978,N/A,N/A,N/A,N/A,13023090264
Udupi Gokula,restaurant,13.0239115,77.6944408,N/A,N/A,N/A,N/A,13028433913
Brew La Paix,cafe,13.0226898,77.6393218,N/A,N/A,https://brewlapaix.com,N/A,13030841318
Divine Drops,bar,12.9572779,77.7094779,N/A,N/A,N/A,N/A,13033289901
Belly Laugh Bistro,cafe,13.1226429,77.6016739,N/A,N/A,N/A,N/A,13033945524
Mr Bakes Cafe,cafe,12.9716615,77.7055735,N/A,N/A,N/A,N/A,13037172166
Teaday,cafe,12.9713945,77.7063241,N/A,N/A,N/A,N/A,13037172167
Moonrock Lounge Bar,bar,13.0339935,77.5688182,N/A,N/A,N/A,N/A,13043171811
Dolci,cafe,13.0337518,77.5689442,N/A,N/A,N/A,N/A,13043171812
BurgerMan,restaurant,13.0298987,77.5709049,N/A,N/A,N/A,N/A,13043171817
Olive Cafe,cafe,12.9333407,77.6149591,N/A,N/A,N/A,N/A,13045205432
Chai Point,cafe,12.9641723,77.7124942,N/A,N/A,N/A,N/A,13049444668
Glen's Bakehouse,cafe,13.0747566,77.6517814,N/A,N/A,N/A,N/A,13059997273
Bathinda Junction,restaurant,12.9690741,77.6481302,N/A,N/A,N/A,N/A,13060047832
Mannheim Craft Brewery,pub,12.9907341,77.7079521,"Whitefield Road, 560048",N/A,N/A,N/A,13062303501
Starbucks,cafe,12.9566975,77.7320865,N/A,N/A,N/A,N/A,13062869341
Starbucks,cafe,12.936848,77.6890633,N/A,N/A,N/A,N/A,13062869342
Starbucks,cafe,12.9162412,77.5925774,N/A,N/A,N/A,N/A,13062869343
Starbucks,cafe,12.8915803,77.5974736,N/A,N/A,N/A,N/A,13062869344
Starbucks,cafe,12.9075889,77.6012716,N/A,N/A,N/A,N/A,13062869345
Starbucks,cafe,12.8880139,77.5631493,N/A,N/A,N/A,N/A,13062869346
Starbucks,cafe,12.978323,77.644993,N/A,N/A,N/A,N/A,13062869347
Starbucks,cafe,12.9279907,77.6918155,Bengaluru,N/A,N/A,N/A,13062869348
Chai Point,cafe,13.0153771,77.7021292,N/A,N/A,N/A,N/A,13062869380
Starbucks,cafe,13.0152255,77.7018342,Bengaluru,N/A,N/A,N/A,13062869381
Starbucks,cafe,13.0207254,77.593135,Bengaluru,N/A,N/A,N/A,13062869382
Starbucks,cafe,12.9698603,77.6098791,Bengaluru,N/A,N/A,N/A,13062869383
Starbucks,cafe,12.9913578,77.5711154,Bengaluru,N/A,N/A,N/A,13062869384
Unnamed Spot,restaurant,12.9252983,77.6745172,N/A,N/A,N/A,N/A,13063799871
Malabar Kitchen,restaurant,12.9259883,77.6759119,N/A,N/A,N/A,N/A,13063810713
Leon's Burgers & Wings,restaurant,12.9242936,77.6737685,Outer Ring Road,+919731123856,https://leogrill.net,support.crm@leogrill.net,13063830116
Tribal Brew Coffee,cafe,12.974669,77.6058786,N/A,N/A,https://www.tribalbrew.coffee/,N/A,13068296071
Coffee Naa Tea Naa,cafe,12.9216656,77.5808654,N/A,N/A,N/A,N/A,13070233795
Advaita,restaurant,12.9508138,77.7156575,N/A,N/A,N/A,N/A,13071984335
happen blr,cafe,12.9119746,77.609868,N/A,N/A,N/A,N/A,13072721958
Aarell Cafe,cafe,12.9204248,77.5896784,N/A,N/A,N/A,N/A,13072830363
The Anjanadri Cafe,cafe,12.9196735,77.6110805,N/A,N/A,N/A,N/A,13073507651
Thata Tea,cafe,12.9196668,77.6111457,N/A,N/A,N/A,N/A,13073507652
Shiva's Mess,restaurant,12.9196623,77.6113209,N/A,N/A,N/A,N/A,13073507653
Ambur Hot Sum Biryani,restaurant,12.9196523,77.6115636,N/A,N/A,N/A,N/A,13073507656
Udupi Sagar,restaurant,12.9196021,77.6130587,N/A,N/A,N/A,N/A,13073507658
Sanju's Kitchen,restaurant,12.919519,77.6142831,N/A,+91 86605 67052,N/A,N/A,13073507660
Si Nonna's,restaurant,13.083084,77.6436651,Bengaluru,N/A,https://sinonnas.com/,N/A,13075555919
Kamati Vanta,restaurant,13.0931115,77.5845917,N/A,+919606669009,N/A,N/A,13076051859
Cafe Kempu,cafe,13.0579781,77.6476899,N/A,N/A,N/A,N/A,13077680175
Theo Cafe,cafe,13.0543354,77.6450764,N/A,N/A,N/A,N/A,13077680177
Cafe de Verde,cafe,12.940859,77.6234175,N/A,N/A,N/A,N/A,13084285574
Cafe Coffee Day,cafe,13.059645,77.5877546,N/A,N/A,N/A,N/A,13084774561
Thirtha,restaurant,12.9866522,77.5950672,N/A,N/A,N/A,N/A,13086275903
Hunaan,restaurant,12.9695571,77.6358305,N/A,N/A,N/A,N/A,13086275904
Mudde Saar,restaurant,12.9675813,77.6544647,N/A,N/A,N/A,N/A,13086275905
Pinocchio,restaurant,12.9730168,77.606288,"Forum Rex Walk, Brigade Road, Ashok Nagar, Bangalore, 560001",N/A,N/A,N/A,13086275906
The Bombay Chapter 003,restaurant,12.9056206,77.6014402,N/A,N/A,N/A,N/A,13086275907
Extra Chutney,restaurant,12.979026,77.5776266,N/A,N/A,N/A,N/A,13086275908
Mai Mai,restaurant,12.970615,77.6468457,N/A,N/A,https://www.maimaiindia.com/,N/A,13086275909
Krust Cafe,cafe,12.9283909,77.6361652,N/A,N/A,N/A,N/A,13086275910
Bao To Me,restaurant,12.9288004,77.6353345,N/A,N/A,N/A,N/A,13086275911
Blanc The Coffee Place,cafe,12.985053,77.5791058,N/A,N/A,N/A,N/A,13086275912
Coffee Mechanics,cafe,12.9356585,77.698271,N/A,N/A,https://www.coffeemechanics.co.in/,N/A,13086275913
1882 Restaurant,restaurant,12.9692205,77.7169679,"ITPL Main Rd, EPIP Zone Brookefield, Bengaluru, 560037",+91 63664 35034,https://www.hilton.com/en/hotels/blrkudi-doubletree-bengaluru-whitefield/dining/,blkru_dining@hilton.com,13088970071
Sama,bar,12.9754556,77.616835,N/A,N/A,N/A,N/A,13089020176
Kai,bar,12.9716862,77.6191623,N/A,N/A,N/A,N/A,13089143191
Murugan tea stall,cafe,13.0838114,77.5601832,N/A,N/A,N/A,N/A,13093871380
Juliana's,restaurant,12.9795064,77.606818,"Safina Plaza, Main Guard Cross Road",+91 97395 90000,N/A,N/A,13098372342
Punjabi Adda,restaurant,13.0055959,77.6598682,N/A,N/A,N/A,N/A,13100714478
Rumi,restaurant,13.0056949,77.6598137,N/A,N/A,N/A,N/A,13100714479
Malabar Cafe,cafe,12.9308506,77.6065375,N/A,N/A,N/A,N/A,13103315636
Arena Brewhouse,pub,12.9767881,77.6412263,N/A,N/A,N/A,N/A,13104002194
Mast Marathi,restaurant,12.9114081,77.6443062,N/A,+91 88849 19043,N/A,N/A,13108370790
The LightHouse Restaurant,restaurant,13.0280492,77.5721604,"80 Feet Road, 560094",070262 36661,N/A,N/A,13108814301
Rasa Sangam,restaurant,13.0713888,77.651801,N/A,N/A,N/A,N/A,13108989422
Empire,restaurant,13.05799,77.6483832,N/A,N/A,N/A,N/A,13108989448
Navodaya Military Hotel,restaurant,12.929944,77.5687446,"Shastry Nagar Road 14th cross, Bengaluru,, 560070",+919731497318,https://visitmysite.in/navodaya-military-hotel/,navodayamilitaryhotel@gmail.com,13109571372
Cafe Baha,cafe,12.8736761,77.6112921,N/A,N/A,N/A,N/A,13110965034
Coffee Chemistry,cafe,12.9233931,77.5734142,N/A,N/A,N/A,N/A,13110965593
Meghana Biryani,restaurant,12.9780951,77.6379044,N/A,N/A,N/A,N/A,13112169128
Casa Fresco,cafe,12.9826019,77.6403629,N/A,N/A,N/A,N/A,13114307278
Aligarh House,restaurant,12.964643,77.7173111,N/A,N/A,N/A,N/A,13114959387
Theerath,restaurant,12.9556172,77.7148511,N/A,N/A,N/A,N/A,13116007577
Third Wave Coffee,cafe,12.9320549,77.685201,N/A,N/A,N/A,N/A,13116211434
Nalapaka Express,restaurant,12.9316969,77.6848482,N/A,N/A,N/A,N/A,13116537351
Andhra Biryanis,restaurant,12.9716903,77.7117419,N/A,N/A,N/A,N/A,13119024306
Circa 11,restaurant,12.97041,77.6403283,"12th Main, Indiranagar, Bengaluru, 560038",N/A,https://www.circa11.in/,N/A,13120496069
Hatti Kaapi,cafe,12.9866604,77.7079537,N/A,N/A,N/A,N/A,13120636986
Brix & Barrells,pub,12.9878686,77.7089248,N/A,N/A,N/A,N/A,13120641536
Tirumala Dreams,restaurant,13.0979149,77.5626759,N/A,N/A,N/A,N/A,13130333014
Marseli Cafe & Patisserie,cafe,12.9162344,77.6492743,"24th Main Rd, 1st Sector, HSR Layout, Bengaluru, 560102",N/A,N/A,N/A,13130906992
Tea & cigarette stall,cafe,12.8715697,77.5696132,N/A,N/A,N/A,N/A,13131326934
Tea Shop,cafe,13.0124799,77.6526379,"5th Cross Road, Bengaluru East City Corporation, 560043",N/A,N/A,N/A,13131399191
Chai Days,cafe,12.9309735,77.579566,N/A,N/A,N/A,N/A,13140342783
Marroni Bistro,cafe,12.8751982,77.5428077,"Kanakapura Road, 560109",N/A,N/A,N/A,13142030402
Lassi Shop,cafe,12.938528,77.5803599,N/A,N/A,N/A,N/A,13154523676
MM Foods,restaurant,12.9234508,77.4997987,N/A,N/A,N/A,N/A,13155043801
Hotel Dream Land Family Restaurant,restaurant,12.9248386,77.4985064,N/A,N/A,N/A,N/A,13155090430
Mojo Pizza,restaurant,12.9246933,77.4982973,Pattangare Metro Pathway,N/A,N/A,N/A,13155115801
Amulya Bar & Restaurant,bar,13.1228705,77.6108205,N/A,N/A,N/A,N/A,13155774049
Udupi Grand,restaurant,13.1091446,77.602978,N/A,N/A,N/A,N/A,13155774052
Flames Restaurant,restaurant,12.9492191,77.5962052,N/A,N/A,N/A,N/A,13155991173
Mayuri,restaurant,12.9128491,77.585578,N/A,N/A,N/A,N/A,13158114701
Parkwood Inn,hotel,12.9448582,77.5951023,N/A,N/A,N/A,N/A,13158425226
Infant Cafe,cafe,12.9988048,77.640553,N/A,N/A,N/A,N/A,13159616821
Chin Lung,restaurant,12.976245,77.5787283,N/A,N/A,N/A,N/A,13162084334
New Down Town Cafe,cafe,13.1034197,77.5716282,N/A,N/A,N/A,N/A,13167467848
Iris Cafe,cafe,12.9231064,77.5852789,N/A,N/A,https://iriscafe.in/,N/A,13168786887
Jamming Goat 3.0,pub,12.9570583,77.7154398,N/A,N/A,N/A,N/A,13168786888
Nombre,cafe,12.9112282,77.5992921,N/A,N/A,N/A,N/A,13168786890
Royal China,restaurant,12.9721676,77.5964811,N/A,N/A,N/A,N/A,13168786891
Bamey's Gastro Bar,restaurant,12.933894,77.6198284,N/A,N/A,https://bameys.co/,N/A,13168786892
Jewel Sizzle,restaurant,12.9010005,77.5857148,N/A,N/A,https://www.jewelsizzle.in/,N/A,13168786893
Unnamed Spot,bar,12.9860538,77.6704131,N/A,N/A,N/A,N/A,13173750204
Blue Tokai,cafe,12.912761,77.6448505,N/A,N/A,N/A,N/A,13175147184
The Pizza Bakery,restaurant,12.9121235,77.6471927,N/A,N/A,N/A,N/A,13175147185
Mannheim,cafe,12.9121736,77.6471643,N/A,N/A,N/A,N/A,13175147186
Make Di Hatti,restaurant,12.9121363,77.6496658,N/A,N/A,N/A,N/A,13175211583
Orzuv,restaurant,12.9542063,77.717574,N/A,+91 80 3160 5783,https://www.orzu.co,N/A,13175465713
Edge Cafe,cafe,12.935039,77.5859186,N/A,N/A,N/A,N/A,13176265277
Unnamed Spot,cafe,12.9412358,77.747013,N/A,N/A,N/A,N/A,13176724500
Ashiana,hotel,12.951596,77.7156715,N/A,N/A,N/A,N/A,13178436957
Zion Food Corner,restaurant,12.9671849,77.5925648,N/A,N/A,N/A,N/A,13189703465
Coffee Central,cafe,12.9867135,77.735713,N/A,N/A,N/A,N/A,13192032431
Deccan Paradise,restaurant,12.9868488,77.7367295,N/A,N/A,N/A,N/A,13192098301
Sichuan,restaurant,12.9869918,77.7368999,N/A,N/A,N/A,N/A,13192098302
California Burrito,restaurant,12.9870886,77.7368972,N/A,N/A,N/A,N/A,13192098303
Andhra Ruchulu,restaurant,12.933225,77.5833782,N/A,N/A,N/A,N/A,13192247885
The Resident,hotel,12.9331601,77.5833173,N/A,N/A,N/A,N/A,13192247886
Nandhini Delux,restaurant,12.9716494,77.6008982,"Saint Mark's Road, Bengaluru",+91 08069 059999,https://nandhini.com,N/A,13195256250
Demitasse Coffee,cafe,12.9583064,77.7190594,7th Cross Road,N/A,N/A,N/A,13198389311
The Prosper's Cafe,cafe,12.9497906,77.7456609,N/A,N/A,N/A,N/A,13200227930
Oasis Brewery,pub,12.9973786,77.6910719,N/A,N/A,N/A,N/A,13207038885
Udupi Upahara,restaurant,12.880859,77.5459954,"Kanakapura Road, Doddakallasandra, Bengaluru",N/A,N/A,N/A,13208696268
Mountain Bee kombucha Hive,cafe,12.9812592,77.6362473,"2nd Main Road, Bengaluru, 560038",8792743820,N/A,N/A,13227070703
The Faith Cafe,cafe,12.9124394,77.6419506,N/A,N/A,N/A,N/A,13227707085
The Filter Coffee,restaurant,13.0050569,77.5783253,N/A,N/A,N/A,N/A,13227760612
California Burrito,restaurant,13.0050491,77.5787196,N/A,N/A,N/A,N/A,13227760613
Shetty Lunch Home,bar,13.0055731,77.5787571,N/A,N/A,N/A,N/A,13227760614
The Indies Cafe,restaurant,13.0044381,77.5786929,N/A,N/A,N/A,N/A,13228016712
1966,cafe,12.9523171,77.7154382,N/A,+91 83870 81111,N/A,N/A,13228842899
Paakashala,restaurant,12.9300874,77.5149732,N/A,N/A,N/A,N/A,13240113592
Blossom Bean Cafe,cafe,12.9280883,77.5180799,N/A,N/A,N/A,N/A,13240199714
Nammura Hotel,restaurant,12.8665965,77.5348406,"Kanakapura Road, 560109",N/A,N/A,N/A,13242265801
Unnamed Spot,restaurant,12.9429723,77.5963693,N/A,N/A,N/A,N/A,13242923144
The Green Village Restaurant,restaurant,12.8825205,77.5165647,N/A,N/A,N/A,N/A,13245148771
Karishma Valley Restaurant,restaurant,12.8847822,77.5164708,N/A,N/A,N/A,N/A,13245148776
Season 18 Lounge and Kitchen,restaurant,12.8882126,77.516275,N/A,N/A,N/A,N/A,13245148777
MBR Grand,restaurant,12.888414,77.5162697,N/A,N/A,N/A,N/A,13245148778
Range,restaurant,12.8794534,77.5166962,N/A,N/A,N/A,N/A,13245148804
Toca,pub,12.934784,77.6159841,N/A,N/A,N/A,N/A,13246332803
Santrina Hotels,hotel,12.9348121,77.6159774,N/A,N/A,N/A,N/A,13246335122
Kebab Mahal,restaurant,12.8837389,77.5483971,"Kanakapura Road, Doddakallasandra, 560062",N/A,N/A,N/A,13251341683
Maverick and Farmer Coffee,cafe,12.9753941,77.6024211,"1 Sobha, Church Street, Bengaluru, 560001",N/A,https://www.maverickandfarmer.com/,N/A,13256101495
Rosmarino,restaurant,12.9608524,77.6437363,N/A,N/A,N/A,N/A,13256172751
Cherry Bean Coffee,cafe,12.9060589,77.5945085,N/A,N/A,N/A,N/A,13260788309
Bonheur Cafe,cafe,12.9029077,77.5947434,N/A,N/A,N/A,N/A,13260788310
Onesta,cafe,12.9300434,77.5149538,N/A,N/A,N/A,N/A,13269444090
Grand Continent,hotel,13.0408034,77.6200335,N/A,N/A,N/A,N/A,13273333781
Turtle Matcha,restaurant,12.9755494,77.6357652,N/A,N/A,N/A,N/A,13275708490
Skydeck,bar,12.9036044,77.5078535,N/A,N/A,N/A,N/A,13276814997
Sri Krishna Grand,restaurant,12.9713848,77.6067146,"Brigade Road, Ashok Nagar, Bangalore, 560 025",N/A,N/A,N/A,13277102840
Nura,restaurant,12.9768506,77.7265063,N/A,N/A,N/A,N/A,13286851347
Biryani biryani,restaurant,12.98227,77.6393458,N/A,N/A,N/A,N/A,13287325356
1966 - The Mumbai Cafe,restaurant,12.9822844,77.6395739,N/A,N/A,N/A,N/A,13287328700
Namma Hallimane,restaurant,12.9822657,77.6391993,N/A,N/A,N/A,N/A,13287348278
Al Baik Biryani,restaurant,12.9821915,77.6391924,N/A,N/A,N/A,N/A,13287354615
The Beer Social,pub,12.981396,77.5630786,N/A,N/A,N/A,N/A,13288507138
Sly,pub,12.994693,77.6149939,N/A,N/A,N/A,N/A,13288507188
Moonstone,restaurant,12.9453221,77.577083,N/A,N/A,N/A,N/A,13288507189
Big Bean Cafe,cafe,12.9201388,77.5780657,N/A,N/A,N/A,N/A,13288585217
Vintage Adda,restaurant,12.9736987,77.6066277,N/A,N/A,N/A,N/A,13288585218
Snuzzles,cafe,12.9269106,77.5842972,N/A,N/A,N/A,N/A,13288585225
Matsya,restaurant,13.0586141,77.5927775,N/A,N/A,N/A,N/A,13288585226
Brau Galie,pub,12.9328511,77.6135016,N/A,N/A,N/A,N/A,13288585236
Mad Doh Sourdough Pizzeria,restaurant,12.9075231,77.5119377,Bengaluru,N/A,N/A,N/A,13288585237
Tribes Coffee,cafe,12.908973,77.6434796,N/A,N/A,N/A,N/A,13288585454
Nati Republic,restaurant,13.0346551,77.5678409,N/A,N/A,N/A,N/A,13288585471
Shinto,cafe,12.9663636,77.6377317,N/A,N/A,N/A,N/A,13288585509
Still Coffee,cafe,12.9613387,77.6456585,N/A,N/A,N/A,N/A,13288585556
Zarqash,restaurant,12.9675481,77.6017226,N/A,N/A,N/A,N/A,13288585563
By The Blue,restaurant,12.9292646,77.6278468,N/A,N/A,N/A,N/A,13288585564
One Floor Down,bar,12.9509627,77.7001091,N/A,N/A,N/A,N/A,13288585565
Purpose Matcha and Coffee House,cafe,12.968775,77.6026099,N/A,N/A,N/A,N/A,13288585566
Madras Kitchen and The Bar,restaurant,12.9722581,77.5951553,N/A,N/A,N/A,N/A,13288585567
Alfresco,restaurant,13.0843057,77.6431187,N/A,N/A,N/A,N/A,13288585568
Loco Lane,bar,12.9713645,77.6052916,N/A,N/A,https://locolane.club,N/A,13288585569
Loya,restaurant,12.9850109,77.5847599,N/A,N/A,N/A,N/A,13288585570
Indian Durbar,restaurant,12.9753916,77.6205926,N/A,N/A,N/A,N/A,13288585571
Lohri,restaurant,12.9724609,77.6201477,N/A,N/A,N/A,N/A,13288585572
Acai Theory,cafe,12.9662859,77.6416965,N/A,N/A,N/A,N/A,13288585573
Vesparo,restaurant,12.9665114,77.6417193,N/A,N/A,N/A,N/A,13288585574
Shreyas Inn,hotel,12.9297066,77.6851669,N/A,N/A,N/A,N/A,13297261618
G. D. Bar And Restaurant,bar,12.9604562,77.644626,N/A,N/A,N/A,N/A,13315911038
Myspace Express GD Inn,hotel,12.9604673,77.6445251,N/A,N/A,N/A,N/A,13315911039
Coffee Nivas,cafe,12.9700537,77.7069027,N/A,N/A,N/A,N/A,13316084769
Hyderabad Special Irani Chai,cafe,12.9714038,77.7068869,N/A,N/A,N/A,N/A,13319132768
Sri Udupi Vaibhava,restaurant,13.0024232,77.6613912,N/A,N/A,N/A,N/A,13324558094
Yaakay,pub,13.0578613,77.5918782,N/A,N/A,N/A,N/A,13325952226
Brindavana Cafe,cafe,13.0959108,77.5789409,N/A,N/A,N/A,N/A,13332227629
Salt,restaurant,12.9564872,77.7317032,N/A,N/A,N/A,N/A,13335974967
Unnamed Spot,bar,12.9940464,77.7319783,N/A,N/A,N/A,N/A,13337665240
Unnamed Spot,restaurant,12.9940673,77.7321553,N/A,N/A,N/A,N/A,13337665241
NH Cafe,cafe,12.9560746,77.7167824,N/A,N/A,N/A,N/A,13337671043
"Oyster, Bar & Kitchen",restaurant,12.9119044,77.6379048,N/A,N/A,N/A,N/A,13338743101
Wild Rabbit,cafe,12.9591817,77.7193501,8th Main Road,+91 73383 72421,N/A,N/A,13340064695
MTR,restaurant,13.0832382,77.643777,N/A,N/A,N/A,N/A,13340595779
Alankaaram,restaurant,12.9506612,77.5919149,N/A,N/A,N/A,N/A,13341775166
Nagarjuna,restaurant,12.9143672,77.6774049,N/A,N/A,N/A,N/A,13341880718
ATIL - Domlur,restaurant,12.956223,77.6366045,N/A,N/A,N/A,N/A,13342571682
Third Wave Coffee Roasters,cafe,12.942863,77.6921234,N/A,N/A,N/A,N/A,13342712901
The Red Lantern,restaurant,13.0021062,77.6615763,N/A,N/A,N/A,N/A,13344632701
Barista,cafe,12.955767,77.7124552,N/A,N/A,N/A,N/A,13352499937
33&Brew,pub,12.9732982,77.7098888,N/A,N/A,N/A,N/A,13354793122
Loca Moca,cafe,12.9949462,77.6174919,N/A,N/A,N/A,N/A,13357167658
Bruno,cafe,12.9749065,77.6194507,N/A,N/A,N/A,N/A,13357304253
Amaravathi Palace,restaurant,12.9078426,77.5993414,1st Main Road,+91 73377 91777,N/A,N/A,13357442350
Sri Udipi Food Hub,restaurant,12.9254499,77.5969588,N/A,N/A,N/A,N/A,13357442355
Sharetea,cafe,12.9787697,77.6405641,N/A,N/A,N/A,N/A,13357993035
Dhaba Sqare,restaurant,12.9575463,77.7155692,N/A,N/A,N/A,N/A,13358966038
Red Moon Suites,hotel,12.9586151,77.7156175,N/A,+91 73376 92999,N/A,N/A,13358966039
The Dritan,hotel,12.9585048,77.7155365,N/A,N/A,https://thedritan.com,N/A,13358966042
Quarter Peter,restaurant,12.9696748,77.6410845,N/A,N/A,N/A,N/A,13366201888
Timbar,bar,12.913632,77.5855552,N/A,N/A,N/A,N/A,13366201890
Yazu,restaurant,12.9733163,77.6017053,N/A,N/A,N/A,N/A,13366201891
TEKA,cafe,12.9798358,77.6384426,"11th Cross Road, Indiranagar, Bengaluru, 560038",N/A,https://www.tekajapan.com/,N/A,13366204719
Silaa The Garden Cafe,cafe,12.9125001,77.6393698,N/A,N/A,N/A,N/A,13366228002
Brewtroots Cafe,cafe,12.9118881,77.6392853,N/A,N/A,N/A,N/A,13366228003
Kaori by Chiran,cafe,12.9812171,77.6404308,N/A,N/A,N/A,N/A,13366228004
Kreme Kultura,cafe,13.0154219,77.6334862,N/A,N/A,https://kremekultura.com/,N/A,13366228010
Chakum Chukum,restaurant,12.9058091,77.64458,"19th Main Road, 560102",N/A,N/A,N/A,13368666901
A2B,restaurant,12.9244351,77.6885399,N/A,N/A,N/A,N/A,13372172901
Taiki,restaurant,12.9148654,77.6384313,N/A,N/A,N/A,N/A,13374172538
Phurr,restaurant,12.9705797,77.6458365,N/A,N/A,N/A,N/A,13380656595
Imperial Restaurant,restaurant,12.9912581,77.5936787,N/A,N/A,N/A,N/A,13381419276
Pinds of Punjab,restaurant,12.9730557,77.7104911,N/A,N/A,N/A,N/A,13382849640
Chai Point,cafe,12.974371,77.7123982,N/A,N/A,N/A,N/A,13382849642
Third Wave Coffee Roasters,cafe,12.9731764,77.7105508,N/A,N/A,N/A,N/A,13382970538
Pari,restaurant,13.0117576,77.5521818,N/A,N/A,N/A,N/A,13384664045
Teresita,restaurant,12.9699602,77.6392255,N/A,N/A,N/A,N/A,13384664046
Foo,restaurant,13.011363,77.5554058,"Dr. Rajkumar Road, Bangalore",N/A,https://fooasiantapas.com/,N/A,13384664047
Plente,restaurant,12.9710489,77.6475289,N/A,N/A,N/A,N/A,13384664048
Sable Cafe,cafe,12.9794442,77.6466519,N/A,N/A,N/A,N/A,13384664049
Smash Guys,restaurant,12.9206556,77.6852193,N/A,N/A,https://www.smashguys.in/,N/A,13384664050
The Burgery In,restaurant,12.9681018,77.6510775,N/A,N/A,N/A,N/A,13384664051
Khusboo Hotel,restaurant,12.9362059,77.7505796,N/A,N/A,N/A,N/A,13387734484
Unnamed Spot,restaurant,12.8599776,77.5424451,Holiday Village Road,N/A,N/A,N/A,13388965901
Kudla,restaurant,12.9662614,77.5949219,N/A,N/A,N/A,N/A,13389960369
CMC Cafe,cafe,12.9765775,77.6270058,N/A,N/A,N/A,N/A,13390683361
Grumpy Girl Coffee,cafe,12.9749188,77.6362639,N/A,N/A,N/A,N/A,13392604832
Sakura Matcha Bar,cafe,12.9088904,77.594996,N/A,N/A,N/A,N/A,13396678726
Diha,cafe,12.9061301,77.5971061,N/A,N/A,N/A,N/A,13399242072
Ivory Tower,hotel,12.9753386,77.6050408,Mahatma Gandhi Road,+91 8041783333; +91 80 25589333,https://www.ivorytowerhotel.com/,ivorytower@aswati.com,13399327632
Annapoorani,restaurant,12.9159788,77.6510171,N/A,N/A,N/A,N/A,13401666866
Araku,cafe,12.9706847,77.6106744,N/A,N/A,N/A,N/A,13403844133
Starbucks,cafe,12.9962952,77.6952327,Whitefield Road,N/A,N/A,N/A,13406436965
IKOI TOKYO,restaurant,12.9036192,77.5859915,"24th Main Road, 5th Phase, J.P Nagar, Bengaluru, 560078",+917411174748,https://ikoitokyo.com,N/A,13408952364
Ishaara,restaurant,12.9966912,77.6967126,Bengaluru,N/A,N/A,N/A,13410133255
Ishaara,restaurant,12.9752675,77.6019756,Bengaluru,N/A,N/A,N/A,13410133256
Chalukya Samrat,restaurant,12.9285597,77.581973,N/A,N/A,N/A,N/A,13411808220
YU,bar,12.969793,77.6477851,N/A,N/A,N/A,N/A,13414951759
Paper & Pie,cafe,13.0603315,77.5925318,N/A,N/A,N/A,N/A,13428525784
1522,restaurant,13.0604757,77.5925547,N/A,N/A,N/A,N/A,13428525785
Hood,pub,12.9668158,77.6088394,N/A,N/A,N/A,N/A,13429805077
Third Wave Coffee Roasters,cafe,12.9945368,77.5397294,N/A,N/A,N/A,N/A,13430562422
Blue Tokai Coffee Roasters,cafe,12.9623612,77.7014722,N/A,N/A,https://bluetokaicoffee.com/,N/A,13434712638
Blue Tokai,cafe,13.0261753,77.5458107,N/A,N/A,N/A,N/A,13436974300
UPAR Hotels Near Bagmane Tech Park - Indiranagar,hotel,12.9769092,77.6539039,"4th Main Road, Bangalore, 560075",+919176509010,https://uparhotels.com/hotel/upar-hotels-near-bagmane-tech-park-indiranagar,N/A,13437492260
Naughtee Cafe,cafe,12.9033317,77.5173602,N/A,N/A,N/A,N/A,13437660234
Nishy's Neer Dosa,restaurant,12.9088246,77.632668,N/A,N/A,N/A,N/A,13438511397
Got Tea,cafe,13.0149065,77.5559094,N/A,N/A,N/A,N/A,13439886011
Daily Bakehouse,cafe,12.988467,77.5936266,N/A,N/A,N/A,N/A,13439978792
Cafe Amudham,restaurant,12.9695016,77.6477886,80 Feet Road,N/A,N/A,N/A,13442965101
Third Wave Coffee Roasters,cafe,13.0108596,77.5553075,N/A,N/A,N/A,N/A,13444583291
Bhartiya Jalpan,restaurant,12.9322363,77.7456691,N/A,N/A,N/A,N/A,13446704004
403 Forbidden,bar,12.9703785,77.6407039,N/A,N/A,N/A,N/A,13448235876
MTR 1924,restaurant,12.9721859,77.6009205,N/A,N/A,N/A,N/A,13450039301
Schezuan Dragon,restaurant,12.9400588,77.5643695,N/A,N/A,N/A,N/A,13455856137
Hanumanthanagar Biriyani Junction,restaurant,12.9401949,77.5643718,N/A,N/A,N/A,N/A,13455856140
City Walk,restaurant,12.9743628,77.6072976,N/A,N/A,N/A,N/A,13459600474
Hotel The Curzon Court,restaurant,12.9744205,77.6078621,N/A,N/A,N/A,N/A,13459600475
OM Shakthi Hotel,restaurant,12.9683382,77.704882,N/A,N/A,N/A,N/A,13459775801
Om Shakthi Hotel,restaurant,12.9684181,77.7048823,N/A,N/A,N/A,N/A,13459782401
Andhra Chillies,restaurant,12.9519735,77.7001841,N/A,N/A,N/A,N/A,13460698677
Anjappar,restaurant,12.9798613,77.7270942,N/A,N/A,N/A,N/A,13461596701
Cafe Levista,cafe,12.9813348,77.7275463,N/A,N/A,N/A,N/A,13461599601
Trippy Goat,cafe,12.973166,77.6143428,N/A,N/A,N/A,N/A,13461868322
Metro Cafe,cafe,12.9073997,77.5733618,N/A,N/A,N/A,N/A,13463427690
Meghana Foods,restaurant,12.9187785,77.6702136,Sarjapur Road,+918123323836,https://meghanafoods.in,feedback@meghanafoods.co.in,13464026401
Don't Tell Mama,bar,12.9158426,77.6344907,N/A,N/A,N/A,N/A,13468177653
KICO,bar,12.973308,77.6018138,N/A,N/A,N/A,N/A,13468335074
Olive Life RT Nagar by Embassy Group,hotel,13.0326546,77.610977,"1st Main Road, Bengaluru, 560032",+91 96328 88000,N/A,N/A,13469746301
Rosalba,hotel,12.9593175,77.650493,N/A,N/A,N/A,N/A,13470911967
Barbeque Nation,restaurant,13.0303926,77.5420082,N/A,N/A,https://www.barbequenation.com/,N/A,13473351120
Toms,restaurant,12.9670179,77.6063648,N/A,N/A,N/A,N/A,13481112035
Cafe Amudham,restaurant,13.0282328,77.5934519,N/A,N/A,https://cafeamudham.com/,N/A,13481184835
Udupi Express,restaurant,13.0250118,77.5875048,N/A,N/A,N/A,N/A,13481201995
Nisarga Grand,restaurant,13.0266598,77.5876107,N/A,N/A,N/A,N/A,13481207501
Biryani Loop,restaurant,13.026699,77.5874087,N/A,N/A,N/A,N/A,13481207503
Fit Cafe,cafe,13.1028399,77.5734121,N/A,N/A,N/A,N/A,13481413533
Swatis kitchen,restaurant,13.0248018,77.6995195,N/A,N/A,N/A,N/A,13481609377
The Smoke Meister,restaurant,13.0551627,77.6429732,N/A,N/A,N/A,N/A,13482008838
Skanda Cafe,restaurant,13.0838329,77.6365975,N/A,N/A,N/A,N/A,13483079782
Pandiyanaadu Virundhu,restaurant,13.0839844,77.6361725,N/A,N/A,N/A,N/A,13483115749
Calcutta Street,restaurant,13.0839841,77.6361579,N/A,N/A,N/A,N/A,13483115750
Shiva Ganga Comforts,hotel,12.9736941,77.576158,"Hospital Road, Bengaluru, 560053",+91 80 22254347,N/A,shivagangacomforts@gmail.com,13483468599
Koshe Kosha,restaurant,12.958836,77.7163204,N/A,N/A,N/A,N/A,13483948201
First Coffee,cafe,12.9218625,77.5849753,N/A,N/A,N/A,N/A,13485170358
Fast Coffee,cafe,12.9227412,77.5846644,N/A,N/A,N/A,N/A,13485240462
Aahara Bhavan,restaurant,12.964746,77.7174422,N/A,N/A,N/A,N/A,13495888432
Zamindar Biryani Durbar,restaurant,12.9649501,77.7177505,N/A,N/A,N/A,N/A,13495888437
Bagelstein,cafe,12.9356186,77.6252806,N/A,N/A,N/A,N/A,13509361280
Bagelstein,cafe,12.9491009,77.6436704,N/A,N/A,N/A,N/A,13509361281
Costa,cafe,13.0090229,77.5812208,N/A,N/A,N/A,N/A,13511696605
Bimbiz Resto Cafe,cafe,13.083557,77.63845,N/A,N/A,N/A,N/A,13512295236
Naked and Famous,bar,12.9340691,77.6233487,N/A,N/A,N/A,N/A,13513549957
Dome Cafe,cafe,12.9121669,77.6357893,N/A,N/A,N/A,N/A,13513823023
Toscano,restaurant,13.0834921,77.6438825,N/A,N/A,N/A,N/A,13516648443
Acharya Cafe,restaurant,12.9257467,77.573709,N/A,N/A,N/A,N/A,13518461092
Desi Chef,restaurant,13.0831713,77.6347171,N/A,N/A,N/A,N/A,13518618816
Hole in the Wall,cafe,12.9675841,77.6479361,1st Main Road,N/A,N/A,N/A,13519680301
Grill N Chill,restaurant,12.9295575,77.6308906,N/A,N/A,https://grillnchill.co.in/,N/A,13525479413
Open Hotel by Olive - Meet Me At,hotel,12.9267142,77.6390034,N/A,N/A,N/A,N/A,13525485180
Qulcha,cafe,12.9591915,77.7184486,8th Main Road,N/A,N/A,N/A,13525508606
Nothing Before Coffee,cafe,12.9615933,77.7163006,N/A,N/A,N/A,N/A,13525670851
Mr. Andhra Meals,restaurant,12.9713114,77.7067073,N/A,N/A,N/A,N/A,13528650110
Mr. Andhra Meals,restaurant,12.9714785,77.7066002,N/A,N/A,N/A,N/A,13528650111
Riyan's Tea Joint,cafe,13.0005558,77.6175765,N/A,N/A,N/A,N/A,13531518186
Boba Bhai,cafe,13.0830264,77.6437732,N/A,N/A,N/A,N/A,13532133223
Paradise,restaurant,12.9600263,77.6449347,N/A,N/A,N/A,N/A,13532197133
Covai Cafe,cafe,12.9842346,77.7337626,N/A,N/A,N/A,N/A,13533451301
Grazie The Cafe,cafe,12.9626241,77.6436053,N/A,N/A,N/A,N/A,13536074294
Uncle Peter Pancakes,cafe,12.9617266,77.6435467,N/A,N/A,N/A,N/A,13536102486
Champaran Handiwale,restaurant,12.9345862,77.6257702,"16th Main Road, 560034",+91 94732 27777,http://www.handiwale.com,N/A,13536791401
Chai Point,cafe,12.9844179,77.7037454,N/A,N/A,N/A,N/A,13541052229
Third Wave Coffee Roasters,cafe,12.9875909,77.7040297,N/A,N/A,N/A,N/A,13541052230
Babai Tiffins,restaurant,12.9182479,77.6447299,18th Main Road,+91 8050000612,https://www.babaitiffins.com/,N/A,13546510501
Blue Tokai Coffee Roasters,cafe,12.9633192,77.7095837,N/A,N/A,N/A,N/A,13556004528
Blue Tokai Coffe Roasters,cafe,12.9823696,77.7120386,N/A,N/A,N/A,N/A,13564652716
Adhira & Appa,restaurant,12.9195713,77.6682583,N/A,N/A,N/A,N/A,13566162873
Tim Hortons,cafe,12.9120206,77.647761,N/A,N/A,N/A,N/A,13566435717
Starbucks,cafe,12.9710328,77.7095095,560037,N/A,N/A,N/A,13580584794
Boba Bhai,cafe,12.9731117,77.7105281,N/A,N/A,N/A,N/A,13586092209
Jaga,restaurant,12.9731092,77.5109925,N/A,N/A,N/A,N/A,13588888209
Dark Cafe,cafe,12.9742825,77.5093422,N/A,N/A,N/A,N/A,13588888214
Rowwdy Cafe,cafe,12.9739954,77.50948,N/A,N/A,N/A,N/A,13588888215
Rexon Fish Boat,restaurant,12.9746623,77.5127976,20th Cross Road,N/A,N/A,N/A,13589034673
Yuki,restaurant,12.9126127,77.679919,N/A,N/A,N/A,N/A,13605378389
TMC - The Mysore Cafe,restaurant,12.9573813,77.7152296,N/A,N/A,N/A,N/A,13606186047
Matcha Café,cafe,12.9582986,77.7155302,N/A,N/A,N/A,N/A,13606196618
Ambur Hot Dum Biriyani,restaurant,12.9790982,77.6954712,N/A,N/A,N/A,N/A,13607088382
Raha You,cafe,12.9238366,77.5876117,"15th Main Road, Bengaluru, 560041",+916364461575,N/A,rahayou.blr@gmail.com,13609012402
Telugu Vilas,restaurant,12.9570409,77.7154423,N/A,N/A,N/A,N/A,13613924594
Shree Gokul Naivedyam,restaurant,12.9834677,77.7530404,N/A,N/A,N/A,N/A,13619667377
Atill,bar,12.9834356,77.7530214,N/A,N/A,N/A,N/A,13619667378
Ratna Sagar Vistar,restaurant,12.9834918,77.7529802,N/A,N/A,N/A,N/A,13619667379
Pizza No Cap,restaurant,12.9753559,77.6168242,N/A,N/A,N/A,N/A,13638889574
Bob's Bar,bar,12.9668872,77.7491557,N/A,N/A,N/A,N/A,13661482512
Olive Hotel,hotel,12.970713,77.6088063,N/A,N/A,N/A,N/A,13664351822
Thatha Tea,cafe,13.0216115,77.6475238,N/A,N/A,N/A,N/A,13666061352
Adyar Ananda Bhavan,restaurant,13.0019566,77.7129792,N/A,N/A,N/A,N/A,13683856892
Bakeyard: The Garden,cafe,12.9178,77.7345833,N/A,N/A,N/A,N/A,13683993581
Peppy Punjabis,restaurant,12.951074,77.7148037,N/A,N/A,N/A,N/A,13684679098
Absolute Barbeque,restaurant,13.0920181,77.5936932,N/A,N/A,N/A,N/A,13686424054
Nāvu,restaurant,12.9731359,77.6144747,N/A,+91 96869 78053,https://www.navu.in/,reservations@navu.in,13688604741
Brooks And Bonds,restaurant,12.9340541,77.6232958,N/A,N/A,N/A,N/A,13688767222
Yuki,restaurant,12.9341072,77.6232967,N/A,N/A,N/A,N/A,13688767224
Iron & Timber Lounge,pub,12.958988,77.7164729,N/A,N/A,N/A,N/A,13704842725
Amuktyamalyada,restaurant,12.9575455,77.7157058,N/A,N/A,N/A,N/A,13704864486
Sri Vishnu Park,restaurant,13.0800819,77.5591233,N/A,N/A,N/A,N/A,13705760212
The Rajputana,restaurant,12.9642977,77.7149896,N/A,N/A,N/A,N/A,13708631422
Sandwich2Poha,cafe,12.9646081,77.7148543,N/A,N/A,N/A,N/A,13708631423
California Burrito,restaurant,12.9648427,77.7156206,N/A,N/A,N/A,N/A,13708631425
Fridah,restaurant,12.9876588,77.7097126,N/A,N/A,N/A,N/A,13711738343
Sendhoor Coffee,cafe,13.0114288,77.6799489,N/A,N/A,N/A,N/A,13715721083
Homiga,restaurant,12.9730512,77.6061516,"Forum Rex Walk, Brigade Road, Ashok Nagar, Bangalore, 560001",+91 96113 39046,https://homiga.in/,team@homiga.in,13718542920
9889 Garden Bar and Kitchen,pub,13.1119053,77.5666979,N/A,N/A,N/A,N/A,13720415434
Castle Multicuisine Restaurant,restaurant,12.9227202,77.6144323,N/A,N/A,https://www.castlerestaurants.in/,compliance@castlerestaurants.in,13721928951
Punjabi Nukkad Pure Veg,restaurant,12.89797,77.6583941,N/A,N/A,N/A,N/A,13729135501
Phukas,restaurant,12.9577366,77.7086485,N/A,N/A,N/A,N/A,13730572420
Cafe Nuvio,cafe,13.0488198,77.6457641,N/A,N/A,N/A,N/A,13730703741
Shimray,restaurant,12.9486947,77.6272873,N/A,N/A,N/A,N/A,13731651391
Délifrance,restaurant,12.9587679,77.7156816,N/A,N/A,N/A,N/A,13739839133
Third Wave Coffee Roasters,cafe,13.0041718,77.6602519,N/A,N/A,N/A,N/A,13746237099
Ambur Star Sum Biryani,restaurant,12.9947849,77.6980823,N/A,N/A,N/A,N/A,13747713833
Nati Kitchen,restaurant,12.9946147,77.6986687,N/A,N/A,N/A,N/A,13747713834
Thatha Tea,cafe,12.9945163,77.6989488,N/A,N/A,N/A,N/A,13747713836
FOMO - Flavours of Modern Orient,restaurant,12.9790273,77.640582,N/A,N/A,N/A,N/A,13781654129
Oye Kake,restaurant,12.973366,77.6145069,N/A,N/A,N/A,N/A,13786979883
Mai Mai,restaurant,12.9731007,77.6146209,N/A,N/A,N/A,N/A,13786979884
Boteco,restaurant,12.9708684,77.7094126,N/A,N/A,https://boteco.co.in/,N/A,13798701153
Nagarjuna Restaurant,restaurant,12.9953866,77.6972291,N/A,N/A,N/A,N/A,13802835098
Cafe Lazy Lad,cafe,13.0191454,77.6472071,N/A,N/A,N/A,N/A,13807679741
Coffee Casa,cafe,13.0167935,77.6471454,N/A,N/A,N/A,N/A,13807679742
Brisket and Chops,restaurant,13.0180831,77.6544772,N/A,N/A,N/A,N/A,13807679743
Bubble Tea,cafe,12.9089825,77.6448007,N/A,N/A,N/A,N/A,13811113845
NEKTR,restaurant,13.0730364,77.5951691,N/A,N/A,N/A,N/A,13812866847
Yuki,pub,12.9896967,77.7327065,N/A,N/A,N/A,N/A,13816579185
Underdoggs,pub,12.9885997,77.7327508,N/A,N/A,N/A,N/A,13816579186
Issimo,cafe,12.9898441,77.7326897,N/A,N/A,N/A,N/A,13816579187
Chai Point,cafe,12.9895619,77.7327219,N/A,N/A,N/A,N/A,13816579188
Smash Guys,restaurant,12.947597,77.6918659,N/A,N/A,https://www.smashguys.in/,N/A,13816702096
Paris Panini,restaurant,12.9479342,77.6918873,N/A,N/A,N/A,N/A,13816702098
The Pizza Bakery,restaurant,12.9482741,77.6919463,N/A,N/A,N/A,N/A,13816702099
Bäcker & Charlie,cafe,12.9626572,77.6436102,"2nd Cross Road, Indiranagar, Bengaluru",N/A,N/A,N/A,13821556904
Dolci,cafe,12.9705043,77.5978029,N/A,N/A,N/A,N/A,13824117220
Hatti Kappi Signature,cafe,12.9706522,77.5978108,N/A,N/A,N/A,N/A,13824117221
LoopBlr,bar,12.9277062,77.6413304,N/A,N/A,N/A,N/A,13827766626
The Porcupine,pub,12.9802962,77.6410568,N/A,N/A,N/A,N/A,13827766627
Hilton,hotel,12.9312851,77.6885024,N/A,N/A,N/A,N/A,13850202525
Pizza 4P's,restaurant,12.9717928,77.7098286,N/A,N/A,N/A,N/A,13851712261
Orevia,cafe,12.9590374,77.7170519,N/A,N/A,N/A,N/A,13864433647
Brahma Brews,pub,12.9497928,77.7466232,N/A,N/A,N/A,N/A,13881397282
23rd Street Pizza,restaurant,12.9498529,77.7464756,N/A,N/A,N/A,N/A,13881397283
Araku,cafe,12.9499261,77.7463952,N/A,N/A,N/A,N/A,13881397284
Magnolia Bakery,cafe,12.9501222,77.7463013,N/A,N/A,N/A,N/A,13881397286
Nando's,restaurant,12.9502555,77.7462825,N/A,N/A,N/A,N/A,13881397287
Copper Chimney,restaurant,12.9504123,77.7462691,N/A,N/A,N/A,N/A,13881397288
Khao Aur Khane Do,restaurant,12.9642374,77.6400272,"Indiranagar Double Road, 560071",N/A,N/A,N/A,13887693501
Udupi Swada Veg,restaurant,12.9889345,77.7185872,N/A,N/A,N/A,N/A,13887819887
Cafe Zaffron,cafe,12.9891269,77.7184682,N/A,N/A,N/A,N/A,13887867408
Khanavali,restaurant,12.9869848,77.7389622,N/A,N/A,N/A,N/A,13890938501
Punjabi Grill,restaurant,12.9711799,77.7087985,N/A,N/A,N/A,N/A,13903741412
Omira,cafe,12.9702491,77.6394944,N/A,N/A,N/A,N/A,13911835540
Meat & Eat Family Restaurant,restaurant,12.9613003,77.6370183,N/A,N/A,N/A,N/A,13913682908
MRP Wine Shop,bar,12.9604369,77.638565,N/A,N/A,N/A,N/A,13913723415
Plume Cafe,cafe,12.9607342,77.6372443,N/A,N/A,N/A,N/A,13913726646
Sri Krishna Dosa Center,restaurant,12.9604486,77.6375258,N/A,N/A,N/A,N/A,13913731442
Three Monkeys Brewpub,bar,12.9926448,77.6612314,"Gopalan Signature Mall, Swamy Vivekananda Road",N/A,N/A,N/A,13923530030
Udupi Naivedhyam Cafe,restaurant,12.9138816,77.5858948,24th Main Road,N/A,N/A,N/A,13930795601
Paris Panini,restaurant,12.9568988,77.7319185,N/A,N/A,N/A,N/A,13934910343
Happiness Dhaaba,restaurant,13.0544307,77.6018627,N/A,N/A,N/A,N/A,13934926901
Chinita,restaurant,12.9569352,77.7322928,N/A,N/A,N/A,N/A,13934979733
The Pizza Bakery,restaurant,12.9568536,77.7320074,N/A,N/A,N/A,N/A,13934979735
California Burrito,restaurant,12.9566742,77.732012,N/A,N/A,N/A,N/A,13934979736
Third Wave Coffee Roasters,cafe,12.9222198,77.6693649,N/A,N/A,N/A,N/A,13938129904
Chianti,restaurant,12.9222418,77.6694437,N/A,N/A,N/A,N/A,13938129905
GroundUp Coffee,cafe,12.9915321,77.5796181,N/A,N/A,N/A,N/A,13944445643
Venify,restaurant,12.9839501,77.7040458,N/A,N/A,N/A,N/A,13945642501
Cafe Graze,cafe,12.9742763,77.6567157,1st Main Road,+91 72593 53733,https://natureville.in/cafe-graze/,N/A,13949218096
Chestnut & Cane,hotel,12.959017,77.7169995,N/A,N/A,N/A,N/A,13949218609
Simple Thindies,restaurant,12.9405494,77.5462401,"80 Feet Road, 560085",+919845179532,N/A,N/A,13955133701
Meows & Muffins - Cat Café,cafe,13.0680138,77.5796321,560097,N/A,N/A,N/A,13955577503
Lavonne Cafe,cafe,12.9965109,77.5948584,N/A,N/A,N/A,N/A,13956846705
BUNGEO,cafe,12.9749503,77.6362628,N/A,N/A,N/A,N/A,13959537901
Goan POIEE,restaurant,12.913639,77.6490788,N/A,N/A,N/A,N/A,13959538001
Davanagere Benne Dosa Mane,restaurant,12.9107563,77.5789615,N/A,N/A,N/A,N/A,13961825702
Anthara,restaurant,12.9696742,77.7003728,N/A,N/A,N/A,N/A,13962747991
Little Baghdad,restaurant,13.0144231,77.6394368,560084,N/A,N/A,N/A,13964589901
The Leaf Table,restaurant,12.9693672,77.6416011,N/A,N/A,N/A,N/A,13964758432
Go Native Koramangala,restaurant,12.9247288,77.6190681,Mahayogi Vemana Road,N/A,N/A,N/A,13964762819
The Lean Kafe,cafe,12.9344924,77.6177435,N/A,N/A,N/A,N/A,13964773250
Uttam Sagar,restaurant,13.0120028,77.6671738,N/A,N/A,N/A,N/A,13968483244
Udupi Mane Thindi,restaurant,13.0119883,77.6673519,N/A,N/A,N/A,N/A,13968496885
New Kadai,restaurant,13.0122119,77.6674544,N/A,N/A,N/A,N/A,13968496886
Pind Punjabi,restaurant,13.0119736,77.6674709,N/A,N/A,N/A,N/A,13968510936
The 11th Bean Cafe,cafe,12.9370412,77.5770397,N/A,N/A,N/A,N/A,13969532999
Udupi Garden,restaurant,13.0670502,77.6079925,18th Cross Rd.,090353 23899,N/A,N/A,13972255326
Swasthya Cafe,cafe,12.9755715,77.5712248,N/A,N/A,N/A,N/A,13982059521
Bloom Hotel,hotel,13.0107284,77.5504233,N/A,N/A,N/A,N/A,13986454807
Blue Tokai,cafe,12.9338618,77.6215007,N/A,N/A,N/A,N/A,13987851130
Iris Cafe,cafe,12.9231945,77.5852524,N/A,N/A,N/A,N/A,13988540707
